{
"type": "FeatureCollection",
"name": "bhuvan_lulc",
"crs": { "type": "name", "properties": { "name": "urn:ogc:def:crs:OGC:1.3:CRS84" } },
"features": [
{ "type": "Feature", "properties": { "land_type": "Wetland", "source": "OpenStreetMap (Overpass, Dahisar extract)", "priority": 100 }, "geometry": { "type": "Polygon", "coordinates": [ [ [ 72.8477382, 19.2689152 ], [ 72.8475773, 19.2690874 ], [ 72.847614, 19.2695907 ], [ 72.847614, 19.2697832 ], [ 72.8476247, 19.2699959 ], [ 72.8476569, 19.2702085 ], [ 72.8476998, 19.2704111 ], [ 72.8477749, 19.2705934 ], [ 72.8478715, 19.2707554 ], [ 72.8479788, 19.270877 ], [ 72.8482041, 19.27112 ], [ 72.8483221, 19.2713023 ], [ 72.8485581, 19.271353 ], [ 72.8488371, 19.2713023 ], [ 72.848998, 19.2712517 ], [ 72.8492019, 19.2711909 ], [ 72.8495023, 19.2710998 ], [ 72.8497061, 19.2710188 ], [ 72.8499529, 19.2709276 ], [ 72.8501889, 19.2708668 ], [ 72.850382, 19.2708162 ], [ 72.8505859, 19.2707656 ], [ 72.8508219, 19.2707149 ], [ 72.8509721, 19.2706947 ], [ 72.8511438, 19.2706845 ], [ 72.8513584, 19.2706744 ], [ 72.8515515, 19.2706744 ], [ 72.8517017, 19.2706744 ], [ 72.8518304, 19.2705731 ], [ 72.8519163, 19.2705124 ], [ 72.8519914, 19.2703908 ], [ 72.8519699, 19.2702997 ], [ 72.8520235, 19.2702389 ], [ 72.8521201, 19.2701782 ], [ 72.8522381, 19.2701073 ], [ 72.8523454, 19.2700667 ], [ 72.8525278, 19.2700465 ], [ 72.8526995, 19.270087 ], [ 72.8528282, 19.2701376 ], [ 72.8530106, 19.2701984 ], [ 72.8531286, 19.2702896 ], [ 72.8532252, 19.2703908 ], [ 72.8532895, 19.2705022 ], [ 72.8533646, 19.2706339 ], [ 72.8534505, 19.2708061 ], [ 72.8534827, 19.2709276 ], [ 72.8535363, 19.271039 ], [ 72.8536114, 19.2711302 ], [ 72.8536114, 19.2712517 ], [ 72.8536007, 19.2713428 ], [ 72.8536651, 19.2714137 ], [ 72.8536865, 19.2715454 ], [ 72.8536972, 19.2716872 ], [ 72.8537723, 19.2718087 ], [ 72.8538474, 19.2719201 ], [ 72.8538796, 19.2720416 ], [ 72.8539547, 19.2721632 ], [ 72.8540191, 19.2723151 ], [ 72.8541157, 19.2724468 ], [ 72.8541908, 19.2725683 ], [ 72.8542873, 19.2726594 ], [ 72.8543946, 19.2728215 ], [ 72.8544912, 19.2729329 ], [ 72.8546414, 19.2730544 ], [ 72.8547916, 19.2731557 ], [ 72.854974, 19.2732468 ], [ 72.8551134, 19.2733278 ], [ 72.8552422, 19.2734393 ], [ 72.8553495, 19.2735405 ], [ 72.8554675, 19.2736317 ], [ 72.8555855, 19.2737026 ], [ 72.8561675, 19.2736203 ], [ 72.8562721, 19.2735216 ], [ 72.8564049, 19.2734633 ], [ 72.8569749, 19.273376 ], [ 72.856987, 19.2734773 ], [ 72.8570164, 19.2736203 ], [ 72.8580392, 19.2733254 ], [ 72.859523, 19.2721733 ], [ 72.859523, 19.2718492 ], [ 72.8598019, 19.2717581 ], [ 72.8599092, 19.2715859 ], [ 72.8604398, 19.2715172 ], [ 72.8601797, 19.271021 ], [ 72.8598878, 19.2697832 ], [ 72.8596196, 19.2694895 ], [ 72.8606817, 19.2688514 ], [ 72.8610143, 19.2691553 ], [ 72.8614835, 19.2705628 ], [ 72.8614971, 19.2706035 ], [ 72.8619544, 19.2703698 ], [ 72.8619529, 19.2704813 ], [ 72.8619477, 19.2708846 ], [ 72.8628973, 19.2708956 ], [ 72.8630318, 19.2708972 ], [ 72.8631636, 19.2711562 ], [ 72.8640398, 19.2714644 ], [ 72.8646836, 19.2716669 ], [ 72.8651771, 19.271829 ], [ 72.8652415, 19.2723961 ], [ 72.8652844, 19.2731658 ], [ 72.8651767, 19.2740262 ], [ 72.8649411, 19.2746039 ], [ 72.8649625, 19.2751305 ], [ 72.8651401, 19.2755555 ], [ 72.865499, 19.2756167 ], [ 72.8657142, 19.2759348 ], [ 72.8657994, 19.2759205 ], [ 72.8657779, 19.2762648 ], [ 72.8656921, 19.2765484 ], [ 72.8659925, 19.2766902 ], [ 72.8662929, 19.2765281 ], [ 72.8663787, 19.276204 ], [ 72.8662285, 19.2759002 ], [ 72.8659925, 19.2752521 ], [ 72.8661641, 19.2742393 ], [ 72.8662929, 19.2738545 ], [ 72.8659799, 19.2735058 ], [ 72.8656706, 19.2732266 ], [ 72.8655204, 19.2724366 ], [ 72.8659281, 19.2721328 ], [ 72.8672156, 19.2711808 ], [ 72.8672585, 19.2708567 ], [ 72.8686318, 19.2698034 ], [ 72.8691253, 19.2693983 ], [ 72.8694043, 19.2690337 ], [ 72.8695974, 19.2685678 ], [ 72.8696188, 19.2678791 ], [ 72.8671727, 19.2684666 ], [ 72.8668722, 19.268183 ], [ 72.866765, 19.2674133 ], [ 72.8669581, 19.2669271 ], [ 72.8669155, 19.2665351 ], [ 72.8666362, 19.2661574 ], [ 72.8669015, 19.2658807 ], [ 72.8668834, 19.2654249 ], [ 72.8669017, 19.2648924 ], [ 72.8673229, 19.264699 ], [ 72.8666791, 19.2640103 ], [ 72.8662714, 19.2636862 ], [ 72.8660139, 19.2639697 ], [ 72.8651771, 19.2642533 ], [ 72.8648123, 19.2638482 ], [ 72.8646782, 19.2626871 ], [ 72.8645253, 19.2620263 ], [ 72.8643979, 19.2618344 ], [ 72.8636989, 19.2616672 ], [ 72.8629916, 19.2616929 ], [ 72.8629395, 19.2615227 ], [ 72.8626023, 19.2615067 ], [ 72.8626392, 19.2617501 ], [ 72.8628597, 19.2619039 ], [ 72.8636395, 19.2618581 ], [ 72.8642532, 19.2620167 ], [ 72.8644232, 19.2623509 ], [ 72.8645319, 19.2628574 ], [ 72.8644835, 19.2631656 ], [ 72.8642973, 19.263281 ], [ 72.8638896, 19.2634431 ], [ 72.8635598, 19.2634288 ], [ 72.8633894, 19.2633191 ], [ 72.8627658, 19.2627503 ], [ 72.8623232, 19.2625923 ], [ 72.8620228, 19.2626936 ], [ 72.8618324, 19.2629427 ], [ 72.8614355, 19.2633276 ], [ 72.8611243, 19.263601 ], [ 72.8608454, 19.2638947 ], [ 72.8605128, 19.2640669 ], [ 72.8599012, 19.2633782 ], [ 72.8599194, 19.2628666 ], [ 72.8595563, 19.2623959 ], [ 72.8590829, 19.2622167 ], [ 72.8591078, 19.2615243 ], [ 72.8593677, 19.2608147 ], [ 72.859332, 19.2603923 ], [ 72.8590255, 19.2604137 ], [ 72.8589336, 19.2604171 ], [ 72.8587763, 19.2604294 ], [ 72.8580824, 19.2605126 ], [ 72.8574756, 19.260406 ], [ 72.8562107, 19.2605726 ], [ 72.8563513, 19.2615191 ], [ 72.8550661, 19.2615955 ], [ 72.8549319, 19.2617966 ], [ 72.8547295, 19.2618593 ], [ 72.8545899, 19.2621725 ], [ 72.8545081, 19.2623523 ], [ 72.8543257, 19.2627979 ], [ 72.8542292, 19.2631625 ], [ 72.8541326, 19.2634866 ], [ 72.854036, 19.2637905 ], [ 72.8539824, 19.2640335 ], [ 72.8539502, 19.2642462 ], [ 72.8539717, 19.2644285 ], [ 72.8540146, 19.2646108 ], [ 72.8540897, 19.264702 ], [ 72.8542399, 19.2647628 ], [ 72.8542184, 19.2649451 ], [ 72.8542935, 19.2651578 ], [ 72.8543794, 19.2653705 ], [ 72.8545296, 19.2655122 ], [ 72.8546905, 19.2655629 ], [ 72.8547227, 19.2657148 ], [ 72.8545939, 19.2658363 ], [ 72.8544974, 19.2659984 ], [ 72.8544223, 19.2662212 ], [ 72.8544223, 19.2664541 ], [ 72.8544545, 19.2667681 ], [ 72.8543257, 19.2670922 ], [ 72.8540682, 19.2673049 ], [ 72.8538536, 19.2675378 ], [ 72.8535103, 19.2678012 ], [ 72.8531455, 19.2679835 ], [ 72.8528237, 19.2681658 ], [ 72.8524374, 19.2681658 ], [ 72.8520512, 19.2681455 ], [ 72.8517079, 19.2683076 ], [ 72.8514826, 19.2685202 ], [ 72.8513324, 19.2687228 ], [ 72.8511285, 19.2690368 ], [ 72.8509676, 19.2694621 ], [ 72.8507208, 19.2698368 ], [ 72.8504526, 19.27009 ], [ 72.85012, 19.2703027 ], [ 72.8497123, 19.2703939 ], [ 72.849369, 19.2702318 ], [ 72.8490686, 19.2700698 ], [ 72.8489613, 19.2698267 ], [ 72.8486823, 19.2695229 ], [ 72.8483176, 19.2691583 ], [ 72.8479731, 19.2690127 ], [ 72.8477382, 19.2689152 ] ] ] } },
{ "type": "Feature", "properties": { "land_type": "Water Body", "source": "OpenStreetMap (Overpass, Dahisar extract)", "priority": 95 }, "geometry": { "type": "Polygon", "coordinates": [ [ [ 72.8401253, 19.2680513 ], [ 72.8410158, 19.2682032 ], [ 72.8416166, 19.2681627 ], [ 72.8422388, 19.2679602 ], [ 72.8429684, 19.2677576 ], [ 72.8438053, 19.2674943 ], [ 72.8442877, 19.2673891 ], [ 72.8443632, 19.2673727 ], [ 72.8449854, 19.2673525 ], [ 72.8454575, 19.2673727 ], [ 72.845951, 19.2675348 ], [ 72.8463864, 19.2679227 ], [ 72.8466503, 19.2682225 ], [ 72.8470945, 19.2685911 ], [ 72.8472769, 19.268895 ], [ 72.8473734, 19.2690975 ], [ 72.8475773, 19.2690874 ], [ 72.8477382, 19.2689152 ], [ 72.847751, 19.2686728 ], [ 72.8477597, 19.2684493 ], [ 72.8474378, 19.268024 ], [ 72.8472438, 19.267818 ], [ 72.8466653, 19.2672948 ], [ 72.8461441, 19.2670081 ], [ 72.8456077, 19.2669271 ], [ 72.8449854, 19.2668056 ], [ 72.8443846, 19.2668461 ], [ 72.843698, 19.2669879 ], [ 72.8429899, 19.267231 ], [ 72.8424105, 19.267393 ], [ 72.8418526, 19.2675145 ], [ 72.8413162, 19.2676361 ], [ 72.840651, 19.2675551 ], [ 72.8401145, 19.2672512 ], [ 72.8396854, 19.2668866 ], [ 72.8390202, 19.2662384 ], [ 72.8385052, 19.2657928 ], [ 72.8379044, 19.2652459 ], [ 72.8374323, 19.2646382 ], [ 72.8369817, 19.2641115 ], [ 72.8366813, 19.2637469 ], [ 72.8367993, 19.2634127 ], [ 72.8367204, 19.2633233 ], [ 72.8366652, 19.2632608 ], [ 72.8364882, 19.2635444 ], [ 72.8361449, 19.2629772 ], [ 72.8358123, 19.2622632 ], [ 72.835654, 19.2617416 ], [ 72.8355472, 19.2611164 ], [ 72.8356195, 19.2610864 ], [ 72.8356056, 19.2608565 ], [ 72.835477, 19.2607059 ], [ 72.8354743, 19.2601944 ], [ 72.8355655, 19.2596348 ], [ 72.8357372, 19.2591689 ], [ 72.8361019, 19.2586828 ], [ 72.8364238, 19.2582169 ], [ 72.8367457, 19.2577915 ], [ 72.8370032, 19.2575686 ], [ 72.8373036, 19.257285 ], [ 72.837486, 19.2570723 ], [ 72.8376946, 19.2568468 ], [ 72.8380385, 19.2565102 ], [ 72.8383335, 19.2562519 ], [ 72.8387117, 19.2555885 ], [ 72.8392068, 19.2547129 ], [ 72.8394038, 19.2545355 ], [ 72.8394783, 19.2545948 ], [ 72.8395295, 19.254532 ], [ 72.8396543, 19.2543789 ], [ 72.8396185, 19.2540957 ], [ 72.8397333, 19.2533259 ], [ 72.8399177, 19.2533111 ], [ 72.839924, 19.253275 ], [ 72.8399297, 19.2532428 ], [ 72.8397387, 19.2531334 ], [ 72.8396195, 19.2525044 ], [ 72.8391529, 19.2513851 ], [ 72.8385575, 19.250585 ], [ 72.8389555, 19.2501328 ], [ 72.8388814, 19.2500086 ], [ 72.8388192, 19.2499043 ], [ 72.8384716, 19.249955 ], [ 72.837844, 19.2496875 ], [ 72.8367175, 19.2490099 ], [ 72.835666, 19.2486595 ], [ 72.8355684, 19.2484795 ], [ 72.83542, 19.2483997 ], [ 72.8353168, 19.2483442 ], [ 72.8351363, 19.2484143 ], [ 72.8344697, 19.2483293 ], [ 72.8308411, 19.2471053 ], [ 72.830794, 19.2470894 ], [ 72.82969, 19.2467754 ], [ 72.8283372, 19.2460066 ], [ 72.8274209, 19.2451649 ], [ 72.8265015, 19.2431492 ], [ 72.8261452, 19.2417371 ], [ 72.8257324, 19.2404372 ], [ 72.825153, 19.2389466 ], [ 72.8244611, 19.2385733 ], [ 72.823914, 19.2370843 ], [ 72.8238961, 19.2363781 ], [ 72.823688, 19.2361278 ], [ 72.8236296, 19.2356914 ], [ 72.823077, 19.2346379 ], [ 72.8235331, 19.2342885 ], [ 72.8238656, 19.2335996 ], [ 72.8237558, 19.2335371 ], [ 72.8234134, 19.2337112 ], [ 72.8232809, 19.2336401 ], [ 72.8224226, 19.2330577 ], [ 72.8214785, 19.2317154 ], [ 72.8209527, 19.2308543 ], [ 72.8199496, 19.2295678 ], [ 72.819322, 19.2286662 ], [ 72.8181579, 19.2274202 ], [ 72.8175034, 19.2267414 ], [ 72.8164574, 19.2257335 ], [ 72.814671, 19.2246039 ], [ 72.8150036, 19.2242544 ], [ 72.8147086, 19.2239859 ], [ 72.814439, 19.2240747 ], [ 72.814045, 19.2240533 ], [ 72.8133192, 19.2237124 ], [ 72.8127559, 19.2230489 ], [ 72.811919, 19.2216205 ], [ 72.8113666, 19.2208657 ], [ 72.8109589, 19.2203592 ], [ 72.8108515, 19.2198527 ], [ 72.8107174, 19.2187737 ], [ 72.8106155, 19.218024 ], [ 72.8104546, 19.2171426 ], [ 72.8105351, 19.2167222 ], [ 72.810712, 19.2164639 ], [ 72.8108033, 19.2161852 ], [ 72.8109159, 19.2158205 ], [ 72.8109696, 19.2154659 ], [ 72.8109535, 19.2149949 ], [ 72.8108998, 19.2144224 ], [ 72.8105458, 19.213921 ], [ 72.8102669, 19.2134802 ], [ 72.8100469, 19.2131358 ], [ 72.8100415, 19.2128217 ], [ 72.809921, 19.2127819 ], [ 72.8098269, 19.2127508 ], [ 72.8095641, 19.2127254 ], [ 72.8092369, 19.2125177 ], [ 72.8088399, 19.2122695 ], [ 72.8085449, 19.2121936 ], [ 72.808046, 19.2118466 ], [ 72.8080245, 19.211654 ], [ 72.8081586, 19.2113881 ], [ 72.8080468, 19.2113425 ], [ 72.8078851, 19.2112766 ], [ 72.8075793, 19.2113019 ], [ 72.8073379, 19.2113222 ], [ 72.8069462, 19.2113729 ], [ 72.806442, 19.2109271 ], [ 72.8060504, 19.2103851 ], [ 72.8055193, 19.2097671 ], [ 72.8049775, 19.2091997 ], [ 72.8043606, 19.2085868 ], [ 72.8039261, 19.2078243 ], [ 72.8034205, 19.2070645 ], [ 72.8027567, 19.2060032 ], [ 72.8025957, 19.2051015 ], [ 72.8026279, 19.2044834 ], [ 72.8028532, 19.2039566 ], [ 72.8025636, 19.2033284 ], [ 72.8022524, 19.2024874 ], [ 72.8014691, 19.2014945 ], [ 72.8009971, 19.2006637 ], [ 72.8002103, 19.1991813 ], [ 72.8000397, 19.1991411 ], [ 72.7999413, 19.1993221 ], [ 72.7998201, 19.1992565 ], [ 72.7994844, 19.1993364 ], [ 72.7989425, 19.1994225 ], [ 72.7982961, 19.1994833 ], [ 72.7977624, 19.1995684 ], [ 72.7973762, 19.1993657 ], [ 72.7970383, 19.1990769 ], [ 72.7963624, 19.1984538 ], [ 72.7963405, 19.1980306 ], [ 72.796595, 19.1971296 ], [ 72.7949735, 19.1971114 ], [ 72.7938193, 19.1970985 ], [ 72.7937077, 19.1973984 ], [ 72.7935875, 19.1976416 ], [ 72.7934845, 19.1978848 ], [ 72.7933901, 19.1981198 ], [ 72.7931584, 19.1983873 ], [ 72.7927668, 19.1985708 ], [ 72.7925607, 19.1989233 ], [ 72.7924955, 19.1989888 ], [ 72.7924678, 19.199009 ], [ 72.7924292, 19.1990398 ], [ 72.7922661, 19.1990466 ], [ 72.7918291, 19.2005748 ], [ 72.7915962, 19.2023404 ], [ 72.7916569, 19.2025943 ], [ 72.7919098, 19.2036526 ], [ 72.7923068, 19.2045037 ], [ 72.7926591, 19.2049784 ], [ 72.7931956, 19.2055356 ], [ 72.7938946, 19.206297 ], [ 72.7944311, 19.2068745 ], [ 72.7950641, 19.2072798 ], [ 72.795791, 19.2073077 ], [ 72.7959584, 19.2074477 ], [ 72.7959301, 19.2079689 ], [ 72.7965768, 19.2087387 ], [ 72.7973815, 19.2098937 ], [ 72.7980681, 19.2110082 ], [ 72.7989962, 19.2122442 ], [ 72.7996024, 19.2128368 ], [ 72.8004285, 19.2137234 ], [ 72.8018876, 19.2153697 ], [ 72.8025421, 19.2155166 ], [ 72.8033025, 19.2164418 ], [ 72.8037262, 19.2171105 ], [ 72.8040159, 19.2177994 ], [ 72.8040159, 19.2183667 ], [ 72.8038872, 19.2190556 ], [ 72.8035868, 19.2197445 ], [ 72.8032435, 19.2201903 ], [ 72.8027285, 19.2206766 ], [ 72.8034065, 19.2219085 ], [ 72.8038872, 19.2215519 ], [ 72.804488, 19.221098 ], [ 72.8047798, 19.2208792 ], [ 72.805003, 19.2208792 ], [ 72.805106, 19.2210818 ], [ 72.8052605, 19.2213898 ], [ 72.8054665, 19.2216896 ], [ 72.8056639, 19.2221192 ], [ 72.8066912, 19.2235674 ], [ 72.8079982, 19.2251877 ], [ 72.8077897, 19.2255056 ], [ 72.8078814, 19.2256754 ], [ 72.8083246, 19.2254906 ], [ 72.8086937, 19.2257581 ], [ 72.8089941, 19.2258959 ], [ 72.8092345, 19.2262443 ], [ 72.8096121, 19.2265118 ], [ 72.8098353, 19.2269332 ], [ 72.8101099, 19.2272169 ], [ 72.8104103, 19.2274033 ], [ 72.810582, 19.2276788 ], [ 72.8107537, 19.2279706 ], [ 72.8109854, 19.2281083 ], [ 72.8112086, 19.2285136 ], [ 72.8115261, 19.2287 ], [ 72.811672, 19.2289755 ], [ 72.8122385, 19.2291619 ], [ 72.8124445, 19.2294861 ], [ 72.8127878, 19.2296238 ], [ 72.8139294, 19.2302235 ], [ 72.8148564, 19.2306693 ], [ 72.8158327, 19.2316104 ], [ 72.8163649, 19.2321847 ], [ 72.8166094, 19.2326912 ], [ 72.8166641, 19.2329596 ], [ 72.8167372, 19.232974 ], [ 72.8167929, 19.232985 ], [ 72.8169549, 19.2327217 ], [ 72.8173454, 19.2331916 ], [ 72.8178068, 19.2339211 ], [ 72.8184227, 19.2348388 ], [ 72.8188046, 19.2359369 ], [ 72.8188818, 19.2361719 ], [ 72.8185127, 19.236415 ], [ 72.8185814, 19.2366986 ], [ 72.8190535, 19.2365609 ], [ 72.8193968, 19.2368202 ], [ 72.819826, 19.2377764 ], [ 72.8205384, 19.2397213 ], [ 72.8208559, 19.2406695 ], [ 72.8210963, 19.2415366 ], [ 72.8214396, 19.2424117 ], [ 72.8213967, 19.243449 ], [ 72.8208559, 19.2440324 ], [ 72.8217668, 19.2450282 ], [ 72.8221949, 19.2445328 ], [ 72.822373, 19.2445065 ], [ 72.8224921, 19.244547 ], [ 72.8230714, 19.2453938 ], [ 72.8236165, 19.2460846 ], [ 72.8243664, 19.2468281 ], [ 72.8255262, 19.2478704 ], [ 72.8266431, 19.2486554 ], [ 72.8281032, 19.2493432 ], [ 72.8289562, 19.2498091 ], [ 72.8296697, 19.2506853 ], [ 72.82973, 19.2506438 ], [ 72.8298045, 19.2506552 ], [ 72.8294754, 19.2496217 ], [ 72.8300022, 19.2495002 ], [ 72.8323143, 19.2501089 ], [ 72.8339161, 19.2503652 ], [ 72.8352154, 19.2508017 ], [ 72.8361767, 19.251374 ], [ 72.8370007, 19.2520385 ], [ 72.8373183, 19.2524679 ], [ 72.8376187, 19.2530919 ], [ 72.8378332, 19.2536834 ], [ 72.8379191, 19.2542101 ], [ 72.8379191, 19.2546801 ], [ 72.8378332, 19.2551014 ], [ 72.8376358, 19.2555714 ], [ 72.8370675, 19.256333 ], [ 72.8365526, 19.2568191 ], [ 72.8360805, 19.257204 ], [ 72.835544, 19.2578522 ], [ 72.8351149, 19.2583992 ], [ 72.8347716, 19.2590271 ], [ 72.8345355, 19.2597564 ], [ 72.8345355, 19.2608097 ], [ 72.8346857, 19.2616605 ], [ 72.8350291, 19.2625518 ], [ 72.8352222, 19.2633621 ], [ 72.8359947, 19.2643749 ], [ 72.8365311, 19.2650028 ], [ 72.8370461, 19.265651 ], [ 72.8376254, 19.2662384 ], [ 72.838119, 19.2667043 ], [ 72.8388914, 19.267312 ], [ 72.8393421, 19.2677374 ], [ 72.8397927, 19.2680209 ], [ 72.8401253, 19.2680513 ] ] ] } },
{ "type": "Feature", "properties": { "land_type": "Water Body", "source": "OpenStreetMap (Overpass, Dahisar extract)", "priority": 95 }, "geometry": { "type": "Polygon", "coordinates": [ [ [ 72.8528282, 19.2701376 ], [ 72.8526995, 19.270087 ], [ 72.8525278, 19.2700465 ], [ 72.8523454, 19.2700667 ], [ 72.8522381, 19.2701073 ], [ 72.8521201, 19.2701782 ], [ 72.8520235, 19.2702389 ], [ 72.8519699, 19.2702997 ], [ 72.8519914, 19.2703908 ], [ 72.8519163, 19.2705124 ], [ 72.8518304, 19.2705731 ], [ 72.8517017, 19.2706744 ], [ 72.8515515, 19.2706744 ], [ 72.8513584, 19.2706744 ], [ 72.8511438, 19.2706845 ], [ 72.8509721, 19.2706947 ], [ 72.8508219, 19.2707149 ], [ 72.8505859, 19.2707656 ], [ 72.850382, 19.2708162 ], [ 72.8501889, 19.2708668 ], [ 72.8499529, 19.2709276 ], [ 72.8497061, 19.2710188 ], [ 72.8495023, 19.2710998 ], [ 72.8492019, 19.2711909 ], [ 72.848998, 19.2712517 ], [ 72.8488371, 19.2713023 ], [ 72.8485581, 19.271353 ], [ 72.8483221, 19.2713023 ], [ 72.8482041, 19.27112 ], [ 72.8479788, 19.270877 ], [ 72.8478715, 19.2707554 ], [ 72.8477749, 19.2705934 ], [ 72.8476998, 19.2704111 ], [ 72.8476569, 19.2702085 ], [ 72.8476247, 19.2699959 ], [ 72.847614, 19.2697832 ], [ 72.847614, 19.2695907 ], [ 72.8475773, 19.2690874 ], [ 72.8473734, 19.2690975 ], [ 72.8473458, 19.26953 ], [ 72.8473458, 19.2697832 ], [ 72.8473458, 19.2700262 ], [ 72.8473672, 19.270168 ], [ 72.8474316, 19.2704313 ], [ 72.8474745, 19.2706643 ], [ 72.8475496, 19.2708162 ], [ 72.8477213, 19.2710086 ], [ 72.84785, 19.2711909 ], [ 72.8479466, 19.2713125 ], [ 72.8481075, 19.2714644 ], [ 72.8482255, 19.2715555 ], [ 72.8482041, 19.2717378 ], [ 72.8482597, 19.2717499 ], [ 72.8483435, 19.2717682 ], [ 72.8483435, 19.2716872 ], [ 72.8483328, 19.2715656 ], [ 72.848365, 19.2714948 ], [ 72.8484508, 19.2714948 ], [ 72.8485689, 19.271515 ], [ 72.8488693, 19.2714644 ], [ 72.8490195, 19.271434 ], [ 72.8492448, 19.2713327 ], [ 72.8495344, 19.2712719 ], [ 72.8496954, 19.2712112 ], [ 72.8499207, 19.2711504 ], [ 72.8501138, 19.2710998 ], [ 72.8503284, 19.2709985 ], [ 72.8505322, 19.2709479 ], [ 72.8507575, 19.2708972 ], [ 72.8509721, 19.270877 ], [ 72.8511867, 19.2708567 ], [ 72.8514335, 19.2708567 ], [ 72.8515944, 19.2708567 ], [ 72.8517446, 19.2708365 ], [ 72.8518626, 19.2707656 ], [ 72.8519699, 19.2706542 ], [ 72.8520772, 19.2705833 ], [ 72.8521523, 19.2705022 ], [ 72.8522703, 19.2704313 ], [ 72.8524527, 19.2703098 ], [ 72.8526244, 19.2702592 ], [ 72.8527853, 19.2702794 ], [ 72.8529248, 19.2703908 ], [ 72.8529999, 19.2705225 ], [ 72.8531286, 19.2706542 ], [ 72.8531715, 19.2708466 ], [ 72.8532359, 19.2709782 ], [ 72.8533217, 19.27112 ], [ 72.8534397, 19.2714137 ], [ 72.8534505, 19.2715555 ], [ 72.8535041, 19.2718087 ], [ 72.8536114, 19.2719606 ], [ 72.8537294, 19.2721227 ], [ 72.8537723, 19.2722645 ], [ 72.8538582, 19.2724062 ], [ 72.8539976, 19.2726088 ], [ 72.8540835, 19.2727708 ], [ 72.8542122, 19.2729227 ], [ 72.8543195, 19.2730341 ], [ 72.8544697, 19.2731658 ], [ 72.8546306, 19.2732873 ], [ 72.8548667, 19.2734393 ], [ 72.8551027, 19.2735912 ], [ 72.8555211, 19.2738747 ], [ 72.8556821, 19.2738849 ], [ 72.8559181, 19.2738849 ], [ 72.8560576, 19.2738545 ], [ 72.8564183, 19.2738469 ], [ 72.8565766, 19.2737291 ], [ 72.8570164, 19.2736203 ], [ 72.856987, 19.2734773 ], [ 72.8569749, 19.273376 ], [ 72.8564049, 19.2734633 ], [ 72.8562721, 19.2735216 ], [ 72.8561675, 19.2736203 ], [ 72.8555855, 19.2737026 ], [ 72.8554675, 19.2736317 ], [ 72.8553495, 19.2735405 ], [ 72.8552422, 19.2734393 ], [ 72.8551134, 19.2733278 ], [ 72.854974, 19.2732468 ], [ 72.8547916, 19.2731557 ], [ 72.8546414, 19.2730544 ], [ 72.8544912, 19.2729329 ], [ 72.8543946, 19.2728215 ], [ 72.8542873, 19.2726594 ], [ 72.8541908, 19.2725683 ], [ 72.8541157, 19.2724468 ], [ 72.8540191, 19.2723151 ], [ 72.8539547, 19.2721632 ], [ 72.8538796, 19.2720416 ], [ 72.8538474, 19.2719201 ], [ 72.8537723, 19.2718087 ], [ 72.8536972, 19.2716872 ], [ 72.8536865, 19.2715454 ], [ 72.8536651, 19.2714137 ], [ 72.8536007, 19.2713428 ], [ 72.8536114, 19.2712517 ], [ 72.8536114, 19.2711302 ], [ 72.8535363, 19.271039 ], [ 72.8534827, 19.2709276 ], [ 72.8534505, 19.2708061 ], [ 72.8533646, 19.2706339 ], [ 72.8532895, 19.2705022 ], [ 72.8532252, 19.2703908 ], [ 72.8531286, 19.2702896 ], [ 72.8530106, 19.2701984 ], [ 72.8528282, 19.2701376 ] ] ] } },
{ "type": "Feature", "properties": { "land_type": "Residential", "source": "OpenStreetMap (Overpass, Dahisar extract)", "priority": 50 }, "geometry": { "type": "Polygon", "coordinates": [ [ [ 72.8558063, 19.2948773 ], [ 72.8558142, 19.2947616 ], [ 72.8556054, 19.2947489 ], [ 72.8555958, 19.2948894 ], [ 72.8557629, 19.2948996 ], [ 72.8557525, 19.295025 ], [ 72.8555666, 19.2950136 ], [ 72.8555584, 19.2951335 ], [ 72.8557443, 19.2951449 ], [ 72.8557505, 19.2950544 ], [ 72.8558663, 19.295063 ], [ 72.8558812, 19.2948828 ], [ 72.8558063, 19.2948773 ] ] ] } },
{ "type": "Feature", "properties": { "land_type": "Residential", "source": "OpenStreetMap (Overpass, Dahisar extract)", "priority": 50 }, "geometry": { "type": "Polygon", "coordinates": [ [ [ 72.8551067, 19.2947577 ], [ 72.8553906, 19.2947754 ], [ 72.855399, 19.2946565 ], [ 72.8550828, 19.2946368 ], [ 72.8550758, 19.2947373 ], [ 72.8549937, 19.2947327 ], [ 72.8549885, 19.2948145 ], [ 72.854976, 19.2948138 ], [ 72.8549699, 19.2949095 ], [ 72.8549825, 19.2949102 ], [ 72.8549773, 19.2949931 ], [ 72.8550425, 19.2949967 ], [ 72.8550401, 19.2950796 ], [ 72.8554106, 19.2950892 ], [ 72.8554139, 19.2949774 ], [ 72.8550933, 19.2949691 ], [ 72.8551067, 19.2947577 ] ] ] } },
{ "type": "Feature", "properties": { "land_type": "Open Land", "source": "OpenStreetMap (Overpass, Dahisar extract)", "priority": 30 }, "geometry": { "type": "Polygon", "coordinates": [ [ [ 72.8583466, 19.2852141 ], [ 72.8583855, 19.2852656 ], [ 72.8583692, 19.2852766 ], [ 72.8583943, 19.2853098 ], [ 72.8585465, 19.2852073 ], [ 72.8585287, 19.2851838 ], [ 72.8585144, 19.2851935 ], [ 72.8584711, 19.2851362 ], [ 72.8584871, 19.2851254 ], [ 72.8584638, 19.2850945 ], [ 72.8584458, 19.2851066 ], [ 72.8584241, 19.2850779 ], [ 72.8583812, 19.2851068 ], [ 72.8584302, 19.2851717 ], [ 72.8583818, 19.2852042 ], [ 72.8584323, 19.2852711 ], [ 72.8584117, 19.285285 ], [ 72.8583484, 19.2852012 ], [ 72.8583781, 19.2851813 ], [ 72.8583645, 19.2851634 ], [ 72.8583135, 19.2851977 ], [ 72.8583328, 19.2852233 ], [ 72.8583466, 19.2852141 ] ] ] } },
{ "type": "Feature", "properties": { "land_type": "Open Land", "source": "OpenStreetMap (Overpass, Dahisar extract)", "priority": 30 }, "geometry": { "type": "Polygon", "coordinates": [ [ [ 72.8584591, 19.2853064 ], [ 72.8585484, 19.2854362 ], [ 72.8586996, 19.2853435 ], [ 72.8586102, 19.2852137 ], [ 72.8584591, 19.2853064 ] ] ] } },
{ "type": "Feature", "properties": { "land_type": "Park", "source": "OpenStreetMap (Overpass, Dahisar extract)", "priority": 85 }, "geometry": { "type": "Polygon", "coordinates": [ [ [ 72.8662151, 19.289926 ], [ 72.8668782, 19.2906841 ], [ 72.8682139, 19.2895998 ], [ 72.8669343, 19.288251 ], [ 72.8665513, 19.2883744 ], [ 72.8661684, 19.2880835 ], [ 72.8653293, 19.2888566 ], [ 72.8662151, 19.289926 ] ] ] } },
{ "type": "Feature", "properties": { "land_type": "Open Land", "source": "OpenStreetMap (Overpass, Dahisar extract)", "priority": 30 }, "geometry": { "type": "Polygon", "coordinates": [ [ [ 72.8777197, 19.2922812 ], [ 72.8778337, 19.2924091 ], [ 72.8778614, 19.2923946 ], [ 72.8778275, 19.292223 ], [ 72.8777197, 19.2922812 ] ] ] } },
{ "type": "Feature", "properties": { "land_type": "Open Land", "source": "OpenStreetMap (Overpass, Dahisar extract)", "priority": 30 }, "geometry": { "type": "Polygon", "coordinates": [ [ [ 72.8779903, 19.2921477 ], [ 72.878277, 19.2921644 ], [ 72.8782805, 19.2920491 ], [ 72.8779992, 19.2921209 ], [ 72.8779903, 19.2921477 ] ] ] } },
{ "type": "Feature", "properties": { "land_type": "Open Land", "source": "OpenStreetMap (Overpass, Dahisar extract)", "priority": 30 }, "geometry": { "type": "Polygon", "coordinates": [ [ [ 72.8775602, 19.289986 ], [ 72.8773815, 19.2896952 ], [ 72.8772521, 19.2898929 ], [ 72.8771473, 19.2901838 ], [ 72.8770303, 19.2905211 ], [ 72.8770179, 19.2907305 ], [ 72.8770364, 19.2912307 ], [ 72.8771905, 19.2913179 ], [ 72.8775602, 19.289986 ] ] ] } },
{ "type": "Feature", "properties": { "land_type": "Park", "source": "OpenStreetMap (Overpass, Dahisar extract)", "priority": 85 }, "geometry": { "type": "Polygon", "coordinates": [ [ [ 72.8762061, 19.2843588 ], [ 72.8765222, 19.2841687 ], [ 72.8763063, 19.2838488 ], [ 72.8759902, 19.2840388 ], [ 72.8762061, 19.2843588 ] ] ] } },
{ "type": "Feature", "properties": { "land_type": "Park", "source": "OpenStreetMap (Overpass, Dahisar extract)", "priority": 85 }, "geometry": { "type": "Polygon", "coordinates": [ [ [ 72.8721647, 19.2713973 ], [ 72.8723839, 19.2712609 ], [ 72.8722535, 19.2710742 ], [ 72.8720343, 19.2712105 ], [ 72.8721647, 19.2713973 ] ] ] } },
{ "type": "Feature", "properties": { "land_type": "Park", "source": "OpenStreetMap (Overpass, Dahisar extract)", "priority": 85 }, "geometry": { "type": "Polygon", "coordinates": [ [ [ 72.8614229, 19.2718576 ], [ 72.8616691, 19.2717508 ], [ 72.8614547, 19.2713104 ], [ 72.8612084, 19.2714172 ], [ 72.8614229, 19.2718576 ] ] ] } },
{ "type": "Feature", "properties": { "land_type": "Park", "source": "OpenStreetMap (Overpass, Dahisar extract)", "priority": 85 }, "geometry": { "type": "Polygon", "coordinates": [ [ [ 72.8618859, 19.2726904 ], [ 72.8621388, 19.2725686 ], [ 72.8619918, 19.2722845 ], [ 72.861736, 19.2724036 ], [ 72.8618859, 19.2726904 ] ] ] } },
{ "type": "Feature", "properties": { "land_type": "Park", "source": "OpenStreetMap (Overpass, Dahisar extract)", "priority": 85 }, "geometry": { "type": "Polygon", "coordinates": [ [ [ 72.8624221, 19.2719614 ], [ 72.8626118, 19.2718737 ], [ 72.8623572, 19.2713833 ], [ 72.8621675, 19.271471 ], [ 72.8624221, 19.2719614 ] ] ] } },
{ "type": "Feature", "properties": { "land_type": "Park", "source": "OpenStreetMap (Overpass, Dahisar extract)", "priority": 85 }, "geometry": { "type": "Polygon", "coordinates": [ [ [ 72.8610641, 19.2730703 ], [ 72.8613337, 19.2729563 ], [ 72.8611753, 19.2726227 ], [ 72.8609057, 19.2727367 ], [ 72.8610145, 19.2729707 ], [ 72.8610641, 19.2730703 ] ] ] } },
{ "type": "Feature", "properties": { "land_type": "Park", "source": "OpenStreetMap (Overpass, Dahisar extract)", "priority": 85 }, "geometry": { "type": "Polygon", "coordinates": [ [ [ 72.8640757, 19.27281 ], [ 72.8643904, 19.2726837 ], [ 72.8642783, 19.272435 ], [ 72.8639637, 19.2725613 ], [ 72.8640757, 19.27281 ] ] ] } },
{ "type": "Feature", "properties": { "land_type": "Park", "source": "OpenStreetMap (Overpass, Dahisar extract)", "priority": 85 }, "geometry": { "type": "Polygon", "coordinates": [ [ [ 72.8621704, 19.2735591 ], [ 72.862567, 19.2733786 ], [ 72.8624227, 19.2730677 ], [ 72.862005, 19.2732374 ], [ 72.8621704, 19.2735591 ] ] ] } },
{ "type": "Feature", "properties": { "land_type": "Park", "source": "OpenStreetMap (Overpass, Dahisar extract)", "priority": 85 }, "geometry": { "type": "Polygon", "coordinates": [ [ [ 72.8615604, 19.2738589 ], [ 72.8619305, 19.273674 ], [ 72.8617689, 19.2733512 ], [ 72.8613592, 19.2735535 ], [ 72.8615604, 19.2738589 ] ] ] } },
{ "type": "Feature", "properties": { "land_type": "Park", "source": "OpenStreetMap (Overpass, Dahisar extract)", "priority": 85 }, "geometry": { "type": "Polygon", "coordinates": [ [ [ 72.8592412, 19.2738532 ], [ 72.8591534, 19.2745141 ], [ 72.859559, 19.2742106 ], [ 72.8594234, 19.2740691 ], [ 72.8592412, 19.2738532 ] ] ] } },
{ "type": "Feature", "properties": { "land_type": "Park", "source": "OpenStreetMap (Overpass, Dahisar extract)", "priority": 85 }, "geometry": { "type": "Polygon", "coordinates": [ [ [ 72.8569315, 19.2753022 ], [ 72.8587291, 19.2752135 ], [ 72.8589073, 19.2738899 ], [ 72.8579641, 19.2744579 ], [ 72.8570372, 19.2744387 ], [ 72.8569315, 19.2753022 ] ] ] } },
{ "type": "Feature", "properties": { "land_type": "Open Land", "source": "OpenStreetMap (Overpass, Dahisar extract)", "priority": 30 }, "geometry": { "type": "Polygon", "coordinates": [ [ [ 72.8571587, 19.2763798 ], [ 72.8573836, 19.2763972 ], [ 72.8574144, 19.2761442 ], [ 72.8571864, 19.2761267 ], [ 72.8571587, 19.2763798 ] ] ] } },
{ "type": "Feature", "properties": { "land_type": "Open Land", "source": "OpenStreetMap (Overpass, Dahisar extract)", "priority": 30 }, "geometry": { "type": "Polygon", "coordinates": [ [ [ 72.8580602, 19.2759313 ], [ 72.8580071, 19.2766396 ], [ 72.8581204, 19.276673 ], [ 72.858354, 19.2760082 ], [ 72.8580602, 19.2759313 ] ] ] } },
{ "type": "Feature", "properties": { "land_type": "Open Land", "source": "OpenStreetMap (Overpass, Dahisar extract)", "priority": 30 }, "geometry": { "type": "Polygon", "coordinates": [ [ [ 72.8585421, 19.2765325 ], [ 72.8586387, 19.2765705 ], [ 72.858864, 19.2761856 ], [ 72.8586574, 19.2761223 ], [ 72.8585421, 19.2765325 ] ] ] } },
{ "type": "Feature", "properties": { "land_type": "Open Land", "source": "OpenStreetMap (Overpass, Dahisar extract)", "priority": 30 }, "geometry": { "type": "Polygon", "coordinates": [ [ [ 72.8570972, 19.2771531 ], [ 72.8580092, 19.2774975 ], [ 72.8580682, 19.2773531 ], [ 72.8571589, 19.2769886 ], [ 72.8570972, 19.2771531 ] ] ] } },
{ "type": "Feature", "properties": { "land_type": "Park", "source": "OpenStreetMap (Overpass, Dahisar extract)", "priority": 85 }, "geometry": { "type": "Polygon", "coordinates": [ [ [ 72.8660596, 19.2774695 ], [ 72.8659925, 19.2773682 ], [ 72.8659281, 19.277315 ], [ 72.8658745, 19.2772796 ], [ 72.8657887, 19.2772365 ], [ 72.8656921, 19.2772416 ], [ 72.8656116, 19.2772492 ], [ 72.8655795, 19.2773327 ], [ 72.8655339, 19.2774264 ], [ 72.8657082, 19.2776619 ], [ 72.8660596, 19.2774695 ] ] ] } },
{ "type": "Feature", "properties": { "land_type": "Park", "source": "OpenStreetMap (Overpass, Dahisar extract)", "priority": 85 }, "geometry": { "type": "Polygon", "coordinates": [ [ [ 72.8660978, 19.2786742 ], [ 72.8663457, 19.2784658 ], [ 72.866186, 19.2782966 ], [ 72.8659382, 19.278505 ], [ 72.8660978, 19.2786742 ] ] ] } },
{ "type": "Feature", "properties": { "land_type": "Park", "source": "OpenStreetMap (Overpass, Dahisar extract)", "priority": 85 }, "geometry": { "type": "Polygon", "coordinates": [ [ [ 72.8657714, 19.2790052 ], [ 72.8659853, 19.2787876 ], [ 72.8658282, 19.27865 ], [ 72.8656143, 19.2788675 ], [ 72.8657714, 19.2790052 ] ] ] } },
{ "type": "Feature", "properties": { "land_type": "Park", "source": "OpenStreetMap (Overpass, Dahisar extract)", "priority": 85 }, "geometry": { "type": "Polygon", "coordinates": [ [ [ 72.8660709, 19.2815761 ], [ 72.8666527, 19.2811602 ], [ 72.8664597, 19.2809196 ], [ 72.8658779, 19.2813355 ], [ 72.8660709, 19.2815761 ] ] ] } },
{ "type": "Feature", "properties": { "land_type": "Park", "source": "OpenStreetMap (Overpass, Dahisar extract)", "priority": 85 }, "geometry": { "type": "Polygon", "coordinates": [ [ [ 72.8702245, 19.2786704 ], [ 72.8704766, 19.2787059 ], [ 72.8704525, 19.2782729 ], [ 72.8703157, 19.2782451 ], [ 72.8702245, 19.2786704 ] ] ] } },
{ "type": "Feature", "properties": { "land_type": "Park", "source": "OpenStreetMap (Overpass, Dahisar extract)", "priority": 85 }, "geometry": { "type": "Polygon", "coordinates": [ [ [ 72.8712277, 19.277112 ], [ 72.8712, 19.2771498 ], [ 72.871274, 19.2774552 ], [ 72.8712986, 19.2774814 ], [ 72.8713387, 19.2775018 ], [ 72.8713725, 19.2774698 ], [ 72.871391, 19.2774261 ], [ 72.8714064, 19.277368 ], [ 72.8714126, 19.2773156 ], [ 72.8714126, 19.2772604 ], [ 72.8714034, 19.2772109 ], [ 72.8713787, 19.2771644 ], [ 72.8713232, 19.2771353 ], [ 72.8712277, 19.277112 ] ] ] } },
{ "type": "Feature", "properties": { "land_type": "Park", "source": "OpenStreetMap (Overpass, Dahisar extract)", "priority": 85 }, "geometry": { "type": "Polygon", "coordinates": [ [ [ 72.8764704, 19.2775573 ], [ 72.8767102, 19.2775535 ], [ 72.8767102, 19.2773386 ], [ 72.8764704, 19.2773462 ], [ 72.8764704, 19.2775573 ] ] ] } },
{ "type": "Feature", "properties": { "land_type": "Water Body", "source": "OpenStreetMap (Overpass, Dahisar extract)", "priority": 95 }, "geometry": { "type": "Polygon", "coordinates": [ [ [ 72.8655834, 19.2887097 ], [ 72.8657202, 19.2888591 ], [ 72.8663505, 19.2889806 ], [ 72.8664498, 19.2889097 ], [ 72.8664927, 19.2888616 ], [ 72.8665329, 19.288773 ], [ 72.866557, 19.2887072 ], [ 72.8665463, 19.2886287 ], [ 72.86649, 19.2885755 ], [ 72.8662727, 19.2884844 ], [ 72.8660233, 19.2883932 ], [ 72.8659643, 19.2883629 ], [ 72.8655834, 19.2887097 ] ] ] } },
{ "type": "Feature", "properties": { "land_type": "Wetland", "source": "OpenStreetMap (Overpass, Dahisar extract)", "priority": 100 }, "geometry": { "type": "Polygon", "coordinates": [ [ [ 72.8473734, 19.2690975 ], [ 72.8472769, 19.268895 ], [ 72.8470945, 19.2685911 ], [ 72.8466503, 19.2682225 ], [ 72.8447279, 19.2695401 ], [ 72.8446049, 19.2704232 ], [ 72.845147, 19.2704297 ], [ 72.8456283, 19.275069 ], [ 72.8510124, 19.2779641 ], [ 72.8504701, 19.2779577 ], [ 72.8500498, 19.2789825 ], [ 72.8501757, 19.2797562 ], [ 72.8471891, 19.2801067 ], [ 72.8470513, 19.2802342 ], [ 72.8459445, 19.280189 ], [ 72.8454088, 19.2803965 ], [ 72.8455373, 19.2808097 ], [ 72.8463641, 19.2809984 ], [ 72.8468557, 19.2810631 ], [ 72.847004, 19.2811363 ], [ 72.8476033, 19.2810854 ], [ 72.8486118, 19.280498 ], [ 72.8499421, 19.2804372 ], [ 72.850779, 19.2803967 ], [ 72.8506502, 19.2808423 ], [ 72.8506288, 19.2811866 ], [ 72.850926, 19.2812886 ], [ 72.852281, 19.2817537 ], [ 72.8527531, 19.2818145 ], [ 72.8534048, 19.2815962 ], [ 72.8538175, 19.2810862 ], [ 72.8540191, 19.2800524 ], [ 72.8534299, 19.2796653 ], [ 72.8532955, 19.2795355 ], [ 72.8534618, 19.2772206 ], [ 72.8540039, 19.277227 ], [ 72.8538712, 19.2769679 ], [ 72.8538946, 19.2751664 ], [ 72.8537631, 19.2749073 ], [ 72.8545728, 19.2751743 ], [ 72.8547111, 19.2749184 ], [ 72.854813, 19.2740874 ], [ 72.8554675, 19.2739355 ], [ 72.855843, 19.273976 ], [ 72.8559181, 19.2738849 ], [ 72.8556821, 19.2738849 ], [ 72.8555211, 19.2738747 ], [ 72.8551027, 19.2735912 ], [ 72.8548667, 19.2734393 ], [ 72.8546306, 19.2732873 ], [ 72.8544697, 19.2731658 ], [ 72.8543195, 19.2730341 ], [ 72.8542122, 19.2729227 ], [ 72.8540835, 19.2727708 ], [ 72.8539976, 19.2726088 ], [ 72.8538582, 19.2724062 ], [ 72.8537723, 19.2722645 ], [ 72.8537294, 19.2721227 ], [ 72.8536114, 19.2719606 ], [ 72.8535041, 19.2718087 ], [ 72.8534505, 19.2715555 ], [ 72.8534397, 19.2714137 ], [ 72.8533217, 19.27112 ], [ 72.8532359, 19.2709782 ], [ 72.8531715, 19.2708466 ], [ 72.8531286, 19.2706542 ], [ 72.8529999, 19.2705225 ], [ 72.8529248, 19.2703908 ], [ 72.8527853, 19.2702794 ], [ 72.8526244, 19.2702592 ], [ 72.8524527, 19.2703098 ], [ 72.8522703, 19.2704313 ], [ 72.8521523, 19.2705022 ], [ 72.8520772, 19.2705833 ], [ 72.8519699, 19.2706542 ], [ 72.8518626, 19.2707656 ], [ 72.8517446, 19.2708365 ], [ 72.8515944, 19.2708567 ], [ 72.8514335, 19.2708567 ], [ 72.8511867, 19.2708567 ], [ 72.8509721, 19.270877 ], [ 72.8507575, 19.2708972 ], [ 72.8505322, 19.2709479 ], [ 72.8503284, 19.2709985 ], [ 72.8501138, 19.2710998 ], [ 72.8499207, 19.2711504 ], [ 72.8496954, 19.2712112 ], [ 72.8495344, 19.2712719 ], [ 72.8492448, 19.2713327 ], [ 72.8490195, 19.271434 ], [ 72.8488693, 19.2714644 ], [ 72.8485689, 19.271515 ], [ 72.8484508, 19.2714948 ], [ 72.848365, 19.2714948 ], [ 72.8483328, 19.2715656 ], [ 72.8483435, 19.2716872 ], [ 72.8483435, 19.2717682 ], [ 72.8482597, 19.2717499 ], [ 72.8482041, 19.2717378 ], [ 72.8482255, 19.2715555 ], [ 72.8481075, 19.2714644 ], [ 72.8479466, 19.2713125 ], [ 72.84785, 19.2711909 ], [ 72.8477213, 19.2710086 ], [ 72.8475496, 19.2708162 ], [ 72.8474745, 19.2706643 ], [ 72.8474316, 19.2704313 ], [ 72.8473672, 19.270168 ], [ 72.8473458, 19.2700262 ], [ 72.8473458, 19.2697832 ], [ 72.8473458, 19.26953 ], [ 72.8473734, 19.2690975 ] ] ] } },
{ "type": "Feature", "properties": { "land_type": "Wetland", "source": "OpenStreetMap (Overpass, Dahisar extract)", "priority": 100 }, "geometry": { "type": "Polygon", "coordinates": [ [ [ 72.854233, 19.2621981 ], [ 72.8541861, 19.2622234 ], [ 72.8541239, 19.2621066 ], [ 72.8538526, 19.2622514 ], [ 72.8531644, 19.2618376 ], [ 72.8529652, 19.2621321 ], [ 72.8525835, 19.2624266 ], [ 72.8529131, 19.2628676 ], [ 72.8529207, 19.2629845 ], [ 72.8528379, 19.2631737 ], [ 72.8525128, 19.2637753 ], [ 72.8522544, 19.2637523 ], [ 72.8520542, 19.2636708 ], [ 72.8519427, 19.2635814 ], [ 72.8514196, 19.2632034 ], [ 72.8510006, 19.2629595 ], [ 72.8508717, 19.2631669 ], [ 72.8505819, 19.2629718 ], [ 72.8503136, 19.2629793 ], [ 72.8505279, 19.2633536 ], [ 72.8505812, 19.2639346 ], [ 72.8504446, 19.264582 ], [ 72.8500021, 19.2650681 ], [ 72.8501999, 19.2657946 ], [ 72.8472438, 19.267818 ], [ 72.8474378, 19.268024 ], [ 72.8477597, 19.2684493 ], [ 72.848103, 19.2687025 ], [ 72.8484785, 19.2689659 ], [ 72.8488325, 19.2692596 ], [ 72.8490579, 19.269452 ], [ 72.8492295, 19.2697356 ], [ 72.8494012, 19.269928 ], [ 72.8496694, 19.2699685 ], [ 72.8499483, 19.2699483 ], [ 72.8502488, 19.269847 ], [ 72.8504633, 19.2696039 ], [ 72.8506135, 19.2693811 ], [ 72.8507208, 19.2692292 ], [ 72.8508174, 19.2690469 ], [ 72.8509032, 19.2688443 ], [ 72.8510534, 19.2686519 ], [ 72.8511822, 19.2684291 ], [ 72.8513324, 19.2682265 ], [ 72.8515684, 19.2680645 ], [ 72.851783, 19.2679328 ], [ 72.8521365, 19.2678204 ], [ 72.852298, 19.2678721 ], [ 72.8525018, 19.2678518 ], [ 72.8527271, 19.2678012 ], [ 72.8529953, 19.2677505 ], [ 72.8531777, 19.2676898 ], [ 72.8533172, 19.2676087 ], [ 72.8534889, 19.2674872 ], [ 72.8536605, 19.2673758 ], [ 72.8538751, 19.2672239 ], [ 72.8540038, 19.267072 ], [ 72.8541111, 19.2669707 ], [ 72.854154, 19.2668491 ], [ 72.8541648, 19.2666972 ], [ 72.8541648, 19.2665858 ], [ 72.8540897, 19.266444 ], [ 72.8540468, 19.2662921 ], [ 72.8539502, 19.2661706 ], [ 72.8539717, 19.265968 ], [ 72.8538966, 19.2657756 ], [ 72.8538322, 19.2655831 ], [ 72.8538536, 19.265411 ], [ 72.8538429, 19.2652388 ], [ 72.8538215, 19.2650565 ], [ 72.8537356, 19.2648944 ], [ 72.8537249, 19.264702 ], [ 72.8537249, 19.2644994 ], [ 72.8537356, 19.2642867 ], [ 72.8537785, 19.2641044 ], [ 72.8538215, 19.2638715 ], [ 72.8539073, 19.2635778 ], [ 72.8539931, 19.2632537 ], [ 72.8540575, 19.2630714 ], [ 72.8541326, 19.2628587 ], [ 72.854197, 19.2626156 ], [ 72.8542399, 19.2623421 ], [ 72.854233, 19.2621981 ] ] ] } },
{ "type": "Feature", "properties": { "land_type": "Wetland", "source": "OpenStreetMap (Overpass, Dahisar extract)", "priority": 100 }, "geometry": { "type": "Polygon", "coordinates": [ [ [ 72.8078814, 19.2256754 ], [ 72.8077897, 19.2255056 ], [ 72.8076044, 19.2256762 ], [ 72.8083983, 19.2268919 ], [ 72.8091494, 19.2282696 ], [ 72.8090873, 19.2293445 ], [ 72.809363, 19.2293301 ], [ 72.8097621, 19.2298496 ], [ 72.8098912, 19.230366 ], [ 72.8112445, 19.2305106 ], [ 72.8117829, 19.2307744 ], [ 72.812865, 19.2309164 ], [ 72.8132641, 19.2314361 ], [ 72.8133762, 19.2332394 ], [ 72.8139166, 19.2333741 ], [ 72.8141893, 19.233249 ], [ 72.8145883, 19.2337686 ], [ 72.8144363, 19.2350539 ], [ 72.8149782, 19.2350604 ], [ 72.814561, 19.2358277 ], [ 72.8144023, 19.2376277 ], [ 72.8114301, 19.2369481 ], [ 72.8108848, 19.2371991 ], [ 72.8098043, 19.2369288 ], [ 72.8076331, 19.2371602 ], [ 72.8065491, 19.2371471 ], [ 72.8057294, 19.2376521 ], [ 72.8034102, 19.2387831 ], [ 72.8034068, 19.2390405 ], [ 72.8036745, 19.2393012 ], [ 72.8039317, 19.240334 ], [ 72.8044667, 19.2408553 ], [ 72.8047172, 19.2424026 ], [ 72.8041513, 19.244198 ], [ 72.803562, 19.2445359 ], [ 72.8034607, 19.2452193 ], [ 72.8015688, 19.2448099 ], [ 72.801032, 19.2444178 ], [ 72.8009606, 19.2450942 ], [ 72.8016072, 19.2454231 ], [ 72.8017353, 19.2461572 ], [ 72.8021396, 19.2462897 ], [ 72.8022305, 19.2470011 ], [ 72.8008615, 19.2469607 ], [ 72.8003032, 19.2472881 ], [ 72.8007164, 19.2477604 ], [ 72.8005737, 19.2482736 ], [ 72.8004656, 19.2485835 ], [ 72.8002957, 19.248785 ], [ 72.8007894, 19.2492172 ], [ 72.8017799, 19.2493178 ], [ 72.8018699, 19.2494877 ], [ 72.8023201, 19.2494525 ], [ 72.8036648, 19.2502409 ], [ 72.804205, 19.2503766 ], [ 72.8044624, 19.2514092 ], [ 72.8050043, 19.2514159 ], [ 72.8047196, 19.2524421 ], [ 72.8052617, 19.2524486 ], [ 72.805383, 19.2534797 ], [ 72.8052445, 19.2537355 ], [ 72.8057865, 19.2537419 ], [ 72.8057831, 19.2539993 ], [ 72.8052411, 19.2539929 ], [ 72.8052205, 19.255537 ], [ 72.8044059, 19.2556555 ], [ 72.8038672, 19.2553917 ], [ 72.8030542, 19.2553818 ], [ 72.8023677, 19.2560176 ], [ 72.8020899, 19.2565291 ], [ 72.80127, 19.2570341 ], [ 72.8011281, 19.2575472 ], [ 72.800586, 19.2575408 ], [ 72.8004363, 19.2585686 ], [ 72.8006935, 19.2596015 ], [ 72.8002012, 19.2595983 ], [ 72.7994694, 19.2599723 ], [ 72.7992001, 19.2598407 ], [ 72.7989188, 19.2606098 ], [ 72.7994609, 19.2606162 ], [ 72.7993456, 19.2611517 ], [ 72.7997181, 19.2616489 ], [ 72.8008073, 19.2612754 ], [ 72.8010817, 19.2610214 ], [ 72.8018965, 19.2609029 ], [ 72.8020487, 19.2596177 ], [ 72.8026077, 19.2583372 ], [ 72.8028822, 19.2580832 ], [ 72.8030284, 19.2573127 ], [ 72.8051914, 19.2577243 ], [ 72.8068088, 19.2583877 ], [ 72.8068158, 19.257873 ], [ 72.8076304, 19.2577536 ], [ 72.8081793, 19.2572454 ], [ 72.8095429, 19.2566187 ], [ 72.8099421, 19.2571382 ], [ 72.810061, 19.2584268 ], [ 72.808706, 19.2584106 ], [ 72.8085493, 19.2599532 ], [ 72.8086786, 19.2604695 ], [ 72.8094881, 19.2607366 ], [ 72.809411, 19.2613842 ], [ 72.809335, 19.262022 ], [ 72.8097283, 19.2630564 ], [ 72.808641, 19.2633008 ], [ 72.8085117, 19.2627842 ], [ 72.8083785, 19.2626536 ], [ 72.8086614, 19.2646441 ], [ 72.8085188, 19.2651039 ], [ 72.8080681, 19.2656105 ], [ 72.8079218, 19.2663811 ], [ 72.8081991, 19.2670915 ], [ 72.8082411, 19.2671876 ], [ 72.8083169, 19.2672864 ], [ 72.8087318, 19.2674586 ], [ 72.809096, 19.2674545 ], [ 72.8093959, 19.2676857 ], [ 72.8093891, 19.2682006 ], [ 72.8099311, 19.268207 ], [ 72.8100592, 19.2687235 ], [ 72.8108621, 19.2695052 ], [ 72.8109912, 19.2700218 ], [ 72.8236682, 19.2748067 ], [ 72.8240914, 19.2735247 ], [ 72.8324091, 19.2697623 ], [ 72.83518, 19.2754584 ], [ 72.8351868, 19.2749435 ], [ 72.8347976, 19.2736519 ], [ 72.835338, 19.2737865 ], [ 72.8356058, 19.2740471 ], [ 72.8361462, 19.2741826 ], [ 72.836136, 19.2749549 ], [ 72.836678, 19.2749613 ], [ 72.8362845, 19.2739269 ], [ 72.8359022, 19.2721204 ], [ 72.8369897, 19.2718759 ], [ 72.837118, 19.2723922 ], [ 72.8373856, 19.2726528 ], [ 72.8372303, 19.2741955 ], [ 72.8377672, 19.2745875 ], [ 72.8383076, 19.2747232 ], [ 72.8391377, 19.2734457 ], [ 72.8391411, 19.2731885 ], [ 72.8394374, 19.2712609 ], [ 72.8399863, 19.2707525 ], [ 72.842971, 19.2705302 ], [ 72.8432403, 19.2706627 ], [ 72.8435247, 19.2696362 ], [ 72.8437957, 19.2696394 ], [ 72.8437857, 19.2704117 ], [ 72.8446049, 19.2704232 ], [ 72.8447279, 19.2695401 ], [ 72.8466503, 19.2682225 ], [ 72.8463864, 19.2679227 ], [ 72.845951, 19.2675348 ], [ 72.8454575, 19.2673727 ], [ 72.8449854, 19.2673525 ], [ 72.8442877, 19.2673891 ], [ 72.8438053, 19.2674943 ], [ 72.8429684, 19.2677576 ], [ 72.8422388, 19.2679602 ], [ 72.8416166, 19.2681627 ], [ 72.8410158, 19.2682032 ], [ 72.8401253, 19.2680513 ], [ 72.8400254, 19.2686361 ], [ 72.8398844, 19.2689974 ], [ 72.8397333, 19.2694544 ], [ 72.8395562, 19.2697784 ], [ 72.8393684, 19.270143 ], [ 72.8391539, 19.2704773 ], [ 72.838655, 19.2711609 ], [ 72.8385424, 19.2710925 ], [ 72.8384565, 19.2710393 ], [ 72.8391002, 19.2700924 ], [ 72.8393148, 19.2695455 ], [ 72.8394865, 19.2690999 ], [ 72.839744, 19.2685125 ], [ 72.8397927, 19.2680209 ], [ 72.8393421, 19.2677374 ], [ 72.8388914, 19.267312 ], [ 72.838119, 19.2667043 ], [ 72.8376254, 19.2662384 ], [ 72.8370461, 19.265651 ], [ 72.8365311, 19.2650028 ], [ 72.8359947, 19.2643749 ], [ 72.8352222, 19.2633621 ], [ 72.8350291, 19.2625518 ], [ 72.8346857, 19.2616605 ], [ 72.8345355, 19.2608097 ], [ 72.8345355, 19.2597564 ], [ 72.8347716, 19.2590271 ], [ 72.8351149, 19.2583992 ], [ 72.835544, 19.2578522 ], [ 72.8360805, 19.257204 ], [ 72.8365526, 19.2568191 ], [ 72.8370675, 19.256333 ], [ 72.8376358, 19.2555714 ], [ 72.8378332, 19.2551014 ], [ 72.8379191, 19.2546801 ], [ 72.8379191, 19.2542101 ], [ 72.8378332, 19.2536834 ], [ 72.8376187, 19.2530919 ], [ 72.8373183, 19.2524679 ], [ 72.8370007, 19.2520385 ], [ 72.8361767, 19.251374 ], [ 72.8352154, 19.2508017 ], [ 72.8339161, 19.2503652 ], [ 72.8323143, 19.2501089 ], [ 72.8300022, 19.2495002 ], [ 72.8294754, 19.2496217 ], [ 72.8298045, 19.2506552 ], [ 72.82973, 19.2506438 ], [ 72.8296697, 19.2506853 ], [ 72.8289562, 19.2498091 ], [ 72.8281032, 19.2493432 ], [ 72.8266431, 19.2486554 ], [ 72.8255262, 19.2478704 ], [ 72.8243664, 19.2468281 ], [ 72.8236165, 19.2460846 ], [ 72.8230714, 19.2453938 ], [ 72.8224921, 19.244547 ], [ 72.822373, 19.2445065 ], [ 72.8221949, 19.2445328 ], [ 72.8217668, 19.2450282 ], [ 72.8212277, 19.2455204 ], [ 72.8209166, 19.2461855 ], [ 72.8206376, 19.2468549 ], [ 72.8206413, 19.2474764 ], [ 72.8206413, 19.2480274 ], [ 72.8208817, 19.2489836 ], [ 72.8211392, 19.2499074 ], [ 72.8212937, 19.2502963 ], [ 72.8216971, 19.2506204 ], [ 72.8219546, 19.250661 ], [ 72.8224438, 19.2505556 ], [ 72.8228129, 19.2505394 ], [ 72.8231304, 19.2507015 ], [ 72.823654, 19.250904 ], [ 72.8241432, 19.2514956 ], [ 72.8244007, 19.2521195 ], [ 72.824375, 19.2526624 ], [ 72.8242291, 19.2531162 ], [ 72.8239458, 19.2536186 ], [ 72.8238257, 19.2541048 ], [ 72.8237999, 19.2545099 ], [ 72.82386, 19.2548502 ], [ 72.8240145, 19.2551581 ], [ 72.8244265, 19.2555795 ], [ 72.8248299, 19.2559684 ], [ 72.8250445, 19.2565356 ], [ 72.825199, 19.2570623 ], [ 72.825302, 19.2573459 ], [ 72.825405, 19.2576862 ], [ 72.8257139, 19.2581724 ], [ 72.8261173, 19.2586018 ], [ 72.8266581, 19.259007 ], [ 72.8273447, 19.2593068 ], [ 72.827791, 19.2593878 ], [ 72.8277527, 19.2595055 ], [ 72.8277224, 19.2595985 ], [ 72.8270615, 19.2594688 ], [ 72.8265465, 19.259169 ], [ 72.8260058, 19.2587072 ], [ 72.8255423, 19.2582534 ], [ 72.8252333, 19.2578159 ], [ 72.8249847, 19.2575191 ], [ 72.8249415, 19.2574675 ], [ 72.8247011, 19.2567382 ], [ 72.8244436, 19.2562763 ], [ 72.8238857, 19.2555795 ], [ 72.8235167, 19.2548502 ], [ 72.8234823, 19.2542263 ], [ 72.8235253, 19.2536753 ], [ 72.8236798, 19.2530919 ], [ 72.8238257, 19.2524436 ], [ 72.8237828, 19.2519575 ], [ 72.8233965, 19.2514551 ], [ 72.8229244, 19.2513092 ], [ 72.8221949, 19.2515118 ], [ 72.8217228, 19.2513254 ], [ 72.8214653, 19.2511066 ], [ 72.821122, 19.250823 ], [ 72.8208302, 19.2506366 ], [ 72.8206585, 19.2500532 ], [ 72.8204002, 19.2494667 ], [ 72.8202551, 19.2489188 ], [ 72.8200234, 19.2480112 ], [ 72.8200234, 19.2473143 ], [ 72.8199976, 19.2466498 ], [ 72.8201092, 19.2462447 ], [ 72.8202551, 19.245485 ], [ 72.8196972, 19.2455154 ], [ 72.8191243, 19.2454485 ], [ 72.8184473, 19.2453543 ], [ 72.8181093, 19.2453442 ], [ 72.8175944, 19.2454181 ], [ 72.8171051, 19.2457585 ], [ 72.8167961, 19.2462042 ], [ 72.8165043, 19.2471766 ], [ 72.8162812, 19.2478491 ], [ 72.8160237, 19.2487567 ], [ 72.8158177, 19.2496237 ], [ 72.8154486, 19.2506366 ], [ 72.8155344, 19.2507987 ], [ 72.8153628, 19.2508554 ], [ 72.8150452, 19.2514875 ], [ 72.8147619, 19.2520142 ], [ 72.8147619, 19.2523626 ], [ 72.8148049, 19.2526057 ], [ 72.814616, 19.2525814 ], [ 72.8144787, 19.252784 ], [ 72.8139895, 19.253335 ], [ 72.8133629, 19.2537968 ], [ 72.8127878, 19.2542263 ], [ 72.8123158, 19.2545018 ], [ 72.8119038, 19.2550366 ], [ 72.8116978, 19.2554985 ], [ 72.811612, 19.2560089 ], [ 72.8116463, 19.2565923 ], [ 72.8118437, 19.256957 ], [ 72.8120154, 19.2573378 ], [ 72.8122729, 19.2575242 ], [ 72.8120961, 19.2576102 ], [ 72.8119896, 19.2576619 ], [ 72.8115862, 19.2573378 ], [ 72.8113888, 19.2570137 ], [ 72.8112, 19.2564303 ], [ 72.8111828, 19.2559036 ], [ 72.8111571, 19.2554985 ], [ 72.810788, 19.2554985 ], [ 72.8107553, 19.2554324 ], [ 72.8107279, 19.2553769 ], [ 72.8109253, 19.2553121 ], [ 72.8112429, 19.2553121 ], [ 72.8115433, 19.2549718 ], [ 72.8121269, 19.2542263 ], [ 72.8126591, 19.2537968 ], [ 72.8134487, 19.2531729 ], [ 72.8139466, 19.252784 ], [ 72.8147019, 19.2512039 ], [ 72.8153284, 19.2492186 ], [ 72.8155001, 19.2485298 ], [ 72.8156203, 19.24776 ], [ 72.8156203, 19.2474521 ], [ 72.8151782, 19.2475371 ], [ 72.8151671, 19.2474512 ], [ 72.8151568, 19.247371 ], [ 72.8156203, 19.2472576 ], [ 72.8158777, 19.2471279 ], [ 72.8161352, 19.2462609 ], [ 72.8165043, 19.2454911 ], [ 72.8168905, 19.2451831 ], [ 72.8173369, 19.2449076 ], [ 72.8178175, 19.2446969 ], [ 72.817663, 19.2444214 ], [ 72.8171652, 19.2434814 ], [ 72.8167189, 19.2425333 ], [ 72.8162211, 19.2416824 ], [ 72.8153885, 19.2410746 ], [ 72.8147619, 19.2409126 ], [ 72.8141869, 19.2408721 ], [ 72.8136461, 19.2405479 ], [ 72.8127878, 19.2402643 ], [ 72.8120411, 19.24024 ], [ 72.8114832, 19.2404507 ], [ 72.8104371, 19.240791 ], [ 72.8104042, 19.2406942 ], [ 72.8103781, 19.2406178 ], [ 72.811435, 19.2402846 ], [ 72.8119982, 19.2400617 ], [ 72.8128565, 19.2401022 ], [ 72.8138006, 19.240402 ], [ 72.8144186, 19.2405479 ], [ 72.8155344, 19.2408558 ], [ 72.8161352, 19.2412772 ], [ 72.8165644, 19.241804 ], [ 72.8169764, 19.2423145 ], [ 72.8173025, 19.2428817 ], [ 72.8175343, 19.243449 ], [ 72.8178519, 19.2440162 ], [ 72.8181351, 19.2443161 ], [ 72.81859, 19.2445835 ], [ 72.8190535, 19.2446402 ], [ 72.8196543, 19.2446402 ], [ 72.8204268, 19.2443971 ], [ 72.8208559, 19.2440324 ], [ 72.8213967, 19.243449 ], [ 72.8214396, 19.2424117 ], [ 72.8210963, 19.2415366 ], [ 72.8208559, 19.2406695 ], [ 72.8205384, 19.2397213 ], [ 72.819826, 19.2377764 ], [ 72.8193968, 19.2368202 ], [ 72.8190535, 19.2365609 ], [ 72.8185814, 19.2366986 ], [ 72.8185127, 19.236415 ], [ 72.8188818, 19.2361719 ], [ 72.8188046, 19.2359369 ], [ 72.8184227, 19.2348388 ], [ 72.8178068, 19.2339211 ], [ 72.8173454, 19.2331916 ], [ 72.8169549, 19.2327217 ], [ 72.8167929, 19.232985 ], [ 72.8167372, 19.232974 ], [ 72.8166641, 19.2329596 ], [ 72.8166094, 19.2326912 ], [ 72.8163649, 19.2321847 ], [ 72.8158327, 19.2316104 ], [ 72.8148564, 19.2306693 ], [ 72.8139294, 19.2302235 ], [ 72.8127878, 19.2296238 ], [ 72.8124445, 19.2294861 ], [ 72.8122385, 19.2291619 ], [ 72.811672, 19.2289755 ], [ 72.8115261, 19.2287 ], [ 72.8112086, 19.2285136 ], [ 72.8109854, 19.2281083 ], [ 72.8107537, 19.2279706 ], [ 72.810582, 19.2276788 ], [ 72.8104103, 19.2274033 ], [ 72.8101099, 19.2272169 ], [ 72.8098353, 19.2269332 ], [ 72.8096121, 19.2265118 ], [ 72.8092345, 19.2262443 ], [ 72.8089941, 19.2258959 ], [ 72.8086937, 19.2257581 ], [ 72.8083246, 19.2254906 ], [ 72.8078814, 19.2256754 ] ] ] } },
{ "type": "Feature", "properties": { "land_type": "Water Body", "source": "OpenStreetMap (Overpass, Dahisar extract)", "priority": 95 }, "geometry": { "type": "Polygon", "coordinates": [ [ [ 72.8397927, 19.2680209 ], [ 72.839744, 19.2685125 ], [ 72.8394865, 19.2690999 ], [ 72.8393148, 19.2695455 ], [ 72.8391002, 19.2700924 ], [ 72.8384565, 19.2710393 ], [ 72.8385424, 19.2710925 ], [ 72.838655, 19.2711609 ], [ 72.8391539, 19.2704773 ], [ 72.8393684, 19.270143 ], [ 72.8395562, 19.2697784 ], [ 72.8397333, 19.2694544 ], [ 72.8398844, 19.2689974 ], [ 72.8400254, 19.2686361 ], [ 72.8401253, 19.2680513 ], [ 72.8397927, 19.2680209 ] ] ] } },
{ "type": "Feature", "properties": { "land_type": "Open Land", "source": "OpenStreetMap (Overpass, Dahisar extract)", "priority": 30 }, "geometry": { "type": "Polygon", "coordinates": [ [ [ 72.8672859, 19.2714796 ], [ 72.8657516, 19.2727681 ], [ 72.8658771, 19.2729012 ], [ 72.8674113, 19.2716126 ], [ 72.8672859, 19.2714796 ] ] ] } },
{ "type": "Feature", "properties": { "land_type": "Park", "source": "OpenStreetMap (Overpass, Dahisar extract)", "priority": 85 }, "geometry": { "type": "Polygon", "coordinates": [ [ [ 72.8674479, 19.2736544 ], [ 72.8678729, 19.2741818 ], [ 72.8683822, 19.2738161 ], [ 72.8679572, 19.2732886 ], [ 72.8674479, 19.2736544 ] ] ] } },
{ "type": "Feature", "properties": { "land_type": "Open Land", "source": "OpenStreetMap (Overpass, Dahisar extract)", "priority": 30 }, "geometry": { "type": "Polygon", "coordinates": [ [ [ 72.8672611, 19.2727031 ], [ 72.8674713, 19.2724999 ], [ 72.8672327, 19.27228 ], [ 72.8670225, 19.2724831 ], [ 72.8672611, 19.2727031 ] ] ] } },
{ "type": "Feature", "properties": { "land_type": "Open Land", "source": "OpenStreetMap (Overpass, Dahisar extract)", "priority": 30 }, "geometry": { "type": "Polygon", "coordinates": [ [ [ 72.8666715, 19.2732215 ], [ 72.8668856, 19.2730642 ], [ 72.8666937, 19.2728316 ], [ 72.8664797, 19.2729889 ], [ 72.8666715, 19.2732215 ] ] ] } },
{ "type": "Feature", "properties": { "land_type": "Open Land", "source": "OpenStreetMap (Overpass, Dahisar extract)", "priority": 30 }, "geometry": { "type": "Polygon", "coordinates": [ [ [ 72.8668016, 19.2737673 ], [ 72.8669487, 19.2739449 ], [ 72.8672505, 19.2737223 ], [ 72.8671034, 19.2735446 ], [ 72.8668016, 19.2737673 ] ] ] } },
{ "type": "Feature", "properties": { "land_type": "Open Land", "source": "OpenStreetMap (Overpass, Dahisar extract)", "priority": 30 }, "geometry": { "type": "Polygon", "coordinates": [ [ [ 72.8679578, 19.2732078 ], [ 72.868273, 19.2729594 ], [ 72.8680748, 19.2727354 ], [ 72.8677597, 19.2729838 ], [ 72.8679578, 19.2732078 ] ] ] } },
{ "type": "Feature", "properties": { "land_type": "Open Land", "source": "OpenStreetMap (Overpass, Dahisar extract)", "priority": 30 }, "geometry": { "type": "Polygon", "coordinates": [ [ [ 72.8681054, 19.2754968 ], [ 72.8682767, 19.275717 ], [ 72.8684724, 19.2755814 ], [ 72.868301, 19.2753612 ], [ 72.8681054, 19.2754968 ] ] ] } },
{ "type": "Feature", "properties": { "land_type": "Open Land", "source": "OpenStreetMap (Overpass, Dahisar extract)", "priority": 30 }, "geometry": { "type": "Polygon", "coordinates": [ [ [ 72.8677816, 19.2747665 ], [ 72.8678805, 19.2749069 ], [ 72.8680807, 19.2747582 ], [ 72.8679813, 19.2746322 ], [ 72.8677816, 19.2747665 ] ] ] } },
{ "type": "Feature", "properties": { "land_type": "Open Land", "source": "OpenStreetMap (Overpass, Dahisar extract)", "priority": 30 }, "geometry": { "type": "Polygon", "coordinates": [ [ [ 72.8681788, 19.2744267 ], [ 72.8683017, 19.2745898 ], [ 72.8684805, 19.2744698 ], [ 72.8683577, 19.2743067 ], [ 72.8681788, 19.2744267 ] ] ] } },
{ "type": "Feature", "properties": { "land_type": "Park", "source": "OpenStreetMap (Overpass, Dahisar extract)", "priority": 85 }, "geometry": { "type": "Polygon", "coordinates": [ [ [ 72.8488854, 19.2948562 ], [ 72.8489069, 19.2946967 ], [ 72.8464365, 19.2944486 ], [ 72.8464124, 19.2945904 ], [ 72.8488854, 19.2948562 ] ] ] } },
{ "type": "Feature", "properties": { "land_type": "Park", "source": "OpenStreetMap (Overpass, Dahisar extract)", "priority": 85 }, "geometry": { "type": "Polygon", "coordinates": [ [ [ 72.8616983, 19.2854715 ], [ 72.8621516, 19.2858385 ], [ 72.8626558, 19.2852841 ], [ 72.8626263, 19.2852132 ], [ 72.8622454, 19.2848968 ], [ 72.8616983, 19.2854715 ] ] ] } },
{ "type": "Feature", "properties": { "land_type": "Residential", "source": "OpenStreetMap (Overpass, Dahisar extract)", "priority": 50 }, "geometry": { "type": "Polygon", "coordinates": [ [ [ 72.8794451, 19.2664383 ], [ 72.8798354, 19.2668454 ], [ 72.8800082, 19.2670111 ], [ 72.880421, 19.2665616 ], [ 72.8805431, 19.2664406 ], [ 72.880669, 19.2662937 ], [ 72.8808358, 19.266099 ], [ 72.8808993, 19.2660249 ], [ 72.8811662, 19.2657135 ], [ 72.8806738, 19.2655151 ], [ 72.880577, 19.2654238 ], [ 72.8804128, 19.2655809 ], [ 72.8802096, 19.2657754 ], [ 72.8797418, 19.2661728 ], [ 72.8794451, 19.2664383 ] ] ] } },
{ "type": "Feature", "properties": { "land_type": "Park", "source": "OpenStreetMap (Overpass, Dahisar extract)", "priority": 85 }, "geometry": { "type": "Polygon", "coordinates": [ [ [ 72.8781449, 19.2753414 ], [ 72.878228, 19.2754705 ], [ 72.8783299, 19.2754427 ], [ 72.8781985, 19.2753161 ], [ 72.8781449, 19.2753414 ] ] ] } },
{ "type": "Feature", "properties": { "land_type": "Commercial", "source": "OpenStreetMap (Overpass, Dahisar extract)", "priority": 55 }, "geometry": { "type": "Polygon", "coordinates": [ [ [ 72.8789249, 19.2753495 ], [ 72.878619, 19.2756178 ], [ 72.8786914, 19.2757319 ], [ 72.8786214, 19.2757881 ], [ 72.8789856, 19.2763545 ], [ 72.8794853, 19.276046 ], [ 72.8789249, 19.2753495 ] ] ] } },
{ "type": "Feature", "properties": { "land_type": "Park", "source": "OpenStreetMap (Overpass, Dahisar extract)", "priority": 85 }, "geometry": { "type": "Polygon", "coordinates": [ [ [ 72.8785713, 19.2753862 ], [ 72.8786386, 19.2753645 ], [ 72.8789058, 19.2750705 ], [ 72.878543, 19.2748567 ], [ 72.8785412, 19.2749903 ], [ 72.8785324, 19.2752141 ], [ 72.8785713, 19.2753862 ] ] ] } },
{ "type": "Feature", "properties": { "land_type": "Forest", "source": "OpenStreetMap (Overpass, Dahisar extract)", "priority": 90 }, "geometry": { "type": "Polygon", "coordinates": [ [ [ 72.8790529, 19.2751885 ], [ 72.8789326, 19.2753288 ], [ 72.8789382, 19.2753368 ], [ 72.8791157, 19.2755604 ], [ 72.8792016, 19.2756562 ], [ 72.879782, 19.2764213 ], [ 72.8796987, 19.2764801 ], [ 72.8795873, 19.2765816 ], [ 72.8795767, 19.2769057 ], [ 72.8797006, 19.2771295 ], [ 72.8798563, 19.2771462 ], [ 72.8798705, 19.2770293 ], [ 72.8801218, 19.2769357 ], [ 72.8802739, 19.2771596 ], [ 72.8804544, 19.2769892 ], [ 72.8804261, 19.2768723 ], [ 72.8806562, 19.2767052 ], [ 72.881134, 19.2766384 ], [ 72.8804757, 19.2760404 ], [ 72.8802881, 19.2757598 ], [ 72.8790529, 19.2751885 ] ] ] } },
{ "type": "Feature", "properties": { "land_type": "Park", "source": "OpenStreetMap (Overpass, Dahisar extract)", "priority": 85 }, "geometry": { "type": "Polygon", "coordinates": [ [ [ 72.8698598, 19.284219 ], [ 72.8698813, 19.2842041 ], [ 72.8706306, 19.2836867 ], [ 72.8707476, 19.2836081 ], [ 72.8706244, 19.2834889 ], [ 72.8704303, 19.283611 ], [ 72.8703009, 19.2834511 ], [ 72.8696138, 19.2838844 ], [ 72.8698598, 19.284219 ] ] ] } },
{ "type": "Feature", "properties": { "land_type": "Park", "source": "OpenStreetMap (Overpass, Dahisar extract)", "priority": 85 }, "geometry": { "type": "Polygon", "coordinates": [ [ [ 72.8744361, 19.2864439 ], [ 72.8737055, 19.2870339 ], [ 72.8729352, 19.2876304 ], [ 72.8744497, 19.2891672 ], [ 72.875125, 19.2886334 ], [ 72.8751977, 19.288576 ], [ 72.8754388, 19.2883854 ], [ 72.8759702, 19.2879655 ], [ 72.8744361, 19.2864439 ] ] ] } },
{ "type": "Feature", "properties": { "land_type": "Residential", "source": "OpenStreetMap (Overpass, Dahisar extract)", "priority": 50 }, "geometry": { "type": "Polygon", "coordinates": [ [ [ 72.8645446, 19.278041 ], [ 72.8652736, 19.2787713 ], [ 72.866141, 19.2779406 ], [ 72.8659352, 19.2776106 ], [ 72.8656854, 19.2777838 ], [ 72.865332, 19.2773496 ], [ 72.8643987, 19.2778621 ], [ 72.8645446, 19.278041 ] ] ] } },
{ "type": "Feature", "properties": { "land_type": "Park", "source": "OpenStreetMap (Overpass, Dahisar extract)", "priority": 85 }, "geometry": { "type": "Polygon", "coordinates": [ [ [ 72.8585454, 19.2945345 ], [ 72.858657, 19.2946297 ], [ 72.8591054, 19.294168 ], [ 72.859011, 19.2940728 ], [ 72.8585454, 19.2945345 ] ] ] } },
{ "type": "Feature", "properties": { "land_type": "Park", "source": "OpenStreetMap (Overpass, Dahisar extract)", "priority": 85 }, "geometry": { "type": "Polygon", "coordinates": [ [ [ 72.8481465, 19.2956652 ], [ 72.8490149, 19.2957779 ], [ 72.8491183, 19.294982 ], [ 72.8482357, 19.2949087 ], [ 72.8482141, 19.2950855 ], [ 72.848212, 19.2951093 ], [ 72.8482006, 19.2952062 ], [ 72.8481559, 19.2955851 ], [ 72.8481465, 19.2956652 ] ] ] } },
{ "type": "Feature", "properties": { "land_type": "Residential", "source": "OpenStreetMap (Overpass, Dahisar extract)", "priority": 50 }, "geometry": { "type": "Polygon", "coordinates": [ [ [ 72.872038, 19.2911434 ], [ 72.8723089, 19.2914393 ], [ 72.8729943, 19.29088 ], [ 72.8727235, 19.2905843 ], [ 72.872038, 19.2911434 ] ] ] } },
{ "type": "Feature", "properties": { "land_type": "Residential", "source": "OpenStreetMap (Overpass, Dahisar extract)", "priority": 50 }, "geometry": { "type": "Polygon", "coordinates": [ [ [ 72.8686655, 19.2767032 ], [ 72.8683881, 19.2766659 ], [ 72.8683044, 19.2766547 ], [ 72.8676385, 19.2765652 ], [ 72.8674501, 19.2766451 ], [ 72.8674265, 19.2769982 ], [ 72.8674039, 19.2773349 ], [ 72.8672155, 19.2772949 ], [ 72.8673868, 19.2776686 ], [ 72.8676036, 19.2775779 ], [ 72.8681541, 19.2773477 ], [ 72.8679924, 19.2769682 ], [ 72.868246, 19.2768683 ], [ 72.86834, 19.2768313 ], [ 72.8686655, 19.2767032 ] ] ] } },
{ "type": "Feature", "properties": { "land_type": "Park", "source": "OpenStreetMap (Overpass, Dahisar extract)", "priority": 85 }, "geometry": { "type": "Polygon", "coordinates": [ [ [ 72.8678163, 19.2774461 ], [ 72.8681188, 19.2773324 ], [ 72.8679485, 19.2769282 ], [ 72.8678653, 19.2769595 ], [ 72.8677764, 19.2773514 ], [ 72.8678163, 19.2774461 ] ] ] } },
{ "type": "Feature", "properties": { "land_type": "Residential", "source": "OpenStreetMap (Overpass, Dahisar extract)", "priority": 50 }, "geometry": { "type": "Polygon", "coordinates": [ [ [ 72.8675487, 19.278013 ], [ 72.8682835, 19.2776514 ], [ 72.8681541, 19.2773477 ], [ 72.8676036, 19.2775779 ], [ 72.8673868, 19.2776686 ], [ 72.8675487, 19.278013 ] ] ] } },
{ "type": "Feature", "properties": { "land_type": "Residential", "source": "OpenStreetMap (Overpass, Dahisar extract)", "priority": 50 }, "geometry": { "type": "Polygon", "coordinates": [ [ [ 72.8682835, 19.2776514 ], [ 72.8686503, 19.2774632 ], [ 72.86834, 19.2768313 ], [ 72.868246, 19.2768683 ], [ 72.8679924, 19.2769682 ], [ 72.8681541, 19.2773477 ], [ 72.8682835, 19.2776514 ] ] ] } },
{ "type": "Feature", "properties": { "land_type": "Park", "source": "OpenStreetMap (Overpass, Dahisar extract)", "priority": 85 }, "geometry": { "type": "Polygon", "coordinates": [ [ [ 72.868246, 19.2768683 ], [ 72.8686655, 19.2767032 ], [ 72.8683881, 19.2766659 ], [ 72.8683044, 19.2766547 ], [ 72.868246, 19.2768683 ] ] ] } },
{ "type": "Feature", "properties": { "land_type": "Residential", "source": "OpenStreetMap (Overpass, Dahisar extract)", "priority": 50 }, "geometry": { "type": "Polygon", "coordinates": [ [ [ 72.8707805, 19.2736176 ], [ 72.8698243, 19.2739536 ], [ 72.8700533, 19.2745606 ], [ 72.870417, 19.275498 ], [ 72.8705348, 19.2758351 ], [ 72.8716054, 19.2755205 ], [ 72.8714634, 19.2751817 ], [ 72.8713008, 19.2747939 ], [ 72.871077, 19.2742594 ], [ 72.8705577, 19.2744578 ], [ 72.8704377, 19.2742041 ], [ 72.8709615, 19.2739853 ], [ 72.8707805, 19.2736176 ] ] ] } },
{ "type": "Feature", "properties": { "land_type": "Park", "source": "OpenStreetMap (Overpass, Dahisar extract)", "priority": 85 }, "geometry": { "type": "Polygon", "coordinates": [ [ [ 72.8704257, 19.2742161 ], [ 72.8703505, 19.2742473 ], [ 72.870498, 19.2745509 ], [ 72.8705129, 19.2745658 ], [ 72.8705299, 19.2745787 ], [ 72.8705527, 19.2745846 ], [ 72.8705776, 19.274579 ], [ 72.8706125, 19.2745648 ], [ 72.8706366, 19.2745649 ], [ 72.8706545, 19.2745785 ], [ 72.8708592, 19.2749918 ], [ 72.8708874, 19.2749789 ], [ 72.8709124, 19.2749684 ], [ 72.8709389, 19.2749545 ], [ 72.8709772, 19.2749347 ], [ 72.8712477, 19.2748064 ], [ 72.8710154, 19.2742827 ], [ 72.8705473, 19.2744675 ], [ 72.8704257, 19.2742161 ] ] ] } },
{ "type": "Feature", "properties": { "land_type": "Residential", "source": "OpenStreetMap (Overpass, Dahisar extract)", "priority": 50 }, "geometry": { "type": "Polygon", "coordinates": [ [ [ 72.8811309, 19.2838583 ], [ 72.8811887, 19.2839149 ], [ 72.8813582, 19.2839653 ], [ 72.8814451, 19.2839971 ], [ 72.8814965, 19.2839392 ], [ 72.8815929, 19.2838725 ], [ 72.8817239, 19.2838198 ], [ 72.8817729, 19.2838089 ], [ 72.8818089, 19.2837675 ], [ 72.8818327, 19.283678 ], [ 72.8818366, 19.283622 ], [ 72.8818089, 19.2835716 ], [ 72.8816923, 19.2834484 ], [ 72.8811309, 19.2838583 ] ] ] } },
{ "type": "Feature", "properties": { "land_type": "Residential", "source": "OpenStreetMap (Overpass, Dahisar extract)", "priority": 50 }, "geometry": { "type": "Polygon", "coordinates": [ [ [ 72.8830284, 19.2827029 ], [ 72.8834078, 19.283143 ], [ 72.8837882, 19.2830851 ], [ 72.8838262, 19.2828797 ], [ 72.8838242, 19.2828433 ], [ 72.8837927, 19.2826328 ], [ 72.8838024, 19.2824714 ], [ 72.8837492, 19.2824647 ], [ 72.8837541, 19.2823823 ], [ 72.8833677, 19.2824269 ], [ 72.8832706, 19.2825653 ], [ 72.8830284, 19.2827029 ] ] ] } },
{ "type": "Feature", "properties": { "land_type": "Open Land", "source": "OpenStreetMap (Overpass, Dahisar extract)", "priority": 30 }, "geometry": { "type": "Polygon", "coordinates": [ [ [ 72.8828115, 19.2832139 ], [ 72.8821901, 19.2834699 ], [ 72.8819207, 19.2834759 ], [ 72.8818366, 19.283622 ], [ 72.8818327, 19.283678 ], [ 72.8818089, 19.2837675 ], [ 72.8817729, 19.2838089 ], [ 72.8817239, 19.2838198 ], [ 72.8815929, 19.2838725 ], [ 72.8814965, 19.2839392 ], [ 72.8814451, 19.2839971 ], [ 72.8813331, 19.2843427 ], [ 72.8814926, 19.284472 ], [ 72.8815857, 19.2844766 ], [ 72.8823121, 19.2843785 ], [ 72.8828825, 19.2843015 ], [ 72.8828723, 19.2842328 ], [ 72.883183, 19.2841862 ], [ 72.8831599, 19.2840975 ], [ 72.8833806, 19.2839179 ], [ 72.8831101, 19.2836176 ], [ 72.883072, 19.2834488 ], [ 72.8828115, 19.2832139 ] ] ] } },
{ "type": "Feature", "properties": { "land_type": "Residential", "source": "OpenStreetMap (Overpass, Dahisar extract)", "priority": 50 }, "geometry": { "type": "Polygon", "coordinates": [ [ [ 72.8798276, 19.2823231 ], [ 72.8803977, 19.2823558 ], [ 72.8802906, 19.283114 ], [ 72.8799977, 19.2831229 ], [ 72.8800071, 19.2831913 ], [ 72.8801552, 19.283337 ], [ 72.8804007, 19.2834869 ], [ 72.8804261, 19.2836879 ], [ 72.8806175, 19.283956 ], [ 72.8806964, 19.2839624 ], [ 72.8806308, 19.2837325 ], [ 72.8806434, 19.2832835 ], [ 72.8806308, 19.2830813 ], [ 72.8806308, 19.282891 ], [ 72.8806151, 19.2825877 ], [ 72.880628, 19.2822509 ], [ 72.8806203, 19.282059 ], [ 72.8806749, 19.2819574 ], [ 72.8806813, 19.2817284 ], [ 72.8806214, 19.2813656 ], [ 72.8805584, 19.2813002 ], [ 72.8802591, 19.2811961 ], [ 72.8801048, 19.2812199 ], [ 72.8801835, 19.2818265 ], [ 72.8799158, 19.2819098 ], [ 72.8798402, 19.2820882 ], [ 72.8798276, 19.2823231 ] ] ] } },
{ "type": "Feature", "properties": { "land_type": "Commercial", "source": "OpenStreetMap (Overpass, Dahisar extract)", "priority": 55 }, "geometry": { "type": "Polygon", "coordinates": [ [ [ 72.876213, 19.2946578 ], [ 72.8760483, 19.2947836 ], [ 72.8762461, 19.2950145 ], [ 72.8764109, 19.2948888 ], [ 72.876213, 19.2946578 ] ] ] } },
{ "type": "Feature", "properties": { "land_type": "Park", "source": "OpenStreetMap (Overpass, Dahisar extract)", "priority": 85 }, "geometry": { "type": "Polygon", "coordinates": [ [ [ 72.8647968, 19.2950471 ], [ 72.8656924, 19.2960511 ], [ 72.8659137, 19.2958773 ], [ 72.8659636, 19.2958381 ], [ 72.866009, 19.2958025 ], [ 72.8664163, 19.2954827 ], [ 72.8658041, 19.2947197 ], [ 72.8653733, 19.2941829 ], [ 72.8650745, 19.2944097 ], [ 72.8650881, 19.2945185 ], [ 72.8651349, 19.2948788 ], [ 72.8650151, 19.2948804 ], [ 72.8647968, 19.2950471 ] ] ] } },
{ "type": "Feature", "properties": { "land_type": "Park", "source": "OpenStreetMap (Overpass, Dahisar extract)", "priority": 85 }, "geometry": { "type": "Polygon", "coordinates": [ [ [ 72.8595974, 19.2909694 ], [ 72.8599408, 19.291323 ], [ 72.8604894, 19.2909021 ], [ 72.8602441, 19.2903464 ], [ 72.8595974, 19.2909694 ] ] ] } },
{ "type": "Feature", "properties": { "land_type": "Park", "source": "OpenStreetMap (Overpass, Dahisar extract)", "priority": 85 }, "geometry": { "type": "Polygon", "coordinates": [ [ [ 72.8640511, 19.2948386 ], [ 72.8650614, 19.2941691 ], [ 72.8646442, 19.2936881 ], [ 72.8642895, 19.2935109 ], [ 72.8638932, 19.2938147 ], [ 72.8637352, 19.2944139 ], [ 72.8640511, 19.2948386 ] ] ] } },
{ "type": "Feature", "properties": { "land_type": "Open Land", "source": "OpenStreetMap (Overpass, Dahisar extract)", "priority": 30 }, "geometry": { "type": "Polygon", "coordinates": [ [ [ 72.8662825, 19.293224 ], [ 72.8667261, 19.2928692 ], [ 72.8664896, 19.2926058 ], [ 72.866046, 19.2929605 ], [ 72.8662825, 19.293224 ] ] ] } },
{ "type": "Feature", "properties": { "land_type": "Wetland", "source": "OpenStreetMap (Overpass, Dahisar extract)", "priority": 100 }, "geometry": { "type": "Polygon", "coordinates": [ [ [ 72.8518911, 19.294275 ], [ 72.8521922, 19.2942961 ], [ 72.8523235, 19.2926313 ], [ 72.8519697, 19.2926112 ], [ 72.8519165, 19.293149 ], [ 72.8516155, 19.2931449 ], [ 72.8511479, 19.2930042 ], [ 72.851088, 19.2931814 ], [ 72.8512192, 19.2932658 ], [ 72.8512089, 19.293366 ], [ 72.8515291, 19.2933952 ], [ 72.8516275, 19.2936146 ], [ 72.8516131, 19.2937968 ], [ 72.851927, 19.2938187 ], [ 72.8518911, 19.294275 ] ] ] } },
{ "type": "Feature", "properties": { "land_type": "Park", "source": "OpenStreetMap (Overpass, Dahisar extract)", "priority": 85 }, "geometry": { "type": "Polygon", "coordinates": [ [ [ 72.8614844, 19.2878167 ], [ 72.8621593, 19.2882983 ], [ 72.8626247, 19.2877208 ], [ 72.861958, 19.2872737 ], [ 72.8614844, 19.2878167 ] ] ] } },
{ "type": "Feature", "properties": { "land_type": "Residential", "source": "OpenStreetMap (Overpass, Dahisar extract)", "priority": 50 }, "geometry": { "type": "Polygon", "coordinates": [ [ [ 72.8687365, 19.2928595 ], [ 72.8690638, 19.2926925 ], [ 72.869332, 19.2923127 ], [ 72.8699596, 19.2921051 ], [ 72.8703351, 19.2923684 ], [ 72.8711564, 19.2917324 ], [ 72.8707643, 19.29129 ], [ 72.8700454, 19.2904849 ], [ 72.8691281, 19.2911431 ], [ 72.867948, 19.292095 ], [ 72.8669663, 19.2929001 ], [ 72.8681786, 19.2942975 ], [ 72.8692247, 19.2933405 ], [ 72.8687365, 19.2928595 ] ] ] } },
{ "type": "Feature", "properties": { "land_type": "Residential", "source": "OpenStreetMap (Overpass, Dahisar extract)", "priority": 50 }, "geometry": { "type": "Polygon", "coordinates": [ [ [ 72.8694447, 19.2931314 ], [ 72.8695898, 19.2930496 ], [ 72.8697561, 19.2928558 ], [ 72.8697968, 19.2926788 ], [ 72.8694659, 19.2925785 ], [ 72.869319, 19.2925502 ], [ 72.8691491, 19.2926253 ], [ 72.869227, 19.2929109 ], [ 72.8694447, 19.2931314 ] ] ] } },
{ "type": "Feature", "properties": { "land_type": "Residential", "source": "OpenStreetMap (Overpass, Dahisar extract)", "priority": 50 }, "geometry": { "type": "Polygon", "coordinates": [ [ [ 72.8493025, 19.2899656 ], [ 72.8492471, 19.2901314 ], [ 72.8491805, 19.290375 ], [ 72.8493553, 19.2904638 ], [ 72.849527, 19.2904638 ], [ 72.849667, 19.2901973 ], [ 72.8498583, 19.2893996 ], [ 72.8496378, 19.2894828 ], [ 72.8494152, 19.2897833 ], [ 72.8493495, 19.289822 ], [ 72.8493025, 19.2899656 ] ] ] } },
{ "type": "Feature", "properties": { "land_type": "Water Body", "source": "OpenStreetMap (Overpass, Dahisar extract)", "priority": 95 }, "geometry": { "type": "Polygon", "coordinates": [ [ [ 72.845259, 19.2871529 ], [ 72.845311, 19.2874215 ], [ 72.8455888, 19.287381 ], [ 72.8455391, 19.2871017 ], [ 72.845259, 19.2871529 ] ] ] } },
{ "type": "Feature", "properties": { "land_type": "Residential", "source": "OpenStreetMap (Overpass, Dahisar extract)", "priority": 50 }, "geometry": { "type": "Polygon", "coordinates": [ [ [ 72.8445498, 19.2815818 ], [ 72.8446292, 19.2819736 ], [ 72.84475, 19.2820428 ], [ 72.8447526, 19.2821163 ], [ 72.844929, 19.2821677 ], [ 72.8451132, 19.2822902 ], [ 72.8452611, 19.2822828 ], [ 72.8453078, 19.2823514 ], [ 72.8454168, 19.282322 ], [ 72.8456659, 19.282371 ], [ 72.8457074, 19.2821677 ], [ 72.8456944, 19.281891 ], [ 72.8455802, 19.281411 ], [ 72.8455361, 19.2813645 ], [ 72.8452663, 19.2813914 ], [ 72.8448772, 19.281389 ], [ 72.8448175, 19.2814477 ], [ 72.8445498, 19.2815818 ] ] ] } },
{ "type": "Feature", "properties": { "land_type": "Wetland", "source": "OpenStreetMap (Overpass, Dahisar extract)", "priority": 100 }, "geometry": { "type": "Polygon", "coordinates": [ [ [ 72.845978, 19.2886705 ], [ 72.8454269, 19.2887729 ], [ 72.8453998, 19.2889093 ], [ 72.8454088, 19.289114 ], [ 72.8456527, 19.2894124 ], [ 72.8458695, 19.2893954 ], [ 72.8459509, 19.2892333 ], [ 72.8462671, 19.2892675 ], [ 72.8464387, 19.2893612 ], [ 72.8465833, 19.2890457 ], [ 72.845978, 19.2886705 ] ] ] } },
{ "type": "Feature", "properties": { "land_type": "Wetland", "source": "OpenStreetMap (Overpass, Dahisar extract)", "priority": 100 }, "geometry": { "type": "Polygon", "coordinates": [ [ [ 72.8473076, 19.2887604 ], [ 72.8476397, 19.2888388 ], [ 72.8476812, 19.2884078 ], [ 72.8479718, 19.2884666 ], [ 72.8479822, 19.2883099 ], [ 72.847702, 19.2881825 ], [ 72.8478265, 19.288065 ], [ 72.8481067, 19.2880552 ], [ 72.848169, 19.2881923 ], [ 72.8483661, 19.2882413 ], [ 72.8483661, 19.2884078 ], [ 72.848335, 19.288496 ], [ 72.8482935, 19.2883784 ], [ 72.8481897, 19.2884078 ], [ 72.8482209, 19.2886037 ], [ 72.8484077, 19.2885645 ], [ 72.8487605, 19.2884274 ], [ 72.8485841, 19.2883588 ], [ 72.8485218, 19.2882315 ], [ 72.8484284, 19.2880258 ], [ 72.8482209, 19.2879474 ], [ 72.8478991, 19.2879278 ], [ 72.8477227, 19.2878593 ], [ 72.8475878, 19.2879768 ], [ 72.8474633, 19.2882609 ], [ 72.8473699, 19.2884274 ], [ 72.8474425, 19.2885547 ], [ 72.8473076, 19.2887604 ] ] ] } },
{ "type": "Feature", "properties": { "land_type": "Wetland", "source": "OpenStreetMap (Overpass, Dahisar extract)", "priority": 100 }, "geometry": { "type": "Polygon", "coordinates": [ [ [ 72.8490486, 19.287853 ], [ 72.8490349, 19.2880533 ], [ 72.8492608, 19.2880921 ], [ 72.8493704, 19.2883247 ], [ 72.8493704, 19.2885509 ], [ 72.8493156, 19.2886608 ], [ 72.849254, 19.2888417 ], [ 72.8494525, 19.2888353 ], [ 72.8495689, 19.2886091 ], [ 72.8495758, 19.2883247 ], [ 72.8496922, 19.2881115 ], [ 72.8497949, 19.2879951 ], [ 72.8497949, 19.2879499 ], [ 72.8496032, 19.2878142 ], [ 72.8492608, 19.287937 ], [ 72.8490486, 19.287853 ] ] ] } },
{ "type": "Feature", "properties": { "land_type": "Wetland", "source": "OpenStreetMap (Overpass, Dahisar extract)", "priority": 100 }, "geometry": { "type": "Polygon", "coordinates": [ [ [ 72.8485019, 19.2888569 ], [ 72.8484244, 19.2889356 ], [ 72.8484781, 19.2891382 ], [ 72.8483708, 19.2892619 ], [ 72.8484185, 19.2892844 ], [ 72.8486867, 19.2893013 ], [ 72.8487702, 19.2892507 ], [ 72.8486807, 19.2891157 ], [ 72.8485913, 19.2891438 ], [ 72.8487284, 19.2889638 ], [ 72.8490741, 19.2888906 ], [ 72.8491397, 19.2887894 ], [ 72.848949, 19.28875 ], [ 72.8485019, 19.2888569 ] ] ] } },
{ "type": "Feature", "properties": { "land_type": "Wetland", "source": "OpenStreetMap (Overpass, Dahisar extract)", "priority": 100 }, "geometry": { "type": "Polygon", "coordinates": [ [ [ 72.8487165, 19.2878723 ], [ 72.8486748, 19.2880299 ], [ 72.8488, 19.2880299 ], [ 72.8488417, 19.2878836 ], [ 72.8487165, 19.2878723 ] ] ] } },
{ "type": "Feature", "properties": { "land_type": "Wetland", "source": "OpenStreetMap (Overpass, Dahisar extract)", "priority": 100 }, "geometry": { "type": "Polygon", "coordinates": [ [ [ 72.84485, 19.2813125 ], [ 72.8449449, 19.2812571 ], [ 72.8449404, 19.2811419 ], [ 72.8450668, 19.2811377 ], [ 72.845121, 19.2812102 ], [ 72.8453431, 19.2811925 ], [ 72.8455411, 19.2811974 ], [ 72.8453334, 19.2806729 ], [ 72.8446603, 19.2807795 ], [ 72.84485, 19.2813125 ] ] ] } },
{ "type": "Feature", "properties": { "land_type": "Wetland", "source": "OpenStreetMap (Overpass, Dahisar extract)", "priority": 100 }, "geometry": { "type": "Polygon", "coordinates": [ [ [ 72.8445998, 19.2800799 ], [ 72.8445849, 19.2801277 ], [ 72.8447012, 19.2802656 ], [ 72.8446982, 19.280409 ], [ 72.844731, 19.2805694 ], [ 72.8446803, 19.2806622 ], [ 72.8446952, 19.28071 ], [ 72.8449962, 19.2806566 ], [ 72.8449992, 19.28053 ], [ 72.8449366, 19.2804344 ], [ 72.8448561, 19.2802431 ], [ 72.8448353, 19.2801024 ], [ 72.8445998, 19.2800799 ] ] ] } },
{ "type": "Feature", "properties": { "land_type": "Residential", "source": "OpenStreetMap (Overpass, Dahisar extract)", "priority": 50 }, "geometry": { "type": "Polygon", "coordinates": [ [ [ 72.8448672, 19.2801062 ], [ 72.8448604, 19.2801611 ], [ 72.8449169, 19.2802774 ], [ 72.8450435, 19.2805473 ], [ 72.8450196, 19.2806329 ], [ 72.8450624, 19.2806426 ], [ 72.845302, 19.280599 ], [ 72.8450453, 19.2800528 ], [ 72.8448672, 19.2801062 ] ] ] } },
{ "type": "Feature", "properties": { "land_type": "Residential", "source": "OpenStreetMap (Overpass, Dahisar extract)", "priority": 50 }, "geometry": { "type": "Polygon", "coordinates": [ [ [ 72.8625601, 19.2985936 ], [ 72.8629238, 19.2983424 ], [ 72.8633329, 19.298056 ], [ 72.8635209, 19.2979115 ], [ 72.8637765, 19.2976463 ], [ 72.8640797, 19.2973318 ], [ 72.8641059, 19.2973046 ], [ 72.8644123, 19.2970417 ], [ 72.8647943, 19.2967563 ], [ 72.8647808, 19.2967201 ], [ 72.8643969, 19.2963093 ], [ 72.8642107, 19.2960705 ], [ 72.863858, 19.2957305 ], [ 72.8637429, 19.2956012 ], [ 72.8613279, 19.2928825 ], [ 72.8587843, 19.2954071 ], [ 72.8589076, 19.2955523 ], [ 72.8603261, 19.2972136 ], [ 72.8611194, 19.2969923 ], [ 72.8617117, 19.2972652 ], [ 72.8616426, 19.2976353 ], [ 72.861354, 19.2978959 ], [ 72.8610506, 19.2981014 ], [ 72.8613821, 19.2984854 ], [ 72.8620776, 19.2979792 ], [ 72.8625601, 19.2985936 ] ] ] } },
{ "type": "Feature", "properties": { "land_type": "Residential", "source": "OpenStreetMap (Overpass, Dahisar extract)", "priority": 50 }, "geometry": { "type": "Polygon", "coordinates": [ [ [ 72.8462886, 19.2808457 ], [ 72.8463199, 19.2809414 ], [ 72.8463939, 19.2809871 ], [ 72.846517, 19.2809925 ], [ 72.8467146, 19.280872 ], [ 72.8466864, 19.280808 ], [ 72.8465893, 19.2808016 ], [ 72.8462886, 19.2808457 ] ] ] } },
{ "type": "Feature", "properties": { "land_type": "Residential", "source": "OpenStreetMap (Overpass, Dahisar extract)", "priority": 50 }, "geometry": { "type": "Polygon", "coordinates": [ [ [ 72.8468538, 19.2807701 ], [ 72.8470147, 19.2811274 ], [ 72.8472517, 19.2810472 ], [ 72.8472353, 19.2808925 ], [ 72.8473575, 19.2808024 ], [ 72.8473455, 19.2806562 ], [ 72.8468538, 19.2807701 ] ] ] } },
{ "type": "Feature", "properties": { "land_type": "Residential", "source": "OpenStreetMap (Overpass, Dahisar extract)", "priority": 50 }, "geometry": { "type": "Polygon", "coordinates": [ [ [ 72.8462047, 19.2807931 ], [ 72.8462107, 19.2808047 ], [ 72.8464584, 19.2807832 ], [ 72.846605, 19.2807649 ], [ 72.8466282, 19.280663 ], [ 72.8462329, 19.2806769 ], [ 72.8462047, 19.2807931 ] ] ] } },
{ "type": "Feature", "properties": { "land_type": "Agriculture", "source": "OpenStreetMap (Overpass, Dahisar extract)", "priority": 80 }, "geometry": { "type": "Polygon", "coordinates": [ [ [ 72.8502158, 19.2873675 ], [ 72.8501665, 19.2812025 ], [ 72.8477273, 19.28197 ], [ 72.8461553, 19.2819188 ], [ 72.8459746, 19.2829251 ], [ 72.8457397, 19.2840848 ], [ 72.8452609, 19.2854374 ], [ 72.8452609, 19.2862391 ], [ 72.8456227, 19.2866103 ], [ 72.8475732, 19.2874863 ], [ 72.8502158, 19.2873675 ] ] ] } },
{ "type": "Feature", "properties": { "land_type": "Agriculture", "source": "OpenStreetMap (Overpass, Dahisar extract)", "priority": 80 }, "geometry": { "type": "Polygon", "coordinates": [ [ [ 72.8428877, 19.2903658 ], [ 72.8451289, 19.2903265 ], [ 72.8449083, 19.2890719 ], [ 72.8427387, 19.2894376 ], [ 72.8428877, 19.2903658 ] ] ] } },
{ "type": "Feature", "properties": { "land_type": "Park", "source": "OpenStreetMap (Overpass, Dahisar extract)", "priority": 85 }, "geometry": { "type": "Polygon", "coordinates": [ [ [ 72.8473205, 19.2940995 ], [ 72.8478047, 19.2939323 ], [ 72.8475415, 19.2932532 ], [ 72.8470573, 19.2934204 ], [ 72.8473205, 19.2940995 ] ] ] } },
{ "type": "Feature", "properties": { "land_type": "Residential", "source": "OpenStreetMap (Overpass, Dahisar extract)", "priority": 50 }, "geometry": { "type": "Polygon", "coordinates": [ [ [ 72.8476118, 19.2924693 ], [ 72.8495542, 19.2926739 ], [ 72.8495994, 19.2924863 ], [ 72.8494187, 19.2923456 ], [ 72.8493785, 19.2921362 ], [ 72.8491431, 19.2919193 ], [ 72.8487978, 19.2917968 ], [ 72.8486931, 19.2916009 ], [ 72.8482853, 19.2917026 ], [ 72.8477306, 19.2920472 ], [ 72.8476118, 19.2924693 ] ] ] } },
{ "type": "Feature", "properties": { "land_type": "Residential", "source": "OpenStreetMap (Overpass, Dahisar extract)", "priority": 50 }, "geometry": { "type": "Polygon", "coordinates": [ [ [ 72.8649924, 19.2967819 ], [ 72.8651072, 19.2968089 ], [ 72.865923, 19.2977066 ], [ 72.8667552, 19.2986971 ], [ 72.8673943, 19.2993767 ], [ 72.870386, 19.2970699 ], [ 72.8681585, 19.2945327 ], [ 72.8665035, 19.2956269 ], [ 72.8657028, 19.2962389 ], [ 72.8649924, 19.2967819 ] ] ] } },
{ "type": "Feature", "properties": { "land_type": "Forest", "source": "OpenStreetMap (Overpass, Dahisar extract)", "priority": 90 }, "geometry": { "type": "Polygon", "coordinates": [ [ [ 72.8631197, 19.2939587 ], [ 72.8631726, 19.2940393 ], [ 72.8632341, 19.2941166 ], [ 72.8632989, 19.2942568 ], [ 72.8633279, 19.2942552 ], [ 72.8633764, 19.2941903 ], [ 72.8633969, 19.2941565 ], [ 72.8632587, 19.2939422 ], [ 72.863257, 19.2938665 ], [ 72.8632911, 19.2938214 ], [ 72.8633355, 19.2937618 ], [ 72.8633372, 19.2937247 ], [ 72.863315, 19.2936941 ], [ 72.8632962, 19.2936426 ], [ 72.863245, 19.2936007 ], [ 72.8632092, 19.293612 ], [ 72.8631972, 19.293707 ], [ 72.863187, 19.2938601 ], [ 72.8631443, 19.2939019 ], [ 72.8631197, 19.2939587 ] ] ] } },
{ "type": "Feature", "properties": { "land_type": "Forest", "source": "OpenStreetMap (Overpass, Dahisar extract)", "priority": 90 }, "geometry": { "type": "Polygon", "coordinates": [ [ [ 72.8620909, 19.295132 ], [ 72.8621836, 19.2950814 ], [ 72.8622551, 19.2950666 ], [ 72.8624126, 19.2951151 ], [ 72.8624126, 19.2950097 ], [ 72.8623288, 19.2949855 ], [ 72.8621881, 19.2949486 ], [ 72.8621691, 19.2949739 ], [ 72.8621379, 19.2949781 ], [ 72.862072, 19.2949686 ], [ 72.8620653, 19.2949243 ], [ 72.8620072, 19.2949022 ], [ 72.8619502, 19.295074 ], [ 72.8619982, 19.2950877 ], [ 72.8620909, 19.295132 ] ] ] } },
{ "type": "Feature", "properties": { "land_type": "Open Land", "source": "OpenStreetMap (Overpass, Dahisar extract)", "priority": 30 }, "geometry": { "type": "Polygon", "coordinates": [ [ [ 72.8622516, 19.2943787 ], [ 72.8623377, 19.2944236 ], [ 72.8622697, 19.294695 ], [ 72.8624826, 19.2947656 ], [ 72.8625755, 19.2942996 ], [ 72.8623875, 19.2940666 ], [ 72.8623059, 19.29412 ], [ 72.8622516, 19.2943787 ] ] ] } },
{ "type": "Feature", "properties": { "land_type": "Open Land", "source": "OpenStreetMap (Overpass, Dahisar extract)", "priority": 30 }, "geometry": { "type": "Polygon", "coordinates": [ [ [ 72.8628641, 19.2950948 ], [ 72.8631594, 19.2953606 ], [ 72.8632277, 19.2952897 ], [ 72.863325, 19.2951625 ], [ 72.8630365, 19.2948982 ], [ 72.8629853, 19.294924 ], [ 72.8628932, 19.2949482 ], [ 72.8628932, 19.2950416 ], [ 72.8628641, 19.2950948 ] ] ] } },
{ "type": "Feature", "properties": { "land_type": "Park", "source": "OpenStreetMap (Overpass, Dahisar extract)", "priority": 85 }, "geometry": { "type": "Polygon", "coordinates": [ [ [ 72.8618817, 19.2940684 ], [ 72.8622483, 19.2941971 ], [ 72.8623397, 19.2939822 ], [ 72.8621467, 19.2938595 ], [ 72.8620759, 19.2940684 ], [ 72.8618984, 19.2940101 ], [ 72.8618817, 19.2940684 ] ] ] } },
{ "type": "Feature", "properties": { "land_type": "Forest", "source": "OpenStreetMap (Overpass, Dahisar extract)", "priority": 90 }, "geometry": { "type": "Polygon", "coordinates": [ [ [ 72.8615276, 19.2938362 ], [ 72.8616416, 19.2937842 ], [ 72.8617144, 19.2937749 ], [ 72.8617793, 19.2937879 ], [ 72.8618186, 19.2937248 ], [ 72.8617498, 19.2936691 ], [ 72.8615669, 19.2936914 ], [ 72.8615119, 19.2937359 ], [ 72.8614725, 19.2937972 ], [ 72.8614784, 19.2938269 ], [ 72.8615276, 19.2938362 ] ] ] } },
{ "type": "Feature", "properties": { "land_type": "Park", "source": "OpenStreetMap (Overpass, Dahisar extract)", "priority": 85 }, "geometry": { "type": "Polygon", "coordinates": [ [ [ 72.8627334, 19.2921935 ], [ 72.8629177, 19.2922402 ], [ 72.8629621, 19.2921983 ], [ 72.8630987, 19.2921774 ], [ 72.8631055, 19.29186 ], [ 72.8630526, 19.2918422 ], [ 72.8627334, 19.2921935 ] ] ] } },
{ "type": "Feature", "properties": { "land_type": "Park", "source": "OpenStreetMap (Overpass, Dahisar extract)", "priority": 85 }, "geometry": { "type": "Polygon", "coordinates": [ [ [ 72.8622902, 19.2919882 ], [ 72.8624652, 19.2921366 ], [ 72.8629312, 19.2915966 ], [ 72.8627896, 19.2914852 ], [ 72.8622902, 19.2919882 ] ] ] } },
{ "type": "Feature", "properties": { "land_type": "Park", "source": "OpenStreetMap (Overpass, Dahisar extract)", "priority": 85 }, "geometry": { "type": "Polygon", "coordinates": [ [ [ 72.8631842, 19.2912168 ], [ 72.8632975, 19.2913152 ], [ 72.8633473, 19.2913622 ], [ 72.8634289, 19.291437 ], [ 72.8634447, 19.2914883 ], [ 72.8634606, 19.2915076 ], [ 72.8634968, 19.2915161 ], [ 72.8635919, 19.2915204 ], [ 72.8636667, 19.2915033 ], [ 72.8637369, 19.2915204 ], [ 72.8639113, 19.2915717 ], [ 72.8639384, 19.2915567 ], [ 72.8639905, 19.2914691 ], [ 72.8637052, 19.2913643 ], [ 72.8635874, 19.2913643 ], [ 72.8635104, 19.2913216 ], [ 72.8635172, 19.2912318 ], [ 72.863533, 19.2911484 ], [ 72.8635036, 19.2910907 ], [ 72.863413, 19.2910159 ], [ 72.8633405, 19.2909774 ], [ 72.8631344, 19.2911484 ], [ 72.8631842, 19.2912168 ] ] ] } },
{ "type": "Feature", "properties": { "land_type": "Park", "source": "OpenStreetMap (Overpass, Dahisar extract)", "priority": 85 }, "geometry": { "type": "Polygon", "coordinates": [ [ [ 72.8639249, 19.291152 ], [ 72.8640988, 19.29122 ], [ 72.864238, 19.2909031 ], [ 72.8640642, 19.2908351 ], [ 72.8639249, 19.291152 ] ] ] } },
{ "type": "Feature", "properties": { "land_type": "Park", "source": "OpenStreetMap (Overpass, Dahisar extract)", "priority": 85 }, "geometry": { "type": "Polygon", "coordinates": [ [ [ 72.8642863, 19.2917724 ], [ 72.8643262, 19.2917772 ], [ 72.8643442, 19.2917724 ], [ 72.8643854, 19.2917724 ], [ 72.8644484, 19.2917554 ], [ 72.864496, 19.291725 ], [ 72.86459, 19.2916546 ], [ 72.8646954, 19.2915805 ], [ 72.8646569, 19.2915854 ], [ 72.864505, 19.2916169 ], [ 72.8644034, 19.2916473 ], [ 72.8643198, 19.2916582 ], [ 72.8643018, 19.2916667 ], [ 72.8642606, 19.2916849 ], [ 72.8642863, 19.2917724 ] ] ] } },
{ "type": "Feature", "properties": { "land_type": "Park", "source": "OpenStreetMap (Overpass, Dahisar extract)", "priority": 85 }, "geometry": { "type": "Polygon", "coordinates": [ [ [ 72.8620875, 19.2931228 ], [ 72.8622193, 19.293262 ], [ 72.8622822, 19.2932787 ], [ 72.8623097, 19.293236 ], [ 72.8623196, 19.2932045 ], [ 72.8623235, 19.2931377 ], [ 72.8623215, 19.2930634 ], [ 72.8623274, 19.2930171 ], [ 72.8623353, 19.2929966 ], [ 72.8623549, 19.2929836 ], [ 72.8623805, 19.2929261 ], [ 72.8623903, 19.2928909 ], [ 72.8622153, 19.2928723 ], [ 72.8622016, 19.2929651 ], [ 72.8621839, 19.29303 ], [ 72.862178, 19.2930523 ], [ 72.8621426, 19.2930876 ], [ 72.8621072, 19.2930913 ], [ 72.8620875, 19.2931228 ] ] ] } },
{ "type": "Feature", "properties": { "land_type": "Residential", "source": "OpenStreetMap (Overpass, Dahisar extract)", "priority": 50 }, "geometry": { "type": "Polygon", "coordinates": [ [ [ 72.8613565, 19.2927962 ], [ 72.8616328, 19.2930463 ], [ 72.8618882, 19.293276 ], [ 72.8622308, 19.2936618 ], [ 72.8627357, 19.2932164 ], [ 72.8628198, 19.2931399 ], [ 72.8628348, 19.2930746 ], [ 72.8635591, 19.2925527 ], [ 72.8647779, 19.2917135 ], [ 72.8652501, 19.2913466 ], [ 72.8649162, 19.2909354 ], [ 72.864723, 19.2907159 ], [ 72.8645874, 19.2904336 ], [ 72.8644787, 19.2902321 ], [ 72.8640438, 19.290136 ], [ 72.8637062, 19.2904298 ], [ 72.8621249, 19.2920303 ], [ 72.8613565, 19.2927962 ] ] ] } },
{ "type": "Feature", "properties": { "land_type": "Residential", "source": "OpenStreetMap (Overpass, Dahisar extract)", "priority": 50 }, "geometry": { "type": "Polygon", "coordinates": [ [ [ 72.8613532, 19.292342 ], [ 72.8633413, 19.2904219 ], [ 72.8613401, 19.2904154 ], [ 72.8613532, 19.292342 ] ] ] } },
{ "type": "Feature", "properties": { "land_type": "Park", "source": "OpenStreetMap (Overpass, Dahisar extract)", "priority": 85 }, "geometry": { "type": "Polygon", "coordinates": [ [ [ 72.8660223, 19.2909937 ], [ 72.8660771, 19.2909924 ], [ 72.8661586, 19.2910077 ], [ 72.8662298, 19.2910343 ], [ 72.8662935, 19.2910077 ], [ 72.8663454, 19.2909504 ], [ 72.8663943, 19.2909014 ], [ 72.8663528, 19.2908819 ], [ 72.8663172, 19.2908791 ], [ 72.8662327, 19.2908916 ], [ 72.8662179, 19.2908833 ], [ 72.8661942, 19.2908679 ], [ 72.8661942, 19.2908371 ], [ 72.8661883, 19.2908049 ], [ 72.8661675, 19.2908021 ], [ 72.8661364, 19.2908007 ], [ 72.8660964, 19.2908245 ], [ 72.8660357, 19.2908651 ], [ 72.8660253, 19.2908833 ], [ 72.866049, 19.2909434 ], [ 72.8660223, 19.2909937 ] ] ] } },
{ "type": "Feature", "properties": { "land_type": "Residential", "source": "OpenStreetMap (Overpass, Dahisar extract)", "priority": 50 }, "geometry": { "type": "Polygon", "coordinates": [ [ [ 72.8668461, 19.2927767 ], [ 72.867795, 19.2919887 ], [ 72.8652305, 19.2890332 ], [ 72.864459, 19.2896858 ], [ 72.864116, 19.2900265 ], [ 72.8646394, 19.2902238 ], [ 72.8647046, 19.2904344 ], [ 72.8648378, 19.2906825 ], [ 72.8653941, 19.2913851 ], [ 72.8658246, 19.2918279 ], [ 72.8665941, 19.2925618 ], [ 72.8668461, 19.2927767 ] ] ] } },
{ "type": "Feature", "properties": { "land_type": "Park", "source": "OpenStreetMap (Overpass, Dahisar extract)", "priority": 85 }, "geometry": { "type": "Polygon", "coordinates": [ [ [ 72.8645614, 19.2926475 ], [ 72.8649111, 19.2927244 ], [ 72.864966, 19.2925398 ], [ 72.8649511, 19.2924825 ], [ 72.8649215, 19.2924713 ], [ 72.8647274, 19.2924321 ], [ 72.8645718, 19.2925678 ], [ 72.8645614, 19.2926475 ] ] ] } },
{ "type": "Feature", "properties": { "land_type": "Open Land", "source": "OpenStreetMap (Overpass, Dahisar extract)", "priority": 30 }, "geometry": { "type": "Polygon", "coordinates": [ [ [ 72.8655088, 19.293599 ], [ 72.8658826, 19.2932752 ], [ 72.8656934, 19.2930807 ], [ 72.8658588, 19.2929375 ], [ 72.8655482, 19.2926182 ], [ 72.8650092, 19.2930852 ], [ 72.8655088, 19.293599 ] ] ] } },
{ "type": "Feature", "properties": { "land_type": "Park", "source": "OpenStreetMap (Overpass, Dahisar extract)", "priority": 85 }, "geometry": { "type": "Polygon", "coordinates": [ [ [ 72.8640757, 19.2933786 ], [ 72.8641736, 19.2934092 ], [ 72.864215, 19.2932911 ], [ 72.8641172, 19.2932605 ], [ 72.8640757, 19.2933786 ] ] ] } },
{ "type": "Feature", "properties": { "land_type": "Park", "source": "OpenStreetMap (Overpass, Dahisar extract)", "priority": 85 }, "geometry": { "type": "Polygon", "coordinates": [ [ [ 72.8635898, 19.2932612 ], [ 72.863701, 19.2932682 ], [ 72.863698, 19.2930486 ], [ 72.8635928, 19.2930416 ], [ 72.8635898, 19.2932612 ] ] ] } },
{ "type": "Feature", "properties": { "land_type": "Residential", "source": "OpenStreetMap (Overpass, Dahisar extract)", "priority": 50 }, "geometry": { "type": "Polygon", "coordinates": [ [ [ 72.8623064, 19.2937337 ], [ 72.8631368, 19.2946744 ], [ 72.8635954, 19.2952501 ], [ 72.8641058, 19.2948588 ], [ 72.8652671, 19.294091 ], [ 72.8657538, 19.2937415 ], [ 72.8665315, 19.2930873 ], [ 72.8667567, 19.2928803 ], [ 72.8665025, 19.2925819 ], [ 72.8658959, 19.29202 ], [ 72.8655844, 19.2917162 ], [ 72.8653386, 19.2914515 ], [ 72.8638296, 19.292529 ], [ 72.8627758, 19.2933188 ], [ 72.8625144, 19.2935465 ], [ 72.8623064, 19.2937337 ] ] ] } },
{ "type": "Feature", "properties": { "land_type": "Park", "source": "OpenStreetMap (Overpass, Dahisar extract)", "priority": 85 }, "geometry": { "type": "Polygon", "coordinates": [ [ [ 72.8663109, 19.294259 ], [ 72.8663364, 19.2942794 ], [ 72.866421, 19.2941551 ], [ 72.8668044, 19.2942887 ], [ 72.8668064, 19.294092 ], [ 72.8667808, 19.294079 ], [ 72.8667376, 19.2941588 ], [ 72.8664583, 19.2939974 ], [ 72.8663109, 19.294259 ] ] ] } },
{ "type": "Feature", "properties": { "land_type": "Park", "source": "OpenStreetMap (Overpass, Dahisar extract)", "priority": 85 }, "geometry": { "type": "Polygon", "coordinates": [ [ [ 72.8665309, 19.2934745 ], [ 72.8666538, 19.2936356 ], [ 72.866693, 19.293642 ], [ 72.866705, 19.2936308 ], [ 72.8666982, 19.2935937 ], [ 72.8665616, 19.2934439 ], [ 72.8665309, 19.2934745 ] ] ] } },
{ "type": "Feature", "properties": { "land_type": "Park", "source": "OpenStreetMap (Overpass, Dahisar extract)", "priority": 85 }, "geometry": { "type": "Polygon", "coordinates": [ [ [ 72.8661691, 19.2935834 ], [ 72.8662562, 19.2936656 ], [ 72.8665071, 19.2934368 ], [ 72.86642, 19.2933611 ], [ 72.8661691, 19.2935834 ] ] ] } },
{ "type": "Feature", "properties": { "land_type": "Residential", "source": "OpenStreetMap (Overpass, Dahisar extract)", "priority": 50 }, "geometry": { "type": "Polygon", "coordinates": [ [ [ 72.8655153, 19.2942008 ], [ 72.8665046, 19.2955041 ], [ 72.8680087, 19.294342 ], [ 72.8670362, 19.2931684 ], [ 72.8668859, 19.2930009 ], [ 72.8655153, 19.2942008 ] ] ] } },
{ "type": "Feature", "properties": { "land_type": "Residential", "source": "OpenStreetMap (Overpass, Dahisar extract)", "priority": 50 }, "geometry": { "type": "Polygon", "coordinates": [ [ [ 72.8676044, 19.2905951 ], [ 72.8677018, 19.2906656 ], [ 72.8678603, 19.2907468 ], [ 72.8679622, 19.2908302 ], [ 72.8680415, 19.2907682 ], [ 72.8681661, 19.2906271 ], [ 72.8682906, 19.2904882 ], [ 72.8683155, 19.2904219 ], [ 72.8675251, 19.2904198 ], [ 72.8676044, 19.2905951 ] ] ] } },
{ "type": "Feature", "properties": { "land_type": "Residential", "source": "OpenStreetMap (Overpass, Dahisar extract)", "priority": 50 }, "geometry": { "type": "Polygon", "coordinates": [ [ [ 72.8677295, 19.2912105 ], [ 72.8678011, 19.2912484 ], [ 72.8678259, 19.2912354 ], [ 72.8678583, 19.2912001 ], [ 72.8678958, 19.2912282 ], [ 72.8679448, 19.2912599 ], [ 72.8679701, 19.2912651 ], [ 72.8679911, 19.2912573 ], [ 72.8680208, 19.2912256 ], [ 72.8680668, 19.2911626 ], [ 72.8680749, 19.291155 ], [ 72.8681257, 19.2911611 ], [ 72.8681888, 19.2910944 ], [ 72.8682222, 19.2910105 ], [ 72.8681405, 19.290966 ], [ 72.8680364, 19.2909895 ], [ 72.8679231, 19.2910494 ], [ 72.867828, 19.291075 ], [ 72.8677261, 19.2910408 ], [ 72.8676944, 19.291028 ], [ 72.8676581, 19.291075 ], [ 72.8677419, 19.2911498 ], [ 72.8677295, 19.2912105 ] ] ] } },
{ "type": "Feature", "properties": { "land_type": "Park", "source": "OpenStreetMap (Overpass, Dahisar extract)", "priority": 85 }, "geometry": { "type": "Polygon", "coordinates": [ [ [ 72.8687075, 19.2907893 ], [ 72.8686824, 19.290883 ], [ 72.8686646, 19.2910186 ], [ 72.8688061, 19.291169 ], [ 72.8693744, 19.2907254 ], [ 72.8690873, 19.2904396 ], [ 72.8687075, 19.2907893 ] ] ] } },
{ "type": "Feature", "properties": { "land_type": "Open Land", "source": "OpenStreetMap (Overpass, Dahisar extract)", "priority": 30 }, "geometry": { "type": "Polygon", "coordinates": [ [ [ 72.8669378, 19.2907045 ], [ 72.8673684, 19.2912464 ], [ 72.86774, 19.290918 ], [ 72.8676968, 19.2908753 ], [ 72.8670637, 19.2905876 ], [ 72.8669378, 19.2907045 ] ] ] } },
{ "type": "Feature", "properties": { "land_type": "Residential", "source": "OpenStreetMap (Overpass, Dahisar extract)", "priority": 50 }, "geometry": { "type": "Polygon", "coordinates": [ [ [ 72.8699439, 19.2929209 ], [ 72.8699852, 19.2929543 ], [ 72.8700618, 19.2929357 ], [ 72.8701936, 19.2929524 ], [ 72.8702349, 19.2929617 ], [ 72.8702644, 19.292997 ], [ 72.8705042, 19.2930266 ], [ 72.8706067, 19.2930088 ], [ 72.8707048, 19.2928949 ], [ 72.8707225, 19.2928485 ], [ 72.8707087, 19.2927947 ], [ 72.8707028, 19.292726 ], [ 72.8706104, 19.2925905 ], [ 72.8704905, 19.2926221 ], [ 72.8703607, 19.2925163 ], [ 72.8703155, 19.2925237 ], [ 72.8699281, 19.2928819 ], [ 72.8699439, 19.2929209 ] ] ] } },
{ "type": "Feature", "properties": { "land_type": "Open Land", "source": "OpenStreetMap (Overpass, Dahisar extract)", "priority": 30 }, "geometry": { "type": "Polygon", "coordinates": [ [ [ 72.8668515, 19.2922715 ], [ 72.867223, 19.2922587 ], [ 72.8672456, 19.2919274 ], [ 72.8671165, 19.2918996 ], [ 72.8668538, 19.291829 ], [ 72.8668515, 19.2922715 ] ] ] } },
{ "type": "Feature", "properties": { "land_type": "Park", "source": "OpenStreetMap (Overpass, Dahisar extract)", "priority": 85 }, "geometry": { "type": "Polygon", "coordinates": [ [ [ 72.8671626, 19.2918567 ], [ 72.8672063, 19.2918457 ], [ 72.867223, 19.291802 ], [ 72.8672153, 19.2917304 ], [ 72.8672153, 19.2916903 ], [ 72.8672501, 19.2916017 ], [ 72.8672526, 19.2915434 ], [ 72.8672539, 19.2914159 ], [ 72.8672372, 19.2913855 ], [ 72.8672037, 19.2913843 ], [ 72.8671819, 19.2914183 ], [ 72.867124, 19.2915932 ], [ 72.8671176, 19.2916296 ], [ 72.8671497, 19.2916466 ], [ 72.867169, 19.2916575 ], [ 72.8671497, 19.2917644 ], [ 72.8671111, 19.2917899 ], [ 72.8671008, 19.2918129 ], [ 72.8671021, 19.2918433 ], [ 72.8671188, 19.2918567 ], [ 72.8671626, 19.2918567 ] ] ] } },
{ "type": "Feature", "properties": { "land_type": "Industrial", "source": "OpenStreetMap (Overpass, Dahisar extract)", "priority": 60 }, "geometry": { "type": "Polygon", "coordinates": [ [ [ 72.8678923, 19.2915607 ], [ 72.8680227, 19.2916544 ], [ 72.8680419, 19.2917257 ], [ 72.868036, 19.2917803 ], [ 72.8680612, 19.2918223 ], [ 72.8683902, 19.2914964 ], [ 72.8682657, 19.2914516 ], [ 72.8681975, 19.2914152 ], [ 72.8681012, 19.2914054 ], [ 72.8680079, 19.2913691 ], [ 72.8678997, 19.2914824 ], [ 72.8678923, 19.2915607 ] ] ] } },
{ "type": "Feature", "properties": { "land_type": "Open Land", "source": "OpenStreetMap (Overpass, Dahisar extract)", "priority": 30 }, "geometry": { "type": "Polygon", "coordinates": [ [ [ 72.871415, 19.2915971 ], [ 72.8722457, 19.292587 ], [ 72.8722561, 19.2914664 ], [ 72.871955, 19.2911724 ], [ 72.871415, 19.2915971 ] ] ] } },
{ "type": "Feature", "properties": { "land_type": "Park", "source": "OpenStreetMap (Overpass, Dahisar extract)", "priority": 85 }, "geometry": { "type": "Polygon", "coordinates": [ [ [ 72.8716938, 19.2941041 ], [ 72.8717512, 19.2942297 ], [ 72.8716153, 19.294341 ], [ 72.8718189, 19.2945625 ], [ 72.8722913, 19.2941755 ], [ 72.872273, 19.2939859 ], [ 72.8722443, 19.2939096 ], [ 72.8720336, 19.2940792 ], [ 72.8719035, 19.2939352 ], [ 72.8716938, 19.2941041 ] ] ] } },
{ "type": "Feature", "properties": { "land_type": "Park", "source": "OpenStreetMap (Overpass, Dahisar extract)", "priority": 85 }, "geometry": { "type": "Polygon", "coordinates": [ [ [ 72.8696088, 19.2951599 ], [ 72.8696587, 19.2952154 ], [ 72.870286, 19.2947003 ], [ 72.8702453, 19.2946554 ], [ 72.8696088, 19.2951599 ] ] ] } },
{ "type": "Feature", "properties": { "land_type": "Park", "source": "OpenStreetMap (Overpass, Dahisar extract)", "priority": 85 }, "geometry": { "type": "Polygon", "coordinates": [ [ [ 72.8717277, 19.2949759 ], [ 72.8717841, 19.2949614 ], [ 72.8718472, 19.2949501 ], [ 72.8719428, 19.2949227 ], [ 72.8719906, 19.2949259 ], [ 72.8720913, 19.2950113 ], [ 72.8721238, 19.2950597 ], [ 72.8721767, 19.2951096 ], [ 72.8722159, 19.2951676 ], [ 72.8722654, 19.2951531 ], [ 72.8722859, 19.2950162 ], [ 72.8722945, 19.2948373 ], [ 72.8721886, 19.2949034 ], [ 72.8721186, 19.2948921 ], [ 72.8719957, 19.2948486 ], [ 72.8718882, 19.2948873 ], [ 72.8718216, 19.2948808 ], [ 72.8717772, 19.2947826 ], [ 72.8716578, 19.2948245 ], [ 72.8716731, 19.2948712 ], [ 72.8717277, 19.2949759 ] ] ] } },
{ "type": "Feature", "properties": { "land_type": "Forest", "source": "OpenStreetMap (Overpass, Dahisar extract)", "priority": 90 }, "geometry": { "type": "Polygon", "coordinates": [ [ [ 72.8707028, 19.2946701 ], [ 72.870731, 19.2947065 ], [ 72.870814, 19.2946519 ], [ 72.8708392, 19.2946421 ], [ 72.8708806, 19.2946309 ], [ 72.8709162, 19.2946505 ], [ 72.8709577, 19.2946953 ], [ 72.8709947, 19.2946953 ], [ 72.8710644, 19.2946393 ], [ 72.8710659, 19.2945932 ], [ 72.8710303, 19.2945121 ], [ 72.871057, 19.2944715 ], [ 72.8710229, 19.2944617 ], [ 72.870891, 19.2945442 ], [ 72.8708451, 19.2945219 ], [ 72.8708214, 19.2945233 ], [ 72.8707962, 19.2945862 ], [ 72.8707754, 19.2946156 ], [ 72.8707028, 19.2946701 ] ] ] } },
{ "type": "Feature", "properties": { "land_type": "Park", "source": "OpenStreetMap (Overpass, Dahisar extract)", "priority": 85 }, "geometry": { "type": "Polygon", "coordinates": [ [ [ 72.8712484, 19.29389 ], [ 72.8713446, 19.2939942 ], [ 72.8714865, 19.2938775 ], [ 72.8713904, 19.2937733 ], [ 72.8712484, 19.29389 ] ] ] } },
{ "type": "Feature", "properties": { "land_type": "Park", "source": "OpenStreetMap (Overpass, Dahisar extract)", "priority": 85 }, "geometry": { "type": "Polygon", "coordinates": [ [ [ 72.8719395, 19.2937588 ], [ 72.8722363, 19.2935429 ], [ 72.8721968, 19.2934946 ], [ 72.8720641, 19.2935911 ], [ 72.8719883, 19.2934982 ], [ 72.8718242, 19.2936176 ], [ 72.8719395, 19.2937588 ] ] ] } },
{ "type": "Feature", "properties": { "land_type": "Park", "source": "OpenStreetMap (Overpass, Dahisar extract)", "priority": 85 }, "geometry": { "type": "Polygon", "coordinates": [ [ [ 72.8689328, 19.2948087 ], [ 72.8690722, 19.2949441 ], [ 72.8695285, 19.2945254 ], [ 72.8694261, 19.2944723 ], [ 72.869131, 19.2947432 ], [ 72.8690694, 19.2946834 ], [ 72.8689328, 19.2948087 ] ] ] } },
{ "type": "Feature", "properties": { "land_type": "Park", "source": "OpenStreetMap (Overpass, Dahisar extract)", "priority": 85 }, "geometry": { "type": "Polygon", "coordinates": [ [ [ 72.8696117, 19.2943796 ], [ 72.8696642, 19.2944207 ], [ 72.8698585, 19.2942847 ], [ 72.8698976, 19.2942422 ], [ 72.8698272, 19.294135 ], [ 72.8695983, 19.294348 ], [ 72.8696117, 19.2943796 ] ] ] } },
{ "type": "Feature", "properties": { "land_type": "Park", "source": "OpenStreetMap (Overpass, Dahisar extract)", "priority": 85 }, "geometry": { "type": "Polygon", "coordinates": [ [ [ 72.8705653, 19.2932954 ], [ 72.8706212, 19.2933375 ], [ 72.8707608, 19.2932775 ], [ 72.8707775, 19.2932026 ], [ 72.8707697, 19.2931309 ], [ 72.870667, 19.2931752 ], [ 72.8705653, 19.2932954 ] ] ] } },
{ "type": "Feature", "properties": { "land_type": "Open Land", "source": "OpenStreetMap (Overpass, Dahisar extract)", "priority": 30 }, "geometry": { "type": "Polygon", "coordinates": [ [ [ 72.870968, 19.2919542 ], [ 72.8711266, 19.2921235 ], [ 72.8713429, 19.2919724 ], [ 72.8711725, 19.2917766 ], [ 72.870968, 19.2919542 ] ] ] } },
{ "type": "Feature", "properties": { "land_type": "Park", "source": "OpenStreetMap (Overpass, Dahisar extract)", "priority": 85 }, "geometry": { "type": "Polygon", "coordinates": [ [ [ 72.8696331, 19.2920806 ], [ 72.8696644, 19.2920191 ], [ 72.8696931, 19.291992 ], [ 72.8697296, 19.2919748 ], [ 72.8698522, 19.2920363 ], [ 72.8698861, 19.2920289 ], [ 72.8699253, 19.2919969 ], [ 72.8699722, 19.2919477 ], [ 72.869967, 19.2919255 ], [ 72.8699592, 19.2918738 ], [ 72.8699618, 19.2918492 ], [ 72.8699983, 19.2918492 ], [ 72.8700714, 19.2919206 ], [ 72.870147, 19.2920191 ], [ 72.8701992, 19.292125 ], [ 72.8702357, 19.2921102 ], [ 72.8702801, 19.292024 ], [ 72.8702149, 19.2918393 ], [ 72.8701966, 19.2918122 ], [ 72.870087, 19.2918098 ], [ 72.8699566, 19.2917113 ], [ 72.8699383, 19.2917581 ], [ 72.8699227, 19.2918443 ], [ 72.86974, 19.2918713 ], [ 72.8695522, 19.2918615 ], [ 72.8696331, 19.2920806 ] ] ] } },
{ "type": "Feature", "properties": { "land_type": "Park", "source": "OpenStreetMap (Overpass, Dahisar extract)", "priority": 85 }, "geometry": { "type": "Polygon", "coordinates": [ [ [ 72.8694005, 19.2913843 ], [ 72.8695409, 19.2915703 ], [ 72.8696473, 19.2914955 ], [ 72.8696881, 19.2914207 ], [ 72.8697742, 19.2913693 ], [ 72.8699667, 19.2913245 ], [ 72.8701207, 19.2913009 ], [ 72.8701728, 19.2912389 ], [ 72.8701977, 19.2911428 ], [ 72.8700595, 19.2910679 ], [ 72.8699418, 19.2910765 ], [ 72.8697357, 19.291209 ], [ 72.8696473, 19.2911941 ], [ 72.8696179, 19.291162 ], [ 72.8694005, 19.2913843 ] ] ] } },
{ "type": "Feature", "properties": { "land_type": "Park", "source": "OpenStreetMap (Overpass, Dahisar extract)", "priority": 85 }, "geometry": { "type": "Polygon", "coordinates": [ [ [ 72.8671269, 19.293704 ], [ 72.8673511, 19.2939327 ], [ 72.8675549, 19.2937745 ], [ 72.8673216, 19.2935244 ], [ 72.8671269, 19.293704 ] ] ] } },
{ "type": "Feature", "properties": { "land_type": "Park", "source": "OpenStreetMap (Overpass, Dahisar extract)", "priority": 85 }, "geometry": { "type": "Polygon", "coordinates": [ [ [ 72.8668388, 19.294325 ], [ 72.8669551, 19.2943643 ], [ 72.8671093, 19.2943671 ], [ 72.8672723, 19.2943042 ], [ 72.8672841, 19.2942804 ], [ 72.8672634, 19.294251 ], [ 72.8672308, 19.2942188 ], [ 72.8671567, 19.2942524 ], [ 72.8670737, 19.294286 ], [ 72.8670307, 19.2942566 ], [ 72.8669537, 19.2942007 ], [ 72.8668929, 19.2941559 ], [ 72.8668366, 19.294107 ], [ 72.8668388, 19.294325 ] ] ] } },
{ "type": "Feature", "properties": { "land_type": "Residential", "source": "OpenStreetMap (Overpass, Dahisar extract)", "priority": 50 }, "geometry": { "type": "Polygon", "coordinates": [ [ [ 72.8691354, 19.2953902 ], [ 72.8692686, 19.2955679 ], [ 72.87025, 19.2965902 ], [ 72.8710037, 19.2960546 ], [ 72.8736721, 19.2945001 ], [ 72.872192, 19.292894 ], [ 72.87084, 19.2939229 ], [ 72.8710381, 19.2941311 ], [ 72.8704893, 19.2945453 ], [ 72.8703127, 19.2943613 ], [ 72.8691354, 19.2953902 ] ] ] } },
{ "type": "Feature", "properties": { "land_type": "Residential", "source": "OpenStreetMap (Overpass, Dahisar extract)", "priority": 50 }, "geometry": { "type": "Polygon", "coordinates": [ [ [ 72.8720318, 19.2927806 ], [ 72.8712396, 19.2917913 ], [ 72.8682437, 19.2944113 ], [ 72.8690298, 19.2952741 ], [ 72.8720318, 19.2927806 ] ] ] } },
{ "type": "Feature", "properties": { "land_type": "Park", "source": "OpenStreetMap (Overpass, Dahisar extract)", "priority": 85 }, "geometry": { "type": "Polygon", "coordinates": [ [ [ 72.8679909, 19.2935479 ], [ 72.8682287, 19.2934709 ], [ 72.8682061, 19.2933063 ], [ 72.8680521, 19.2933363 ], [ 72.8679298, 19.2930071 ], [ 72.8677644, 19.2930819 ], [ 72.8679909, 19.2935479 ] ] ] } },
{ "type": "Feature", "properties": { "land_type": "Wetland", "source": "OpenStreetMap (Overpass, Dahisar extract)", "priority": 100 }, "geometry": { "type": "Polygon", "coordinates": [ [ [ 72.8817182, 19.2929366 ], [ 72.8816947, 19.2930917 ], [ 72.8816478, 19.2933552 ], [ 72.8816217, 19.2935621 ], [ 72.8816504, 19.2937418 ], [ 72.8817521, 19.29402 ], [ 72.8818278, 19.2942761 ], [ 72.8819087, 19.2943919 ], [ 72.883257, 19.2932991 ], [ 72.883257, 19.2930824 ], [ 72.8822391, 19.2917628 ], [ 72.8821466, 19.2916292 ], [ 72.8822017, 19.2919002 ], [ 72.8820346, 19.2922824 ], [ 72.8819225, 19.2925089 ], [ 72.88195, 19.2926369 ], [ 72.8819107, 19.2927334 ], [ 72.881834, 19.2927984 ], [ 72.8817554, 19.2928615 ], [ 72.8817182, 19.2929366 ] ] ] } },
{ "type": "Feature", "properties": { "land_type": "Wetland", "source": "OpenStreetMap (Overpass, Dahisar extract)", "priority": 100 }, "geometry": { "type": "Polygon", "coordinates": [ [ [ 72.8800721, 19.2927396 ], [ 72.8803063, 19.292848 ], [ 72.8803798, 19.2930561 ], [ 72.8804625, 19.2932468 ], [ 72.8804625, 19.2934592 ], [ 72.8804579, 19.2938234 ], [ 72.8804579, 19.2939968 ], [ 72.8802787, 19.2943783 ], [ 72.8802466, 19.2946817 ], [ 72.8804395, 19.2951412 ], [ 72.8804762, 19.2953059 ], [ 72.8806186, 19.29541 ], [ 72.8818036, 19.2944389 ], [ 72.8817301, 19.2943479 ], [ 72.8815877, 19.2940358 ], [ 72.8815326, 19.2935763 ], [ 72.8816107, 19.292835 ], [ 72.8817531, 19.2927353 ], [ 72.8818358, 19.2926573 ], [ 72.8818266, 19.2925576 ], [ 72.8818358, 19.2923148 ], [ 72.8819001, 19.2921804 ], [ 72.8819414, 19.292111 ], [ 72.8819368, 19.292007 ], [ 72.8818771, 19.2919246 ], [ 72.8817852, 19.2918596 ], [ 72.881698, 19.291864 ], [ 72.8815877, 19.2918943 ], [ 72.8814775, 19.292007 ], [ 72.8814362, 19.2919767 ], [ 72.8812984, 19.291981 ], [ 72.88128, 19.2920504 ], [ 72.8813673, 19.2921544 ], [ 72.8813719, 19.2923148 ], [ 72.8812341, 19.2925446 ], [ 72.8811882, 19.2926226 ], [ 72.8810412, 19.2927266 ], [ 72.8808942, 19.2927526 ], [ 72.880784, 19.2926789 ], [ 72.880614, 19.2924362 ], [ 72.8805451, 19.2922975 ], [ 72.8804211, 19.2922281 ], [ 72.8802742, 19.2922324 ], [ 72.8800675, 19.2923191 ], [ 72.8799297, 19.2924839 ], [ 72.8800721, 19.2927396 ] ] ] } },
{ "type": "Feature", "properties": { "land_type": "Wetland", "source": "OpenStreetMap (Overpass, Dahisar extract)", "priority": 100 }, "geometry": { "type": "Polygon", "coordinates": [ [ [ 72.8806189, 19.2955427 ], [ 72.8806949, 19.2955581 ], [ 72.8819077, 19.2955599 ], [ 72.8819625, 19.2954023 ], [ 72.8820877, 19.2951339 ], [ 72.8821399, 19.2948704 ], [ 72.8820043, 19.2946956 ], [ 72.8818999, 19.294506 ], [ 72.8806189, 19.2955427 ] ] ] } },
{ "type": "Feature", "properties": { "land_type": "Wetland", "source": "OpenStreetMap (Overpass, Dahisar extract)", "priority": 100 }, "geometry": { "type": "Polygon", "coordinates": [ [ [ 72.8820034, 19.295559 ], [ 72.8826094, 19.2955533 ], [ 72.8831397, 19.2951355 ], [ 72.88304, 19.2950151 ], [ 72.8829643, 19.2948683 ], [ 72.8829523, 19.294778 ], [ 72.8830201, 19.2946463 ], [ 72.8830879, 19.2946011 ], [ 72.8832513, 19.2945974 ], [ 72.8832633, 19.2944054 ], [ 72.8832565, 19.2934419 ], [ 72.8819618, 19.2944678 ], [ 72.8822595, 19.2948076 ], [ 72.8822665, 19.2948468 ], [ 72.8821349, 19.2952519 ], [ 72.8820692, 19.2954055 ], [ 72.8820034, 19.295559 ] ] ] } },
{ "type": "Feature", "properties": { "land_type": "Unknown", "source": "OpenStreetMap (Overpass, Dahisar extract)", "priority": 0 }, "geometry": { "type": "Polygon", "coordinates": [ [ [ 72.8832171, 19.2951084 ], [ 72.883282, 19.2950617 ], [ 72.883282, 19.2946299 ], [ 72.8832393, 19.2946299 ], [ 72.883154, 19.2946509 ], [ 72.8831096, 19.2946654 ], [ 72.8830482, 19.2947073 ], [ 72.8830294, 19.2947846 ], [ 72.8830482, 19.2948877 ], [ 72.8832171, 19.2951084 ] ] ] } },
{ "type": "Feature", "properties": { "land_type": "Wetland", "source": "OpenStreetMap (Overpass, Dahisar extract)", "priority": 100 }, "geometry": { "type": "Polygon", "coordinates": [ [ [ 72.8824705, 19.2918776 ], [ 72.8832759, 19.2929469 ], [ 72.8832218, 19.2915599 ], [ 72.8824976, 19.2917187 ], [ 72.8824705, 19.2918776 ] ] ] } },
{ "type": "Feature", "properties": { "land_type": "Water Body", "source": "OpenStreetMap (Overpass, Dahisar extract)", "priority": 95 }, "geometry": { "type": "Polygon", "coordinates": [ [ [ 72.8823055, 19.2917112 ], [ 72.8823243, 19.291766 ], [ 72.8823704, 19.2918078 ], [ 72.8824216, 19.2918191 ], [ 72.8824523, 19.2917805 ], [ 72.8824745, 19.2916951 ], [ 72.8824642, 19.2916016 ], [ 72.8824369, 19.2915597 ], [ 72.8823431, 19.2915807 ], [ 72.8823055, 19.2917112 ] ] ] } },
{ "type": "Feature", "properties": { "land_type": "Water Body", "source": "OpenStreetMap (Overpass, Dahisar extract)", "priority": 95 }, "geometry": { "type": "Polygon", "coordinates": [ [ [ 72.8823192, 19.291484 ], [ 72.8823396, 19.2915098 ], [ 72.8823789, 19.2915114 ], [ 72.8824677, 19.2914888 ], [ 72.8824745, 19.2914373 ], [ 72.8824455, 19.2913906 ], [ 72.8823772, 19.2914163 ], [ 72.8823192, 19.291484 ] ] ] } },
{ "type": "Feature", "properties": { "land_type": "Open Land", "source": "OpenStreetMap (Overpass, Dahisar extract)", "priority": 30 }, "geometry": { "type": "Polygon", "coordinates": [ [ [ 72.8824788, 19.2904654 ], [ 72.8826231, 19.2906753 ], [ 72.8827192, 19.2909476 ], [ 72.8828905, 19.2911093 ], [ 72.8831279, 19.2911518 ], [ 72.8832421, 19.2911717 ], [ 72.8832692, 19.2904371 ], [ 72.8824788, 19.2904654 ] ] ] } },
{ "type": "Feature", "properties": { "land_type": "Wetland", "source": "OpenStreetMap (Overpass, Dahisar extract)", "priority": 100 }, "geometry": { "type": "Polygon", "coordinates": [ [ [ 72.881603, 19.2908132 ], [ 72.8817513, 19.2909881 ], [ 72.8819058, 19.2911369 ], [ 72.8819676, 19.2912185 ], [ 72.8820695, 19.2910902 ], [ 72.8820881, 19.2909502 ], [ 72.8820942, 19.2908715 ], [ 72.8820942, 19.2908073 ], [ 72.8820942, 19.2907111 ], [ 72.8820633, 19.2906236 ], [ 72.8820633, 19.2905566 ], [ 72.8820788, 19.2904982 ], [ 72.8820911, 19.2904487 ], [ 72.8820201, 19.2904224 ], [ 72.8819521, 19.2905303 ], [ 72.88181, 19.2906178 ], [ 72.8816988, 19.2907053 ], [ 72.8816061, 19.2907315 ], [ 72.881603, 19.2908132 ] ] ] } },
{ "type": "Feature", "properties": { "land_type": "Agriculture", "source": "OpenStreetMap (Overpass, Dahisar extract)", "priority": 80 }, "geometry": { "type": "Polygon", "coordinates": [ [ [ 72.8790728, 19.2955713 ], [ 72.8799158, 19.2955625 ], [ 72.879322, 19.2948746 ], [ 72.8787888, 19.2953032 ], [ 72.8790728, 19.2955713 ] ] ] } },
{ "type": "Feature", "properties": { "land_type": "Park", "source": "OpenStreetMap (Overpass, Dahisar extract)", "priority": 85 }, "geometry": { "type": "Polygon", "coordinates": [ [ [ 72.8778288, 19.2941752 ], [ 72.8778632, 19.2941904 ], [ 72.8784009, 19.2940264 ], [ 72.8784393, 19.2940302 ], [ 72.8785181, 19.2940168 ], [ 72.8782028, 19.2937135 ], [ 72.8778349, 19.2940302 ], [ 72.8778288, 19.2941752 ] ] ] } },
{ "type": "Feature", "properties": { "land_type": "Open Land", "source": "OpenStreetMap (Overpass, Dahisar extract)", "priority": 30 }, "geometry": { "type": "Polygon", "coordinates": [ [ [ 72.8782861, 19.2936314 ], [ 72.8786258, 19.2939909 ], [ 72.878737, 19.2938716 ], [ 72.8787492, 19.2938615 ], [ 72.878993, 19.2938802 ], [ 72.8789839, 19.2936185 ], [ 72.8788285, 19.2935969 ], [ 72.8785603, 19.2933812 ], [ 72.8782861, 19.2936314 ] ] ] } },
{ "type": "Feature", "properties": { "land_type": "Park", "source": "OpenStreetMap (Overpass, Dahisar extract)", "priority": 85 }, "geometry": { "type": "Polygon", "coordinates": [ [ [ 72.878027, 19.2929461 ], [ 72.8781732, 19.2931028 ], [ 72.8782646, 19.2930281 ], [ 72.8781214, 19.2928656 ], [ 72.878027, 19.2929461 ] ] ] } },
{ "type": "Feature", "properties": { "land_type": "Park", "source": "OpenStreetMap (Overpass, Dahisar extract)", "priority": 85 }, "geometry": { "type": "Polygon", "coordinates": [ [ [ 72.8786523, 19.2930094 ], [ 72.8787343, 19.2929782 ], [ 72.8788017, 19.2928858 ], [ 72.8787898, 19.2926599 ], [ 72.878725, 19.2925251 ], [ 72.8786734, 19.2925763 ], [ 72.8786523, 19.2930094 ] ] ] } },
{ "type": "Feature", "properties": { "land_type": "Water Body", "source": "OpenStreetMap (Overpass, Dahisar extract)", "priority": 95 }, "geometry": { "type": "Polygon", "coordinates": [ [ [ 72.8728727, 19.2916959 ], [ 72.8728369, 19.2916621 ], [ 72.8726807, 19.2917988 ], [ 72.8728955, 19.292 ], [ 72.8729085, 19.2920123 ], [ 72.8733837, 19.2916452 ], [ 72.8731852, 19.2914425 ], [ 72.8728727, 19.2916959 ] ] ] } },
{ "type": "Feature", "properties": { "land_type": "Open Land", "source": "OpenStreetMap (Overpass, Dahisar extract)", "priority": 30 }, "geometry": { "type": "Polygon", "coordinates": [ [ [ 72.8744987, 19.2937 ], [ 72.874527, 19.2937814 ], [ 72.874746, 19.293992 ], [ 72.8749522, 19.2939587 ], [ 72.8749748, 19.2936414 ], [ 72.8744987, 19.2937 ] ] ] } },
{ "type": "Feature", "properties": { "land_type": "Residential", "source": "OpenStreetMap (Overpass, Dahisar extract)", "priority": 50 }, "geometry": { "type": "Polygon", "coordinates": [ [ [ 72.8754701, 19.2935128 ], [ 72.8755377, 19.2935203 ], [ 72.8755779, 19.2935521 ], [ 72.875614, 19.293568 ], [ 72.8757499, 19.2936651 ], [ 72.8758567, 19.2935518 ], [ 72.8755743, 19.2933085 ], [ 72.8754864, 19.2934222 ], [ 72.8754701, 19.2935128 ] ] ] } },
{ "type": "Feature", "properties": { "land_type": "Open Land", "source": "OpenStreetMap (Overpass, Dahisar extract)", "priority": 30 }, "geometry": { "type": "Polygon", "coordinates": [ [ [ 72.874974, 19.2939641 ], [ 72.8752871, 19.2937094 ], [ 72.8750603, 19.2934424 ], [ 72.8754024, 19.2931147 ], [ 72.875376, 19.2930306 ], [ 72.8751516, 19.2927315 ], [ 72.8749998, 19.2929869 ], [ 72.8747985, 19.293071 ], [ 72.8745708, 19.2930586 ], [ 72.8744421, 19.2930056 ], [ 72.8742342, 19.2931489 ], [ 72.874287, 19.2932891 ], [ 72.8742804, 19.2934012 ], [ 72.8743695, 19.2934884 ], [ 72.8744025, 19.2934697 ], [ 72.8744883, 19.2935943 ], [ 72.8744817, 19.2936753 ], [ 72.8749998, 19.2936379 ], [ 72.874974, 19.2939641 ] ] ] } },
{ "type": "Feature", "properties": { "land_type": "Open Land", "source": "OpenStreetMap (Overpass, Dahisar extract)", "priority": 30 }, "geometry": { "type": "Polygon", "coordinates": [ [ [ 72.8749415, 19.2944537 ], [ 72.875128, 19.2946344 ], [ 72.8754637, 19.2943645 ], [ 72.8752946, 19.2941344 ], [ 72.8749415, 19.2944537 ] ] ] } },
{ "type": "Feature", "properties": { "land_type": "Park", "source": "OpenStreetMap (Overpass, Dahisar extract)", "priority": 85 }, "geometry": { "type": "Polygon", "coordinates": [ [ [ 72.875602, 19.2944162 ], [ 72.8757289, 19.2945728 ], [ 72.8762138, 19.2942273 ], [ 72.8761553, 19.2941612 ], [ 72.8760641, 19.2940691 ], [ 72.875602, 19.2944162 ] ] ] } },
{ "type": "Feature", "properties": { "land_type": "Open Land", "source": "OpenStreetMap (Overpass, Dahisar extract)", "priority": 30 }, "geometry": { "type": "Polygon", "coordinates": [ [ [ 72.8758363, 19.2942042 ], [ 72.8760654, 19.2940542 ], [ 72.8761661, 19.2941563 ], [ 72.8762838, 19.2940829 ], [ 72.875934, 19.2936713 ], [ 72.8758461, 19.2937266 ], [ 72.8758802, 19.2938018 ], [ 72.8758363, 19.2938602 ], [ 72.8758363, 19.2942042 ] ] ] } },
{ "type": "Feature", "properties": { "land_type": "Park", "source": "OpenStreetMap (Overpass, Dahisar extract)", "priority": 85 }, "geometry": { "type": "Polygon", "coordinates": [ [ [ 72.8771027, 19.2936966 ], [ 72.8771024, 19.2937234 ], [ 72.8775022, 19.2937994 ], [ 72.8775486, 19.2936904 ], [ 72.8773256, 19.2935153 ], [ 72.8771027, 19.2936966 ] ] ] } },
{ "type": "Feature", "properties": { "land_type": "Park", "source": "OpenStreetMap (Overpass, Dahisar extract)", "priority": 85 }, "geometry": { "type": "Polygon", "coordinates": [ [ [ 72.8766062, 19.2929865 ], [ 72.8766948, 19.2931352 ], [ 72.8768222, 19.2930476 ], [ 72.8771892, 19.2927338 ], [ 72.877118, 19.2925931 ], [ 72.8770813, 19.2925279 ], [ 72.8769409, 19.2925728 ], [ 72.8768848, 19.2928214 ], [ 72.8767207, 19.2929131 ], [ 72.8766062, 19.2929865 ] ] ] } },
{ "type": "Feature", "properties": { "land_type": "Open Land", "source": "OpenStreetMap (Overpass, Dahisar extract)", "priority": 30 }, "geometry": { "type": "Polygon", "coordinates": [ [ [ 72.8764491, 19.2940096 ], [ 72.8765486, 19.2939251 ], [ 72.8772897, 19.2940824 ], [ 72.8773718, 19.2937937 ], [ 72.8767674, 19.2936763 ], [ 72.8768072, 19.293634 ], [ 72.8764963, 19.2932913 ], [ 72.8761282, 19.293634 ], [ 72.8764491, 19.2940096 ] ] ] } },
{ "type": "Feature", "properties": { "land_type": "Open Land", "source": "OpenStreetMap (Overpass, Dahisar extract)", "priority": 30 }, "geometry": { "type": "Polygon", "coordinates": [ [ [ 72.8761257, 19.2905792 ], [ 72.8766999, 19.2912333 ], [ 72.8769771, 19.2910247 ], [ 72.8769738, 19.2905948 ], [ 72.8766768, 19.2905232 ], [ 72.8766834, 19.290436 ], [ 72.8761323, 19.290436 ], [ 72.8761257, 19.2905792 ] ] ] } },
{ "type": "Feature", "properties": { "land_type": "Commercial", "source": "OpenStreetMap (Overpass, Dahisar extract)", "priority": 55 }, "geometry": { "type": "Polygon", "coordinates": [ [ [ 72.8764053, 19.2915562 ], [ 72.8767519, 19.2918482 ], [ 72.8770098, 19.2915751 ], [ 72.8771416, 19.2914264 ], [ 72.8770527, 19.291321 ], [ 72.8770785, 19.291275 ], [ 72.8769954, 19.2912317 ], [ 72.8769954, 19.2910533 ], [ 72.8764053, 19.2915562 ] ] ] } },
{ "type": "Feature", "properties": { "land_type": "Open Land", "source": "OpenStreetMap (Overpass, Dahisar extract)", "priority": 30 }, "geometry": { "type": "Polygon", "coordinates": [ [ [ 72.8761705, 19.2915619 ], [ 72.8763538, 19.2918379 ], [ 72.8763655, 19.2918556 ], [ 72.8764048, 19.2918291 ], [ 72.8766017, 19.291845 ], [ 72.8766523, 19.2917919 ], [ 72.8763824, 19.2915602 ], [ 72.8764929, 19.2914523 ], [ 72.8764048, 19.2913744 ], [ 72.8763092, 19.2914523 ], [ 72.8761687, 19.2914204 ], [ 72.8761705, 19.2915619 ] ] ] } },
{ "type": "Feature", "properties": { "land_type": "Open Land", "source": "OpenStreetMap (Overpass, Dahisar extract)", "priority": 30 }, "geometry": { "type": "Polygon", "coordinates": [ [ [ 72.8752427, 19.292548 ], [ 72.8755557, 19.2929708 ], [ 72.8759906, 19.292594 ], [ 72.8758594, 19.2923587 ], [ 72.87567, 19.2924347 ], [ 72.8756157, 19.2923481 ], [ 72.8752427, 19.292548 ] ] ] } },
{ "type": "Feature", "properties": { "land_type": "Park", "source": "OpenStreetMap (Overpass, Dahisar extract)", "priority": 85 }, "geometry": { "type": "Polygon", "coordinates": [ [ [ 72.8773869, 19.2907069 ], [ 72.877644, 19.2905717 ], [ 72.8774748, 19.2904289 ], [ 72.8773869, 19.2907069 ] ] ] } },
{ "type": "Feature", "properties": { "land_type": "Park", "source": "OpenStreetMap (Overpass, Dahisar extract)", "priority": 85 }, "geometry": { "type": "Polygon", "coordinates": [ [ [ 72.8770964, 19.2925151 ], [ 72.8771854, 19.2926831 ], [ 72.8773535, 19.2924937 ], [ 72.8775216, 19.2923866 ], [ 72.8776382, 19.292405 ], [ 72.8777462, 19.2923846 ], [ 72.8777138, 19.2923072 ], [ 72.8776642, 19.2923092 ], [ 72.8776166, 19.2923235 ], [ 72.8775951, 19.2923092 ], [ 72.8776102, 19.2922379 ], [ 72.8773921, 19.2924294 ], [ 72.8773575, 19.2924376 ], [ 72.87731, 19.2924172 ], [ 72.8772949, 19.2924131 ], [ 72.8772518, 19.2924233 ], [ 72.8772042, 19.2924315 ], [ 72.8771416, 19.2924702 ], [ 72.8770964, 19.2925151 ] ] ] } },
{ "type": "Feature", "properties": { "land_type": "Park", "source": "OpenStreetMap (Overpass, Dahisar extract)", "priority": 85 }, "geometry": { "type": "Polygon", "coordinates": [ [ [ 72.8769449, 19.2940824 ], [ 72.8772645, 19.2941497 ], [ 72.8771501, 19.2944309 ], [ 72.8774588, 19.2941619 ], [ 72.8776337, 19.2939927 ], [ 72.8773919, 19.2939072 ], [ 72.8773034, 19.2941089 ], [ 72.8769493, 19.2940376 ], [ 72.8769449, 19.2940824 ] ] ] } },
{ "type": "Feature", "properties": { "land_type": "Park", "source": "OpenStreetMap (Overpass, Dahisar extract)", "priority": 85 }, "geometry": { "type": "Polygon", "coordinates": [ [ [ 72.8734295, 19.2952045 ], [ 72.87363, 19.2953779 ], [ 72.8740143, 19.2950117 ], [ 72.8738531, 19.294856 ], [ 72.8734295, 19.2952045 ] ] ] } },
{ "type": "Feature", "properties": { "land_type": "Park", "source": "OpenStreetMap (Overpass, Dahisar extract)", "priority": 85 }, "geometry": { "type": "Polygon", "coordinates": [ [ [ 72.873262, 19.2950396 ], [ 72.8734089, 19.2951893 ], [ 72.8736807, 19.2949374 ], [ 72.8735163, 19.2947807 ], [ 72.873262, 19.2950396 ] ] ] } },
{ "type": "Feature", "properties": { "land_type": "Park", "source": "OpenStreetMap (Overpass, Dahisar extract)", "priority": 85 }, "geometry": { "type": "Polygon", "coordinates": [ [ [ 72.8732942, 19.29378 ], [ 72.8735926, 19.294111 ], [ 72.8737941, 19.2939138 ], [ 72.8735827, 19.2936369 ], [ 72.8734857, 19.2936908 ], [ 72.8734509, 19.2936462 ], [ 72.8733083, 19.2937679 ], [ 72.8732942, 19.29378 ] ] ] } },
{ "type": "Feature", "properties": { "land_type": "Park", "source": "OpenStreetMap (Overpass, Dahisar extract)", "priority": 85 }, "geometry": { "type": "Polygon", "coordinates": [ [ [ 72.8730444, 19.2948786 ], [ 72.8730959, 19.2949213 ], [ 72.8734133, 19.2946767 ], [ 72.8732795, 19.2945483 ], [ 72.8732513, 19.2945621 ], [ 72.8731134, 19.2944339 ], [ 72.8730675, 19.2944786 ], [ 72.8731507, 19.2945939 ], [ 72.873149, 19.2946888 ], [ 72.8730911, 19.2947939 ], [ 72.8730444, 19.2948786 ] ] ] } },
{ "type": "Feature", "properties": { "land_type": "Residential", "source": "OpenStreetMap (Overpass, Dahisar extract)", "priority": 50 }, "geometry": { "type": "Polygon", "coordinates": [ [ [ 72.8706272, 19.2970818 ], [ 72.8720093, 19.2985478 ], [ 72.8750826, 19.2960865 ], [ 72.8737472, 19.2946297 ], [ 72.8706272, 19.2970818 ] ] ] } },
{ "type": "Feature", "properties": { "land_type": "Residential", "source": "OpenStreetMap (Overpass, Dahisar extract)", "priority": 50 }, "geometry": { "type": "Polygon", "coordinates": [ [ [ 72.8757693, 19.2955379 ], [ 72.8777517, 19.2939548 ], [ 72.8777849, 19.2911342 ], [ 72.8755268, 19.2931235 ], [ 72.8740779, 19.2913774 ], [ 72.8723721, 19.2927186 ], [ 72.872832, 19.2932658 ], [ 72.8730727, 19.2930977 ], [ 72.873204, 19.2930425 ], [ 72.8732973, 19.2931536 ], [ 72.8735745, 19.2930726 ], [ 72.8736863, 19.2932023 ], [ 72.8739628, 19.293554 ], [ 72.8739858, 19.2937126 ], [ 72.8737941, 19.2939138 ], [ 72.8735926, 19.294111 ], [ 72.8749113, 19.2955735 ], [ 72.8757693, 19.2955379 ] ] ] } },
{ "type": "Feature", "properties": { "land_type": "Residential", "source": "OpenStreetMap (Overpass, Dahisar extract)", "priority": 50 }, "geometry": { "type": "Polygon", "coordinates": [ [ [ 72.8741596, 19.291327 ], [ 72.8754088, 19.2928318 ], [ 72.8755622, 19.2930025 ], [ 72.8774316, 19.2913164 ], [ 72.8775399, 19.2912187 ], [ 72.877772, 19.2909645 ], [ 72.8777584, 19.2904393 ], [ 72.8752866, 19.2904274 ], [ 72.8741596, 19.291327 ] ] ] } },
{ "type": "Feature", "properties": { "land_type": "Residential", "source": "OpenStreetMap (Overpass, Dahisar extract)", "priority": 50 }, "geometry": { "type": "Polygon", "coordinates": [ [ [ 72.8750468, 19.2905052 ], [ 72.8723921, 19.2904533 ], [ 72.8723829, 19.2925168 ], [ 72.8750468, 19.2905052 ] ] ] } },
{ "type": "Feature", "properties": { "land_type": "Open Land", "source": "OpenStreetMap (Overpass, Dahisar extract)", "priority": 30 }, "geometry": { "type": "Polygon", "coordinates": [ [ [ 72.8829678, 19.2826506 ], [ 72.8831683, 19.2825435 ], [ 72.8832161, 19.2824067 ], [ 72.883288, 19.2823639 ], [ 72.8837733, 19.2822912 ], [ 72.8838028, 19.2818759 ], [ 72.8837368, 19.281783 ], [ 72.8828388, 19.2825032 ], [ 72.8829678, 19.2826506 ] ] ] } },
{ "type": "Feature", "properties": { "land_type": "Water Body", "source": "OpenStreetMap (Overpass, Dahisar extract)", "priority": 95 }, "geometry": { "type": "Polygon", "coordinates": [ [ [ 72.8834264, 19.2901541 ], [ 72.8835975, 19.2899506 ], [ 72.8836421, 19.2895997 ], [ 72.8834562, 19.2894523 ], [ 72.8831959, 19.2893681 ], [ 72.8831513, 19.2901541 ], [ 72.8833521, 19.2901962 ], [ 72.8834264, 19.2901541 ] ] ] } },
{ "type": "Feature", "properties": { "land_type": "Park", "source": "OpenStreetMap (Overpass, Dahisar extract)", "priority": 85 }, "geometry": { "type": "Polygon", "coordinates": [ [ [ 72.873824, 19.2897673 ], [ 72.8739015, 19.2898404 ], [ 72.8740092, 19.2897657 ], [ 72.874053, 19.2897816 ], [ 72.8741893, 19.2898929 ], [ 72.8742314, 19.2898357 ], [ 72.8742213, 19.2896784 ], [ 72.8740681, 19.2895528 ], [ 72.873824, 19.2897673 ] ] ] } },
{ "type": "Feature", "properties": { "land_type": "Park", "source": "OpenStreetMap (Overpass, Dahisar extract)", "priority": 85 }, "geometry": { "type": "Polygon", "coordinates": [ [ [ 72.8738033, 19.290353 ], [ 72.8738908, 19.2904536 ], [ 72.8741788, 19.290268 ], [ 72.8740811, 19.290159 ], [ 72.8738033, 19.290353 ] ] ] } },
{ "type": "Feature", "properties": { "land_type": "Park", "source": "OpenStreetMap (Overpass, Dahisar extract)", "priority": 85 }, "geometry": { "type": "Polygon", "coordinates": [ [ [ 72.8749995, 19.2895775 ], [ 72.8750432, 19.2898286 ], [ 72.8752722, 19.2897904 ], [ 72.8751964, 19.2897031 ], [ 72.8751661, 19.2896316 ], [ 72.8753412, 19.2895712 ], [ 72.8753244, 19.2894409 ], [ 72.8751022, 19.2894885 ], [ 72.875055, 19.2895362 ], [ 72.8749995, 19.2895775 ] ] ] } },
{ "type": "Feature", "properties": { "land_type": "Park", "source": "OpenStreetMap (Overpass, Dahisar extract)", "priority": 85 }, "geometry": { "type": "Polygon", "coordinates": [ [ [ 72.8757009, 19.2894485 ], [ 72.8757531, 19.28952 ], [ 72.8758524, 19.2894358 ], [ 72.8758928, 19.2893897 ], [ 72.8758574, 19.2893437 ], [ 72.875817, 19.2893214 ], [ 72.8757564, 19.2893421 ], [ 72.8756992, 19.2892706 ], [ 72.8757093, 19.2892308 ], [ 72.8756537, 19.28918 ], [ 72.8756116, 19.2891403 ], [ 72.8755898, 19.2891689 ], [ 72.8755527, 19.2891991 ], [ 72.875679, 19.2893341 ], [ 72.8756723, 19.2893738 ], [ 72.8757009, 19.2894485 ] ] ] } },
{ "type": "Feature", "properties": { "land_type": "Park", "source": "OpenStreetMap (Overpass, Dahisar extract)", "priority": 85 }, "geometry": { "type": "Polygon", "coordinates": [ [ [ 72.875715, 19.2886506 ], [ 72.8756682, 19.2886136 ], [ 72.8756529, 19.2886587 ], [ 72.8756022, 19.2887219 ], [ 72.8755324, 19.2887661 ], [ 72.8754234, 19.2887869 ], [ 72.8754301, 19.2888085 ], [ 72.8754387, 19.2888302 ], [ 72.8755591, 19.2888266 ], [ 72.875629, 19.2887986 ], [ 72.8756749, 19.2887463 ], [ 72.875715, 19.2886506 ] ] ] } },
{ "type": "Feature", "properties": { "land_type": "Industrial", "source": "OpenStreetMap (Overpass, Dahisar extract)", "priority": 60 }, "geometry": { "type": "Polygon", "coordinates": [ [ [ 72.8733364, 19.2894377 ], [ 72.8735165, 19.2894725 ], [ 72.8736853, 19.2895695 ], [ 72.8739466, 19.2893455 ], [ 72.8737335, 19.2891815 ], [ 72.8732818, 19.2891767 ], [ 72.8733529, 19.2892653 ], [ 72.8733338, 19.2893084 ], [ 72.8733605, 19.2893168 ], [ 72.8733364, 19.2894377 ] ] ] } },
{ "type": "Feature", "properties": { "land_type": "Industrial", "source": "OpenStreetMap (Overpass, Dahisar extract)", "priority": 60 }, "geometry": { "type": "Polygon", "coordinates": [ [ [ 72.8731652, 19.2898162 ], [ 72.8733986, 19.2897563 ], [ 72.8735522, 19.2895443 ], [ 72.8735052, 19.2894988 ], [ 72.8733428, 19.2894665 ], [ 72.8732756, 19.2894701 ], [ 72.8731652, 19.2898162 ] ] ] } },
{ "type": "Feature", "properties": { "land_type": "Open Land", "source": "OpenStreetMap (Overpass, Dahisar extract)", "priority": 30 }, "geometry": { "type": "Polygon", "coordinates": [ [ [ 72.8726465, 19.287203 ], [ 72.8727392, 19.2876461 ], [ 72.8730208, 19.2875024 ], [ 72.8732023, 19.2872617 ], [ 72.8732758, 19.287106 ], [ 72.8730563, 19.2870893 ], [ 72.8727633, 19.2871324 ], [ 72.8727747, 19.2871551 ], [ 72.8726465, 19.287203 ] ] ] } },
{ "type": "Feature", "properties": { "land_type": "Forest", "source": "OpenStreetMap (Overpass, Dahisar extract)", "priority": 90 }, "geometry": { "type": "Polygon", "coordinates": [ [ [ 72.8759609, 19.2899614 ], [ 72.8759848, 19.2900029 ], [ 72.8760059, 19.2900174 ], [ 72.8760384, 19.2900192 ], [ 72.8760776, 19.2900138 ], [ 72.8760986, 19.2900174 ], [ 72.8761311, 19.29003 ], [ 72.8761608, 19.2900553 ], [ 72.8761971, 19.2900769 ], [ 72.8762334, 19.2900905 ], [ 72.8762449, 19.2900769 ], [ 72.8762535, 19.2900634 ], [ 72.8762593, 19.2900571 ], [ 72.876308, 19.2900634 ], [ 72.8763367, 19.290067 ], [ 72.8763549, 19.2900074 ], [ 72.8760259, 19.2898874 ], [ 72.8759628, 19.2899298 ], [ 72.8759609, 19.2899614 ] ] ] } },
{ "type": "Feature", "properties": { "land_type": "Park", "source": "OpenStreetMap (Overpass, Dahisar extract)", "priority": 85 }, "geometry": { "type": "Polygon", "coordinates": [ [ [ 72.8765887, 19.2898223 ], [ 72.876736, 19.2899504 ], [ 72.876992, 19.2896997 ], [ 72.8768582, 19.2895624 ], [ 72.8765887, 19.2898223 ] ] ] } },
{ "type": "Feature", "properties": { "land_type": "Park", "source": "OpenStreetMap (Overpass, Dahisar extract)", "priority": 85 }, "geometry": { "type": "Polygon", "coordinates": [ [ [ 72.8756282, 19.2858044 ], [ 72.875658, 19.2858647 ], [ 72.8757079, 19.2859063 ], [ 72.875761, 19.2859164 ], [ 72.875927, 19.2859063 ], [ 72.8759229, 19.2858083 ], [ 72.8759801, 19.2857926 ], [ 72.8760805, 19.2857935 ], [ 72.8761685, 19.2857999 ], [ 72.8761743, 19.2857764 ], [ 72.8761083, 19.2857728 ], [ 72.8760394, 19.2857313 ], [ 72.8759342, 19.2856221 ], [ 72.8759065, 19.2855796 ], [ 72.8759027, 19.2855156 ], [ 72.8759075, 19.2854948 ], [ 72.8757334, 19.2854984 ], [ 72.8757153, 19.2855986 ], [ 72.8756904, 19.2856275 ], [ 72.8756369, 19.2856347 ], [ 72.8756311, 19.2856527 ], [ 72.8756282, 19.2858044 ] ] ] } },
{ "type": "Feature", "properties": { "land_type": "Open Land", "source": "OpenStreetMap (Overpass, Dahisar extract)", "priority": 30 }, "geometry": { "type": "Polygon", "coordinates": [ [ [ 72.8793055, 19.2902886 ], [ 72.8794315, 19.2900138 ], [ 72.8796028, 19.2901287 ], [ 72.8794861, 19.290385 ], [ 72.8799176, 19.2903974 ], [ 72.8809001, 19.2903778 ], [ 72.8806499, 19.2900813 ], [ 72.8804134, 19.2898837 ], [ 72.880307, 19.2897847 ], [ 72.8797641, 19.2896018 ], [ 72.879657, 19.2895178 ], [ 72.8795067, 19.2894061 ], [ 72.8792801, 19.289335 ], [ 72.8791859, 19.2893401 ], [ 72.879087, 19.2893035 ], [ 72.8785008, 19.2897895 ], [ 72.8784077, 19.2898972 ], [ 72.8784762, 19.2899416 ], [ 72.8785954, 19.289932 ], [ 72.8787404, 19.2901663 ], [ 72.8788141, 19.2901473 ], [ 72.8789705, 19.2903054 ], [ 72.8791514, 19.2901579 ], [ 72.8793055, 19.2902886 ] ] ] } },
{ "type": "Feature", "properties": { "land_type": "Forest", "source": "OpenStreetMap (Overpass, Dahisar extract)", "priority": 90 }, "geometry": { "type": "Polygon", "coordinates": [ [ [ 72.8775849, 19.2891605 ], [ 72.877619, 19.2891709 ], [ 72.8776477, 19.2891532 ], [ 72.8776543, 19.2891283 ], [ 72.8776675, 19.2891106 ], [ 72.8777391, 19.2890441 ], [ 72.87776, 19.2890098 ], [ 72.8777688, 19.2889838 ], [ 72.8777578, 19.288964 ], [ 72.8777083, 19.2889599 ], [ 72.8776906, 19.2889942 ], [ 72.8776499, 19.2890441 ], [ 72.8776201, 19.2890732 ], [ 72.8775981, 19.2891189 ], [ 72.8775849, 19.2891605 ] ] ] } },
{ "type": "Feature", "properties": { "land_type": "Industrial", "source": "OpenStreetMap (Overpass, Dahisar extract)", "priority": 60 }, "geometry": { "type": "Polygon", "coordinates": [ [ [ 72.8785698, 19.2879458 ], [ 72.8790394, 19.2884098 ], [ 72.8791017, 19.2883955 ], [ 72.8791825, 19.2883224 ], [ 72.8787768, 19.2878013 ], [ 72.8785698, 19.2879458 ] ] ] } },
{ "type": "Feature", "properties": { "land_type": "Open Land", "source": "OpenStreetMap (Overpass, Dahisar extract)", "priority": 30 }, "geometry": { "type": "Polygon", "coordinates": [ [ [ 72.8768423, 19.2886831 ], [ 72.876922, 19.2887007 ], [ 72.8772458, 19.2887007 ], [ 72.8780098, 19.2881516 ], [ 72.8779148, 19.2880747 ], [ 72.8776685, 19.2880546 ], [ 72.8774397, 19.2880601 ], [ 72.8770455, 19.2882235 ], [ 72.8770947, 19.2883648 ], [ 72.8768155, 19.2883901 ], [ 72.8768423, 19.2886831 ] ] ] } },
{ "type": "Feature", "properties": { "land_type": "Park", "source": "OpenStreetMap (Overpass, Dahisar extract)", "priority": 85 }, "geometry": { "type": "Polygon", "coordinates": [ [ [ 72.8766231, 19.2883378 ], [ 72.8769211, 19.2883425 ], [ 72.8768655, 19.2881566 ], [ 72.8766231, 19.2883378 ] ] ] } },
{ "type": "Feature", "properties": { "land_type": "Park", "source": "OpenStreetMap (Overpass, Dahisar extract)", "priority": 85 }, "geometry": { "type": "Polygon", "coordinates": [ [ [ 72.8764075, 19.2879605 ], [ 72.8764548, 19.2880188 ], [ 72.8763953, 19.2880666 ], [ 72.8764383, 19.2881061 ], [ 72.8766982, 19.2879242 ], [ 72.8766487, 19.2878628 ], [ 72.8766057, 19.2878961 ], [ 72.8765628, 19.2878514 ], [ 72.8764075, 19.2879605 ] ] ] } },
{ "type": "Feature", "properties": { "land_type": "Residential", "source": "OpenStreetMap (Overpass, Dahisar extract)", "priority": 50 }, "geometry": { "type": "Polygon", "coordinates": [ [ [ 72.8773741, 19.2875372 ], [ 72.8775806, 19.2875213 ], [ 72.8778986, 19.2875799 ], [ 72.8781507, 19.2876988 ], [ 72.8784338, 19.2878453 ], [ 72.8786005, 19.2877043 ], [ 72.8784633, 19.2875821 ], [ 72.8781359, 19.2873117 ], [ 72.8780833, 19.2872979 ], [ 72.8779624, 19.2872155 ], [ 72.8779339, 19.2871962 ], [ 72.877753, 19.2870703 ], [ 72.8775471, 19.2870254 ], [ 72.877418, 19.2872592 ], [ 72.8773769, 19.2872682 ], [ 72.8773741, 19.2875372 ] ] ] } },
{ "type": "Feature", "properties": { "land_type": "Park", "source": "OpenStreetMap (Overpass, Dahisar extract)", "priority": 85 }, "geometry": { "type": "Polygon", "coordinates": [ [ [ 72.8777049, 19.286731 ], [ 72.8777688, 19.2868069 ], [ 72.8779076, 19.2867289 ], [ 72.8778041, 19.2866187 ], [ 72.8776708, 19.2867092 ], [ 72.8777049, 19.286731 ] ] ] } },
{ "type": "Feature", "properties": { "land_type": "Forest", "source": "OpenStreetMap (Overpass, Dahisar extract)", "priority": 90 }, "geometry": { "type": "Polygon", "coordinates": [ [ [ 72.880442, 19.2876333 ], [ 72.8809369, 19.2883074 ], [ 72.8812244, 19.2881536 ], [ 72.8812807, 19.2880613 ], [ 72.8812096, 19.287885 ], [ 72.8810495, 19.2876557 ], [ 72.8808124, 19.2875214 ], [ 72.8806168, 19.2874514 ], [ 72.8804212, 19.2875857 ], [ 72.880442, 19.2876333 ] ] ] } },
{ "type": "Feature", "properties": { "land_type": "Forest", "source": "OpenStreetMap (Overpass, Dahisar extract)", "priority": 90 }, "geometry": { "type": "Polygon", "coordinates": [ [ [ 72.8810017, 19.2893905 ], [ 72.8812043, 19.2895823 ], [ 72.8814852, 19.2899799 ], [ 72.8816754, 19.2902107 ], [ 72.8819427, 19.2903347 ], [ 72.8821193, 19.2902706 ], [ 72.8821012, 19.2898773 ], [ 72.8820449, 19.2894549 ], [ 72.8819886, 19.2892534 ], [ 72.8818493, 19.2891415 ], [ 72.8816448, 19.2892255 ], [ 72.8814581, 19.2892562 ], [ 72.8813277, 19.2892786 ], [ 72.8812803, 19.2891835 ], [ 72.8813662, 19.2889569 ], [ 72.8813336, 19.2888646 ], [ 72.881138, 19.2889262 ], [ 72.8809898, 19.2889541 ], [ 72.8809928, 19.2889961 ], [ 72.8810698, 19.2890241 ], [ 72.8810017, 19.2893905 ] ] ] } },
{ "type": "Feature", "properties": { "land_type": "Open Land", "source": "OpenStreetMap (Overpass, Dahisar extract)", "priority": 30 }, "geometry": { "type": "Polygon", "coordinates": [ [ [ 72.8792112, 19.2880215 ], [ 72.8794021, 19.2882556 ], [ 72.8798982, 19.2878836 ], [ 72.879717, 19.2876274 ], [ 72.8794815, 19.2873699 ], [ 72.8789673, 19.28772 ], [ 72.8792112, 19.2880215 ] ] ] } },
{ "type": "Feature", "properties": { "land_type": "Park", "source": "OpenStreetMap (Overpass, Dahisar extract)", "priority": 85 }, "geometry": { "type": "Polygon", "coordinates": [ [ [ 72.876576, 19.2866012 ], [ 72.8769574, 19.2870392 ], [ 72.8773624, 19.2867719 ], [ 72.8773742, 19.2863191 ], [ 72.8774411, 19.2862486 ], [ 72.8772445, 19.2860815 ], [ 72.876576, 19.2866012 ] ] ] } },
{ "type": "Feature", "properties": { "land_type": "Park", "source": "OpenStreetMap (Overpass, Dahisar extract)", "priority": 85 }, "geometry": { "type": "Polygon", "coordinates": [ [ [ 72.8771773, 19.2855062 ], [ 72.877216, 19.2854808 ], [ 72.8772564, 19.2854172 ], [ 72.8772716, 19.2853394 ], [ 72.8772446, 19.2852409 ], [ 72.8772025, 19.2852123 ], [ 72.8769803, 19.2849835 ], [ 72.8769113, 19.2850168 ], [ 72.8768928, 19.2850772 ], [ 72.8768911, 19.2851122 ], [ 72.8769568, 19.2851598 ], [ 72.876982, 19.285225 ], [ 72.8769702, 19.2852885 ], [ 72.8771773, 19.2855062 ] ] ] } },
{ "type": "Feature", "properties": { "land_type": "Park", "source": "OpenStreetMap (Overpass, Dahisar extract)", "priority": 85 }, "geometry": { "type": "Polygon", "coordinates": [ [ [ 72.8802286, 19.2858007 ], [ 72.8803444, 19.2864467 ], [ 72.8805077, 19.2864044 ], [ 72.8806634, 19.2863666 ], [ 72.8804968, 19.2857448 ], [ 72.880383, 19.2857886 ], [ 72.8802286, 19.2858007 ] ] ] } },
{ "type": "Feature", "properties": { "land_type": "Park", "source": "OpenStreetMap (Overpass, Dahisar extract)", "priority": 85 }, "geometry": { "type": "Polygon", "coordinates": [ [ [ 72.8801537, 19.2859353 ], [ 72.8802112, 19.2859158 ], [ 72.8801711, 19.2855487 ], [ 72.8801072, 19.2854962 ], [ 72.8799977, 19.2855105 ], [ 72.8800062, 19.2855312 ], [ 72.8798496, 19.2856647 ], [ 72.8801537, 19.2859353 ] ] ] } },
{ "type": "Feature", "properties": { "land_type": "Park", "source": "OpenStreetMap (Overpass, Dahisar extract)", "priority": 85 }, "geometry": { "type": "Polygon", "coordinates": [ [ [ 72.8800935, 19.2852193 ], [ 72.8802299, 19.2853512 ], [ 72.8803241, 19.2851208 ], [ 72.8802837, 19.2850779 ], [ 72.8800935, 19.2852193 ] ] ] } },
{ "type": "Feature", "properties": { "land_type": "Park", "source": "OpenStreetMap (Overpass, Dahisar extract)", "priority": 85 }, "geometry": { "type": "Polygon", "coordinates": [ [ [ 72.8793847, 19.2859169 ], [ 72.8797106, 19.2857417 ], [ 72.8796463, 19.2857389 ], [ 72.8795001, 19.2857196 ], [ 72.8792868, 19.2858493 ], [ 72.8793847, 19.2859169 ] ] ] } },
{ "type": "Feature", "properties": { "land_type": "Park", "source": "OpenStreetMap (Overpass, Dahisar extract)", "priority": 85 }, "geometry": { "type": "Polygon", "coordinates": [ [ [ 72.8815364, 19.2867428 ], [ 72.8821683, 19.2867107 ], [ 72.8818014, 19.2863452 ], [ 72.8815364, 19.2867428 ] ] ] } },
{ "type": "Feature", "properties": { "land_type": "Forest", "source": "OpenStreetMap (Overpass, Dahisar extract)", "priority": 90 }, "geometry": { "type": "Polygon", "coordinates": [ [ [ 72.8831395, 19.2891819 ], [ 72.8829007, 19.2891126 ], [ 72.8827537, 19.2890389 ], [ 72.882694, 19.2888654 ], [ 72.8824047, 19.2888481 ], [ 72.8822715, 19.2888481 ], [ 72.8822118, 19.2889391 ], [ 72.8822577, 19.2890995 ], [ 72.8823036, 19.2892686 ], [ 72.882345, 19.2894984 ], [ 72.8824047, 19.2897845 ], [ 72.8825746, 19.2898625 ], [ 72.8829972, 19.2898322 ], [ 72.883089, 19.2898495 ], [ 72.8831395, 19.2891819 ] ] ] } },
{ "type": "Feature", "properties": { "land_type": "Residential", "source": "OpenStreetMap (Overpass, Dahisar extract)", "priority": 50 }, "geometry": { "type": "Polygon", "coordinates": [ [ [ 72.8804528, 19.2889664 ], [ 72.8805781, 19.2889472 ], [ 72.8809297, 19.2889528 ], [ 72.8811912, 19.2888678 ], [ 72.8814045, 19.2887798 ], [ 72.8814256, 19.2889358 ], [ 72.8814796, 19.2890918 ], [ 72.8815367, 19.2891429 ], [ 72.8816329, 19.28914 ], [ 72.8817681, 19.2891032 ], [ 72.8817922, 19.2890408 ], [ 72.8817952, 19.2888763 ], [ 72.8817321, 19.2887344 ], [ 72.88166, 19.2884735 ], [ 72.8815638, 19.2881643 ], [ 72.8814045, 19.2877644 ], [ 72.8811667, 19.2874865 ], [ 72.8807397, 19.2872603 ], [ 72.8806031, 19.2872232 ], [ 72.8804546, 19.2874681 ], [ 72.8804751, 19.28751 ], [ 72.880598, 19.2874456 ], [ 72.8806731, 19.2873827 ], [ 72.8809274, 19.2875568 ], [ 72.8811032, 19.2876647 ], [ 72.8812738, 19.2879503 ], [ 72.881363, 19.2883117 ], [ 72.8813242, 19.2884075 ], [ 72.8813346, 19.2884543 ], [ 72.8814077, 19.2886069 ], [ 72.881199, 19.2886389 ], [ 72.8809772, 19.2887301 ], [ 72.8807085, 19.2887842 ], [ 72.880625, 19.288767 ], [ 72.8805363, 19.2887867 ], [ 72.8804763, 19.2888359 ], [ 72.8804372, 19.2888803 ], [ 72.8804293, 19.2889246 ], [ 72.8804528, 19.2889664 ] ] ] } },
{ "type": "Feature", "properties": { "land_type": "Agriculture", "source": "OpenStreetMap (Overpass, Dahisar extract)", "priority": 80 }, "geometry": { "type": "Polygon", "coordinates": [ [ [ 72.8803756, 19.2866516 ], [ 72.8803636, 19.2868133 ], [ 72.8804176, 19.2869154 ], [ 72.8805409, 19.28706 ], [ 72.8806641, 19.2871111 ], [ 72.8811269, 19.2873323 ], [ 72.8811569, 19.2872813 ], [ 72.8812501, 19.287077 ], [ 72.8812921, 19.2868416 ], [ 72.8803756, 19.2866516 ] ] ] } },
{ "type": "Feature", "properties": { "land_type": "Park", "source": "OpenStreetMap (Overpass, Dahisar extract)", "priority": 85 }, "geometry": { "type": "Polygon", "coordinates": [ [ [ 72.881936, 19.2870226 ], [ 72.8821262, 19.2873518 ], [ 72.8824501, 19.2872578 ], [ 72.8829166, 19.2871039 ], [ 72.8825724, 19.2867811 ], [ 72.8824116, 19.286687 ], [ 72.8823753, 19.2869329 ], [ 72.881936, 19.2870226 ] ] ] } },
{ "type": "Feature", "properties": { "land_type": "Park", "source": "OpenStreetMap (Overpass, Dahisar extract)", "priority": 85 }, "geometry": { "type": "Polygon", "coordinates": [ [ [ 72.8793598, 19.2868339 ], [ 72.879551, 19.2870627 ], [ 72.879708, 19.2869612 ], [ 72.879761, 19.2866986 ], [ 72.8797302, 19.2866792 ], [ 72.8793137, 19.2867872 ], [ 72.8793598, 19.2868339 ] ] ] } },
{ "type": "Feature", "properties": { "land_type": "Industrial", "source": "OpenStreetMap (Overpass, Dahisar extract)", "priority": 60 }, "geometry": { "type": "Polygon", "coordinates": [ [ [ 72.8771258, 19.2846585 ], [ 72.8773684, 19.2848949 ], [ 72.8777259, 19.2850279 ], [ 72.8778433, 19.2849638 ], [ 72.8779294, 19.2850008 ], [ 72.8779737, 19.284986 ], [ 72.8781328, 19.2851165 ], [ 72.8783233, 19.2849343 ], [ 72.8779424, 19.2845033 ], [ 72.877885, 19.28456 ], [ 72.8776189, 19.2842916 ], [ 72.8771258, 19.2846585 ] ] ] } },
{ "type": "Feature", "properties": { "land_type": "Park", "source": "OpenStreetMap (Overpass, Dahisar extract)", "priority": 85 }, "geometry": { "type": "Polygon", "coordinates": [ [ [ 72.8770964, 19.28369 ], [ 72.8772281, 19.2840278 ], [ 72.8774169, 19.2839517 ], [ 72.877523, 19.2836881 ], [ 72.877468, 19.2835582 ], [ 72.8770964, 19.28369 ] ] ] } },
{ "type": "Feature", "properties": { "land_type": "Park", "source": "OpenStreetMap (Overpass, Dahisar extract)", "priority": 85 }, "geometry": { "type": "Polygon", "coordinates": [ [ [ 72.8790936, 19.2840437 ], [ 72.8791202, 19.2840731 ], [ 72.8792744, 19.2839472 ], [ 72.8793544, 19.2839584 ], [ 72.8794537, 19.2840297 ], [ 72.8794003, 19.2839066 ], [ 72.879304, 19.283764 ], [ 72.8791588, 19.2838745 ], [ 72.8791899, 19.2839472 ], [ 72.8790936, 19.2840437 ] ] ] } },
{ "type": "Feature", "properties": { "land_type": "Park", "source": "OpenStreetMap (Overpass, Dahisar extract)", "priority": 85 }, "geometry": { "type": "Polygon", "coordinates": [ [ [ 72.8826824, 19.2863542 ], [ 72.8828406, 19.2864769 ], [ 72.8828857, 19.2865097 ], [ 72.8829899, 19.2865194 ], [ 72.8833085, 19.2865157 ], [ 72.8833203, 19.286422 ], [ 72.8834078, 19.2862486 ], [ 72.8831588, 19.2862346 ], [ 72.8829602, 19.2862542 ], [ 72.8828461, 19.286215 ], [ 72.8826824, 19.2863542 ] ] ] } },
{ "type": "Feature", "properties": { "land_type": "Residential", "source": "OpenStreetMap (Overpass, Dahisar extract)", "priority": 50 }, "geometry": { "type": "Polygon", "coordinates": [ [ [ 72.8492671, 19.2944413 ], [ 72.8493082, 19.2944639 ], [ 72.8499587, 19.2945253 ], [ 72.849986, 19.2946319 ], [ 72.8503729, 19.2947062 ], [ 72.8503832, 19.2943573 ], [ 72.8504174, 19.2941408 ], [ 72.8508385, 19.2940148 ], [ 72.8509857, 19.2938694 ], [ 72.850859, 19.2934235 ], [ 72.8501709, 19.2933879 ], [ 72.8496677, 19.2933782 ], [ 72.8493904, 19.2934429 ], [ 72.8492671, 19.2944413 ] ] ] } },
{ "type": "Feature", "properties": { "land_type": "Residential", "source": "OpenStreetMap (Overpass, Dahisar extract)", "priority": 50 }, "geometry": { "type": "Polygon", "coordinates": [ [ [ 72.8460455, 19.2942935 ], [ 72.8462992, 19.2943259 ], [ 72.8469191, 19.2944131 ], [ 72.8471545, 19.2944159 ], [ 72.8490738, 19.2946072 ], [ 72.8491364, 19.2942162 ], [ 72.8492645, 19.2933752 ], [ 72.849345, 19.2927169 ], [ 72.8484898, 19.2926327 ], [ 72.8476853, 19.2925681 ], [ 72.8470006, 19.2924905 ], [ 72.8463638, 19.2924518 ], [ 72.8462509, 19.292539 ], [ 72.8462064, 19.2927458 ], [ 72.8461516, 19.2933888 ], [ 72.8460455, 19.2942935 ] ] ] } },
{ "type": "Feature", "properties": { "land_type": "Open Land", "source": "OpenStreetMap (Overpass, Dahisar extract)", "priority": 30 }, "geometry": { "type": "Polygon", "coordinates": [ [ [ 72.8483808, 19.2940505 ], [ 72.8484614, 19.2941804 ], [ 72.8486344, 19.2941971 ], [ 72.848719, 19.2941303 ], [ 72.8488605, 19.2941303 ], [ 72.8491102, 19.2940301 ], [ 72.8491633, 19.2935662 ], [ 72.8489549, 19.2935439 ], [ 72.8486226, 19.2936961 ], [ 72.8484103, 19.2938501 ], [ 72.8483808, 19.2940505 ] ] ] } },
{ "type": "Feature", "properties": { "land_type": "Wetland", "source": "OpenStreetMap (Overpass, Dahisar extract)", "priority": 100 }, "geometry": { "type": "Polygon", "coordinates": [ [ [ 72.8390008, 19.2974706 ], [ 72.8389639, 19.2965107 ], [ 72.8397637, 19.295838 ], [ 72.8410667, 19.2957322 ], [ 72.8420848, 19.2940005 ], [ 72.8425944, 19.293055 ], [ 72.8423688, 19.2913642 ], [ 72.8420293, 19.2898422 ], [ 72.8410495, 19.290152 ], [ 72.8411597, 19.2932932 ], [ 72.8373549, 19.2938062 ], [ 72.8373007, 19.292793 ], [ 72.8361558, 19.2928771 ], [ 72.8361328, 19.2934462 ], [ 72.8357428, 19.2942378 ], [ 72.8358733, 19.2949681 ], [ 72.8362106, 19.2960199 ], [ 72.8365665, 19.2966134 ], [ 72.8369443, 19.297277 ], [ 72.8378865, 19.2970352 ], [ 72.8382766, 19.2974859 ], [ 72.8390008, 19.2974706 ] ] ] } },
{ "type": "Feature", "properties": { "land_type": "Agriculture", "source": "OpenStreetMap (Overpass, Dahisar extract)", "priority": 80 }, "geometry": { "type": "Polygon", "coordinates": [ [ [ 72.8429079, 19.2904773 ], [ 72.8433941, 19.2927456 ], [ 72.8454276, 19.2924354 ], [ 72.8452701, 19.2915371 ], [ 72.8454002, 19.2915113 ], [ 72.8451879, 19.2904514 ], [ 72.8429079, 19.2904773 ] ] ] } },
{ "type": "Feature", "properties": { "land_type": "Forest", "source": "OpenStreetMap (Overpass, Dahisar extract)", "priority": 90 }, "geometry": { "type": "Polygon", "coordinates": [ [ [ 72.8469535, 19.2935471 ], [ 72.8470131, 19.2934655 ], [ 72.8469594, 19.2934571 ], [ 72.8468253, 19.2935415 ], [ 72.8467836, 19.2936315 ], [ 72.8466167, 19.293699 ], [ 72.8467389, 19.2936793 ], [ 72.8468253, 19.2936652 ], [ 72.8468462, 19.293744 ], [ 72.8468462, 19.2938481 ], [ 72.84687, 19.2939437 ], [ 72.8470012, 19.2939634 ], [ 72.8470071, 19.2940421 ], [ 72.8470995, 19.2942784 ], [ 72.8471233, 19.29436 ], [ 72.8471531, 19.2943656 ], [ 72.8470846, 19.2941659 ], [ 72.8470399, 19.2940253 ], [ 72.8469743, 19.293834 ], [ 72.8469028, 19.2937327 ], [ 72.8468641, 19.2936652 ], [ 72.8469535, 19.2935471 ] ] ] } },
{ "type": "Feature", "properties": { "land_type": "Residential", "source": "OpenStreetMap (Overpass, Dahisar extract)", "priority": 50 }, "geometry": { "type": "Polygon", "coordinates": [ [ [ 72.8448582, 19.2946964 ], [ 72.8448618, 19.2952626 ], [ 72.8448595, 19.2953894 ], [ 72.8452863, 19.2954677 ], [ 72.8453149, 19.2953171 ], [ 72.8453706, 19.2953477 ], [ 72.8454575, 19.2952841 ], [ 72.8454096, 19.2952253 ], [ 72.8453304, 19.2952351 ], [ 72.8452915, 19.2952033 ], [ 72.8451864, 19.2951029 ], [ 72.8452383, 19.2948984 ], [ 72.8451436, 19.2948555 ], [ 72.8451709, 19.2947662 ], [ 72.8451825, 19.2946376 ], [ 72.8448608, 19.2946046 ], [ 72.8448582, 19.2946964 ] ] ] } },
{ "type": "Feature", "properties": { "land_type": "Residential", "source": "OpenStreetMap (Overpass, Dahisar extract)", "priority": 50 }, "geometry": { "type": "Polygon", "coordinates": [ [ [ 72.8452045, 19.2946622 ], [ 72.8451857, 19.2947705 ], [ 72.8451652, 19.2948464 ], [ 72.8452525, 19.2948771 ], [ 72.8452713, 19.2949773 ], [ 72.845297, 19.2951518 ], [ 72.8453791, 19.2952131 ], [ 72.8454562, 19.2952245 ], [ 72.8455794, 19.2953699 ], [ 72.8456359, 19.2954846 ], [ 72.8456684, 19.2957091 ], [ 72.8459166, 19.2957285 ], [ 72.8461271, 19.2957899 ], [ 72.8466309, 19.2958805 ], [ 72.8467188, 19.295804 ], [ 72.8470714, 19.2958363 ], [ 72.847316, 19.2957789 ], [ 72.8473521, 19.2959623 ], [ 72.8475831, 19.2959953 ], [ 72.8476208, 19.2957659 ], [ 72.8476618, 19.2955602 ], [ 72.8476961, 19.2953878 ], [ 72.8477098, 19.295139 ], [ 72.8479871, 19.295139 ], [ 72.8481094, 19.295139 ], [ 72.8481856, 19.295139 ], [ 72.8482062, 19.2949064 ], [ 72.8463644, 19.294719 ], [ 72.8459553, 19.2946923 ], [ 72.8453124, 19.2946503 ], [ 72.8452758, 19.2946479 ], [ 72.8452045, 19.2946622 ] ] ] } },
{ "type": "Feature", "properties": { "land_type": "Park", "source": "OpenStreetMap (Overpass, Dahisar extract)", "priority": 85 }, "geometry": { "type": "Polygon", "coordinates": [ [ [ 72.8730753, 19.2861057 ], [ 72.873305, 19.2864134 ], [ 72.873388, 19.2863504 ], [ 72.8733346, 19.2860735 ], [ 72.8732176, 19.2860176 ], [ 72.8730753, 19.2861057 ] ] ] } },
{ "type": "Feature", "properties": { "land_type": "Park", "source": "OpenStreetMap (Overpass, Dahisar extract)", "priority": 85 }, "geometry": { "type": "Polygon", "coordinates": [ [ [ 72.8732683, 19.2866876 ], [ 72.873687, 19.2866779 ], [ 72.8736823, 19.2866066 ], [ 72.8735375, 19.2864811 ], [ 72.8732683, 19.2866876 ] ] ] } },
{ "type": "Feature", "properties": { "land_type": "Park", "source": "OpenStreetMap (Overpass, Dahisar extract)", "priority": 85 }, "geometry": { "type": "Polygon", "coordinates": [ [ [ 72.8737022, 19.2869071 ], [ 72.8742685, 19.2864175 ], [ 72.8740805, 19.2862465 ], [ 72.8740171, 19.2862593 ], [ 72.8739333, 19.2862422 ], [ 72.8737747, 19.2860584 ], [ 72.8738132, 19.2860113 ], [ 72.8736166, 19.2857271 ], [ 72.8735672, 19.2857759 ], [ 72.8736863, 19.2863277 ], [ 72.8736823, 19.2866066 ], [ 72.873687, 19.2866779 ], [ 72.8737022, 19.2869071 ] ] ] } },
{ "type": "Feature", "properties": { "land_type": "Park", "source": "OpenStreetMap (Overpass, Dahisar extract)", "priority": 85 }, "geometry": { "type": "Polygon", "coordinates": [ [ [ 72.8735778, 19.2854634 ], [ 72.8737393, 19.2855879 ], [ 72.8738934, 19.2855418 ], [ 72.8739141, 19.2854746 ], [ 72.8739305, 19.2853459 ], [ 72.8739127, 19.2852508 ], [ 72.8737067, 19.2852438 ], [ 72.8735363, 19.2854173 ], [ 72.8735778, 19.2854634 ] ] ] } },
{ "type": "Feature", "properties": { "land_type": "Residential", "source": "OpenStreetMap (Overpass, Dahisar extract)", "priority": 50 }, "geometry": { "type": "Polygon", "coordinates": [ [ [ 72.845744, 19.2934634 ], [ 72.8457914, 19.2934954 ], [ 72.8458998, 19.2935764 ], [ 72.8459698, 19.2934442 ], [ 72.8460195, 19.2933483 ], [ 72.8460359, 19.293182 ], [ 72.8460082, 19.2930839 ], [ 72.8459089, 19.2930861 ], [ 72.8457982, 19.2932374 ], [ 72.845805, 19.2933398 ], [ 72.845744, 19.2934634 ] ] ] } },
{ "type": "Feature", "properties": { "land_type": "Forest", "source": "OpenStreetMap (Overpass, Dahisar extract)", "priority": 90 }, "geometry": { "type": "Polygon", "coordinates": [ [ [ 72.8456004, 19.295139 ], [ 72.8457537, 19.2950963 ], [ 72.8458234, 19.2950741 ], [ 72.8458436, 19.2950522 ], [ 72.8453802, 19.2947623 ], [ 72.8453841, 19.2948124 ], [ 72.8454962, 19.2948699 ], [ 72.8455846, 19.294907 ], [ 72.8456613, 19.2949905 ], [ 72.8455984, 19.2950703 ], [ 72.8456004, 19.295139 ] ] ] } },
{ "type": "Feature", "properties": { "land_type": "Open Land", "source": "OpenStreetMap (Overpass, Dahisar extract)", "priority": 30 }, "geometry": { "type": "Polygon", "coordinates": [ [ [ 72.8452962, 19.294714 ], [ 72.8453802, 19.2947623 ], [ 72.8458436, 19.2950522 ], [ 72.8458783, 19.2950147 ], [ 72.8459133, 19.2949574 ], [ 72.8459553, 19.2946923 ], [ 72.8453124, 19.2946503 ], [ 72.8452962, 19.294714 ] ] ] } },
{ "type": "Feature", "properties": { "land_type": "Forest", "source": "OpenStreetMap (Overpass, Dahisar extract)", "priority": 90 }, "geometry": { "type": "Polygon", "coordinates": [ [ [ 72.8481024, 19.2936424 ], [ 72.8481295, 19.293651 ], [ 72.8482605, 19.2936488 ], [ 72.8482492, 19.2935465 ], [ 72.8482537, 19.2934719 ], [ 72.8481882, 19.2932267 ], [ 72.8481024, 19.2932459 ], [ 72.848177, 19.2933376 ], [ 72.8481476, 19.2934101 ], [ 72.8481905, 19.2934527 ], [ 72.8482086, 19.2935422 ], [ 72.8481024, 19.2936424 ] ] ] } },
{ "type": "Feature", "properties": { "land_type": "Open Land", "source": "OpenStreetMap (Overpass, Dahisar extract)", "priority": 30 }, "geometry": { "type": "Polygon", "coordinates": [ [ [ 72.8499674, 19.2926898 ], [ 72.8503151, 19.2927942 ], [ 72.8504429, 19.2928072 ], [ 72.8504642, 19.2925661 ], [ 72.8509046, 19.2924645 ], [ 72.8509701, 19.2924341 ], [ 72.850958, 19.2921552 ], [ 72.8512662, 19.2921437 ], [ 72.8512447, 19.2919169 ], [ 72.8509721, 19.291821 ], [ 72.8509326, 19.2919221 ], [ 72.8507189, 19.2918239 ], [ 72.8506038, 19.2917599 ], [ 72.8505011, 19.2917591 ], [ 72.8505011, 19.2916745 ], [ 72.8505009, 19.2913342 ], [ 72.8505008, 19.2909929 ], [ 72.8503468, 19.2909481 ], [ 72.8503038, 19.2910195 ], [ 72.8499836, 19.2910461 ], [ 72.849889, 19.2910231 ], [ 72.8499513, 19.290832 ], [ 72.8494282, 19.29067 ], [ 72.8493131, 19.2909528 ], [ 72.8487919, 19.2909272 ], [ 72.8487082, 19.290964 ], [ 72.8486245, 19.2908539 ], [ 72.8486306, 19.2908052 ], [ 72.8486451, 19.2906904 ], [ 72.8487599, 19.2904199 ], [ 72.8486407, 19.2903668 ], [ 72.8473203, 19.2897792 ], [ 72.8468151, 19.2895544 ], [ 72.8466315, 19.2894727 ], [ 72.8465193, 19.2894702 ], [ 72.8463835, 19.2895058 ], [ 72.8463159, 19.2896477 ], [ 72.8457647, 19.2908039 ], [ 72.8457908, 19.2908785 ], [ 72.8463664, 19.2911807 ], [ 72.8465885, 19.2911782 ], [ 72.8466958, 19.2912745 ], [ 72.8468327, 19.2913974 ], [ 72.8468763, 19.2913619 ], [ 72.8470729, 19.2912395 ], [ 72.8472495, 19.2914241 ], [ 72.8474323, 19.2916151 ], [ 72.8475267, 19.2915819 ], [ 72.8476788, 19.2913194 ], [ 72.848021, 19.2912616 ], [ 72.848178, 19.2910173 ], [ 72.8484435, 19.290968 ], [ 72.8485383, 19.2912258 ], [ 72.8481914, 19.2913501 ], [ 72.8481912, 19.2914117 ], [ 72.8482305, 19.2915402 ], [ 72.8482853, 19.2917026 ], [ 72.8486931, 19.2916009 ], [ 72.8487978, 19.2917968 ], [ 72.8493559, 19.2915757 ], [ 72.8494103, 19.2916732 ], [ 72.8496862, 19.2918114 ], [ 72.8499196, 19.2924673 ], [ 72.8499144, 19.2925321 ], [ 72.8499674, 19.2926898 ] ] ] } },
{ "type": "Feature", "properties": { "land_type": "Park", "source": "OpenStreetMap (Overpass, Dahisar extract)", "priority": 85 }, "geometry": { "type": "Polygon", "coordinates": [ [ [ 72.8795938, 19.2860859 ], [ 72.8796731, 19.2862491 ], [ 72.8798185, 19.2861862 ], [ 72.8797392, 19.2860229 ], [ 72.8795938, 19.2860859 ] ] ] } },
{ "type": "Feature", "properties": { "land_type": "Park", "source": "OpenStreetMap (Overpass, Dahisar extract)", "priority": 85 }, "geometry": { "type": "Polygon", "coordinates": [ [ [ 72.8798941, 19.2862558 ], [ 72.8799624, 19.2864127 ], [ 72.8801454, 19.2863418 ], [ 72.8800771, 19.2861848 ], [ 72.8798941, 19.2862558 ] ] ] } },
{ "type": "Feature", "properties": { "land_type": "Park", "source": "OpenStreetMap (Overpass, Dahisar extract)", "priority": 85 }, "geometry": { "type": "Polygon", "coordinates": [ [ [ 72.8815104, 19.286924 ], [ 72.8814691, 19.2869166 ], [ 72.8814494, 19.2869945 ], [ 72.8814062, 19.2871318 ], [ 72.8813826, 19.2872525 ], [ 72.8813256, 19.2873267 ], [ 72.8813668, 19.2873972 ], [ 72.881418, 19.2874548 ], [ 72.881473, 19.2875513 ], [ 72.8815635, 19.2876812 ], [ 72.8816362, 19.2877591 ], [ 72.8818348, 19.2878408 ], [ 72.8819311, 19.2879076 ], [ 72.8820825, 19.287941 ], [ 72.8822654, 19.2878965 ], [ 72.8823244, 19.2878593 ], [ 72.8823362, 19.2877925 ], [ 72.8822634, 19.2878111 ], [ 72.8822005, 19.2878278 ], [ 72.8821278, 19.2878389 ], [ 72.882057, 19.2877999 ], [ 72.8820118, 19.2877684 ], [ 72.8818564, 19.2876756 ], [ 72.8816696, 19.2876348 ], [ 72.8816146, 19.2876014 ], [ 72.8815182, 19.2874325 ], [ 72.8814435, 19.2873304 ], [ 72.8814337, 19.2872952 ], [ 72.8814711, 19.2872191 ], [ 72.8815359, 19.2871318 ], [ 72.8815556, 19.2870557 ], [ 72.8815104, 19.286924 ] ] ] } },
{ "type": "Feature", "properties": { "land_type": "Park", "source": "OpenStreetMap (Overpass, Dahisar extract)", "priority": 85 }, "geometry": { "type": "Polygon", "coordinates": [ [ [ 72.8823449, 19.2856743 ], [ 72.8824017, 19.2857105 ], [ 72.8824467, 19.2856493 ], [ 72.882493, 19.2855944 ], [ 72.8824546, 19.2855682 ], [ 72.8824295, 19.2855295 ], [ 72.8824308, 19.285487 ], [ 72.8824573, 19.2854059 ], [ 72.8824652, 19.2852785 ], [ 72.882452, 19.2852398 ], [ 72.8823753, 19.2852373 ], [ 72.8823726, 19.2852548 ], [ 72.8823621, 19.2853085 ], [ 72.8823502, 19.2854358 ], [ 72.8823316, 19.2855744 ], [ 72.8823449, 19.2856743 ] ] ] } },
{ "type": "Feature", "properties": { "land_type": "Residential", "source": "OpenStreetMap (Overpass, Dahisar extract)", "priority": 50 }, "geometry": { "type": "Polygon", "coordinates": [ [ [ 72.8800012, 19.2889295 ], [ 72.8802752, 19.288728 ], [ 72.8806062, 19.2885029 ], [ 72.8808411, 19.2884089 ], [ 72.8809247, 19.2883333 ], [ 72.8808029, 19.2881585 ], [ 72.8804032, 19.2876497 ], [ 72.8798749, 19.2880395 ], [ 72.8794698, 19.2883332 ], [ 72.8800012, 19.2889295 ] ] ] } },
{ "type": "Feature", "properties": { "land_type": "Residential", "source": "OpenStreetMap (Overpass, Dahisar extract)", "priority": 50 }, "geometry": { "type": "Polygon", "coordinates": [ [ [ 72.8785306, 19.2871937 ], [ 72.8788994, 19.2876361 ], [ 72.8789673, 19.28772 ], [ 72.8792112, 19.2880215 ], [ 72.8792761, 19.2879707 ], [ 72.879717, 19.2876274 ], [ 72.8798982, 19.2878836 ], [ 72.8802402, 19.2876338 ], [ 72.8805204, 19.2872366 ], [ 72.880451, 19.2871777 ], [ 72.8803191, 19.2870667 ], [ 72.880278, 19.2869761 ], [ 72.8802148, 19.2867357 ], [ 72.8801906, 19.2864514 ], [ 72.8801522, 19.2862015 ], [ 72.8800673, 19.2859782 ], [ 72.8799399, 19.2858504 ], [ 72.8798004, 19.2857569 ], [ 72.8797449, 19.2857319 ], [ 72.8795595, 19.2857102 ], [ 72.8794947, 19.2857046 ], [ 72.8793639, 19.2856078 ], [ 72.8792184, 19.2854494 ], [ 72.8779277, 19.2865328 ], [ 72.8785306, 19.2871937 ] ] ] } },
{ "type": "Feature", "properties": { "land_type": "Park", "source": "OpenStreetMap (Overpass, Dahisar extract)", "priority": 85 }, "geometry": { "type": "Polygon", "coordinates": [ [ [ 72.880527, 19.2857539 ], [ 72.8806201, 19.286039 ], [ 72.8806968, 19.2859759 ], [ 72.88076, 19.2859138 ], [ 72.8806217, 19.2857293 ], [ 72.880607, 19.285626 ], [ 72.8805564, 19.2853717 ], [ 72.8805041, 19.2853239 ], [ 72.8804731, 19.2853393 ], [ 72.8805139, 19.2854688 ], [ 72.880509, 19.2856445 ], [ 72.880527, 19.2857539 ] ] ] } },
{ "type": "Feature", "properties": { "land_type": "Forest", "source": "OpenStreetMap (Overpass, Dahisar extract)", "priority": 90 }, "geometry": { "type": "Polygon", "coordinates": [ [ [ 72.8817651, 19.2804031 ], [ 72.8812306, 19.2803475 ], [ 72.8812034, 19.2801273 ], [ 72.8808615, 19.2802962 ], [ 72.8806939, 19.2800931 ], [ 72.8804583, 19.2802556 ], [ 72.8809, 19.2806254 ], [ 72.8814684, 19.2811577 ], [ 72.8816089, 19.2810273 ], [ 72.8816406, 19.2809503 ], [ 72.8817651, 19.2804031 ] ] ] } },
{ "type": "Feature", "properties": { "land_type": "Forest", "source": "OpenStreetMap (Overpass, Dahisar extract)", "priority": 90 }, "geometry": { "type": "Polygon", "coordinates": [ [ [ 72.8800612, 19.281223 ], [ 72.880266, 19.2811859 ], [ 72.8805698, 19.2812794 ], [ 72.8806432, 19.281347 ], [ 72.8807132, 19.2817531 ], [ 72.8807132, 19.2818868 ], [ 72.8810813, 19.281489 ], [ 72.8813291, 19.2812403 ], [ 72.8805722, 19.2805558 ], [ 72.8804681, 19.2806365 ], [ 72.8803778, 19.2807136 ], [ 72.8803548, 19.2808116 ], [ 72.8803246, 19.2809691 ], [ 72.8803307, 19.281117 ], [ 72.8800273, 19.2810605 ], [ 72.8800612, 19.281223 ] ] ] } },
{ "type": "Feature", "properties": { "land_type": "Open Land", "source": "OpenStreetMap (Overpass, Dahisar extract)", "priority": 30 }, "geometry": { "type": "Polygon", "coordinates": [ [ [ 72.8789799, 19.2816922 ], [ 72.879209, 19.2819738 ], [ 72.8797943, 19.2820734 ], [ 72.8798914, 19.2818566 ], [ 72.8796576, 19.2815956 ], [ 72.879096, 19.2816407 ], [ 72.8789799, 19.2816922 ] ] ] } },
{ "type": "Feature", "properties": { "land_type": "Forest", "source": "OpenStreetMap (Overpass, Dahisar extract)", "priority": 90 }, "geometry": { "type": "Polygon", "coordinates": [ [ [ 72.8793616, 19.2806013 ], [ 72.8795649, 19.280575 ], [ 72.8795571, 19.2805454 ], [ 72.8794677, 19.2805644 ], [ 72.8794565, 19.2805149 ], [ 72.8794309, 19.2803989 ], [ 72.8794096, 19.2803125 ], [ 72.8794108, 19.2802091 ], [ 72.8794264, 19.2801891 ], [ 72.8794778, 19.2801385 ], [ 72.8794967, 19.2801037 ], [ 72.8795213, 19.2800457 ], [ 72.8794342, 19.2800521 ], [ 72.8792778, 19.2800447 ], [ 72.8790388, 19.2801058 ], [ 72.87905, 19.2801575 ], [ 72.8792522, 19.2801153 ], [ 72.8792678, 19.2801933 ], [ 72.8792723, 19.280246 ], [ 72.8793616, 19.2806013 ] ] ] } },
{ "type": "Feature", "properties": { "land_type": "Park", "source": "OpenStreetMap (Overpass, Dahisar extract)", "priority": 85 }, "geometry": { "type": "Polygon", "coordinates": [ [ [ 72.8780803, 19.2818218 ], [ 72.8781766, 19.2819211 ], [ 72.878427, 19.2817155 ], [ 72.8783292, 19.2816134 ], [ 72.8780803, 19.2818218 ] ] ] } },
{ "type": "Feature", "properties": { "land_type": "Open Land", "source": "OpenStreetMap (Overpass, Dahisar extract)", "priority": 30 }, "geometry": { "type": "Polygon", "coordinates": [ [ [ 72.8789868, 19.2811566 ], [ 72.879078, 19.2812326 ], [ 72.8792098, 19.2811356 ], [ 72.8791274, 19.2810532 ], [ 72.8789868, 19.2811566 ] ] ] } },
{ "type": "Feature", "properties": { "land_type": "Forest", "source": "OpenStreetMap (Overpass, Dahisar extract)", "priority": 90 }, "geometry": { "type": "Polygon", "coordinates": [ [ [ 72.8825282, 19.2821054 ], [ 72.8825865, 19.2821714 ], [ 72.8826581, 19.2821635 ], [ 72.8827064, 19.2821887 ], [ 72.882748, 19.2823301 ], [ 72.8827863, 19.2823489 ], [ 72.8830161, 19.2821431 ], [ 72.8835119, 19.2817355 ], [ 72.8833396, 19.2815375 ], [ 72.8832579, 19.2814374 ], [ 72.8832557, 19.281158 ], [ 72.882847, 19.281208 ], [ 72.8828492, 19.2813018 ], [ 72.8827675, 19.281502 ], [ 72.8826027, 19.281841 ], [ 72.8825391, 19.2820006 ], [ 72.8825282, 19.2821054 ] ] ] } },
{ "type": "Feature", "properties": { "land_type": "Park", "source": "OpenStreetMap (Overpass, Dahisar extract)", "priority": 85 }, "geometry": { "type": "Polygon", "coordinates": [ [ [ 72.8811627, 19.2832136 ], [ 72.8814111, 19.2830525 ], [ 72.8814977, 19.2830039 ], [ 72.8816408, 19.2829767 ], [ 72.8818265, 19.2829637 ], [ 72.8819331, 19.282953 ], [ 72.8819294, 19.2829139 ], [ 72.8817411, 19.2829258 ], [ 72.8815153, 19.2829329 ], [ 72.881174, 19.2829234 ], [ 72.8811752, 19.2829696 ], [ 72.8811627, 19.2832136 ] ] ] } },
{ "type": "Feature", "properties": { "land_type": "Unknown", "source": "OpenStreetMap (Overpass, Dahisar extract)", "priority": 0 }, "geometry": { "type": "Polygon", "coordinates": [ [ [ 72.8816845, 19.2830388 ], [ 72.8817655, 19.2831152 ], [ 72.8818768, 19.2830238 ], [ 72.8818421, 19.2829938 ], [ 72.8816672, 19.2830006 ], [ 72.8816845, 19.2830388 ] ] ] } },
{ "type": "Feature", "properties": { "land_type": "Open Land", "source": "OpenStreetMap (Overpass, Dahisar extract)", "priority": 30 }, "geometry": { "type": "Polygon", "coordinates": [ [ [ 72.881221, 19.2848468 ], [ 72.8814682, 19.2851019 ], [ 72.8822271, 19.2850748 ], [ 72.882207, 19.2846976 ], [ 72.881221, 19.2848468 ] ] ] } },
{ "type": "Feature", "properties": { "land_type": "Commercial", "source": "OpenStreetMap (Overpass, Dahisar extract)", "priority": 55 }, "geometry": { "type": "Polygon", "coordinates": [ [ [ 72.8778648, 19.2818188 ], [ 72.8779321, 19.2818753 ], [ 72.8783873, 19.281537 ], [ 72.8784256, 19.2814863 ], [ 72.8787303, 19.2817895 ], [ 72.8792125, 19.2814441 ], [ 72.8791323, 19.2813358 ], [ 72.8793923, 19.2812785 ], [ 72.8795827, 19.2811537 ], [ 72.8794074, 19.2807385 ], [ 72.8792704, 19.2803309 ], [ 72.8792467, 19.2801286 ], [ 72.8790288, 19.2801645 ], [ 72.8790139, 19.2800673 ], [ 72.8786264, 19.2800619 ], [ 72.8783128, 19.2800755 ], [ 72.8778395, 19.28007 ], [ 72.8778648, 19.2818188 ] ] ] } },
{ "type": "Feature", "properties": { "land_type": "Residential", "source": "OpenStreetMap (Overpass, Dahisar extract)", "priority": 50 }, "geometry": { "type": "Polygon", "coordinates": [ [ [ 72.8792944, 19.2814556 ], [ 72.8793209, 19.2814854 ], [ 72.8797061, 19.2814668 ], [ 72.8799644, 19.2818606 ], [ 72.8801432, 19.2818074 ], [ 72.8800583, 19.281298 ], [ 72.8800273, 19.2810605 ], [ 72.8799458, 19.2809793 ], [ 72.8797836, 19.2810739 ], [ 72.8796837, 19.281187 ], [ 72.8794641, 19.2812954 ], [ 72.879267, 19.2813613 ], [ 72.8792944, 19.2814556 ] ] ] } },
{ "type": "Feature", "properties": { "land_type": "Residential", "source": "OpenStreetMap (Overpass, Dahisar extract)", "priority": 50 }, "geometry": { "type": "Polygon", "coordinates": [ [ [ 72.8794843, 19.2805192 ], [ 72.8795839, 19.2805171 ], [ 72.8795969, 19.2805785 ], [ 72.8796489, 19.2806132 ], [ 72.8797464, 19.2805969 ], [ 72.8799479, 19.280468 ], [ 72.8802967, 19.280241 ], [ 72.880233, 19.2801218 ], [ 72.8798223, 19.2801429 ], [ 72.8798244, 19.2800549 ], [ 72.8795449, 19.2800488 ], [ 72.8794301, 19.2802451 ], [ 72.8794843, 19.2805192 ] ] ] } },
{ "type": "Feature", "properties": { "land_type": "Residential", "source": "OpenStreetMap (Overpass, Dahisar extract)", "priority": 50 }, "geometry": { "type": "Polygon", "coordinates": [ [ [ 72.8808357, 19.283902 ], [ 72.8817713, 19.2831883 ], [ 72.8826237, 19.2824626 ], [ 72.881909, 19.2818056 ], [ 72.8817744, 19.2819607 ], [ 72.8811704, 19.2818264 ], [ 72.8810998, 19.2817046 ], [ 72.8808179, 19.282081 ], [ 72.8807709, 19.2826954 ], [ 72.8808205, 19.2830903 ], [ 72.8807211, 19.283756 ], [ 72.8808357, 19.283902 ] ] ] } },
{ "type": "Feature", "properties": { "land_type": "Forest", "source": "OpenStreetMap (Overpass, Dahisar extract)", "priority": 90 }, "geometry": { "type": "Polygon", "coordinates": [ [ [ 72.8802867, 19.2848393 ], [ 72.8803187, 19.2848532 ], [ 72.8803334, 19.2848764 ], [ 72.8803592, 19.2849043 ], [ 72.8803494, 19.2849367 ], [ 72.8803334, 19.284968 ], [ 72.8803457, 19.2849773 ], [ 72.8803838, 19.2849657 ], [ 72.8804071, 19.2849495 ], [ 72.8804182, 19.2848869 ], [ 72.880401, 19.2848405 ], [ 72.8803874, 19.2847802 ], [ 72.880358, 19.2847512 ], [ 72.8803236, 19.2847501 ], [ 72.8802867, 19.2848393 ] ] ] } },
{ "type": "Feature", "properties": { "land_type": "Park", "source": "OpenStreetMap (Overpass, Dahisar extract)", "priority": 85 }, "geometry": { "type": "Polygon", "coordinates": [ [ [ 72.8784453, 19.2844048 ], [ 72.8785613, 19.2845223 ], [ 72.8787933, 19.2843313 ], [ 72.8786802, 19.2842111 ], [ 72.8784453, 19.2844048 ] ] ] } },
{ "type": "Feature", "properties": { "land_type": "Water Body", "source": "OpenStreetMap (Overpass, Dahisar extract)", "priority": 95 }, "geometry": { "type": "Polygon", "coordinates": [ [ [ 72.8791028, 19.2825783 ], [ 72.8791163, 19.2826026 ], [ 72.8791446, 19.2826073 ], [ 72.8791667, 19.2825841 ], [ 72.8791716, 19.2825377 ], [ 72.8791704, 19.2824821 ], [ 72.8791274, 19.2824658 ], [ 72.8791089, 19.2825169 ], [ 72.8791028, 19.2825783 ] ] ] } },
{ "type": "Feature", "properties": { "land_type": "Open Land", "source": "OpenStreetMap (Overpass, Dahisar extract)", "priority": 30 }, "geometry": { "type": "Polygon", "coordinates": [ [ [ 72.8798569, 19.2826857 ], [ 72.8800089, 19.2829132 ], [ 72.8800921, 19.2828916 ], [ 72.8801409, 19.2829728 ], [ 72.8801983, 19.2829213 ], [ 72.8802442, 19.2823716 ], [ 72.8800634, 19.2823743 ], [ 72.880052, 19.2825964 ], [ 72.8798569, 19.2826857 ] ] ] } },
{ "type": "Feature", "properties": { "land_type": "Open Land", "source": "OpenStreetMap (Overpass, Dahisar extract)", "priority": 30 }, "geometry": { "type": "Polygon", "coordinates": [ [ [ 72.8736246, 19.2827163 ], [ 72.8738209, 19.2832351 ], [ 72.8740513, 19.2831819 ], [ 72.8740138, 19.2828629 ], [ 72.8738226, 19.2825906 ], [ 72.8736246, 19.2827163 ] ] ] } },
{ "type": "Feature", "properties": { "land_type": "Open Land", "source": "OpenStreetMap (Overpass, Dahisar extract)", "priority": 30 }, "geometry": { "type": "Polygon", "coordinates": [ [ [ 72.8426095, 19.2951309 ], [ 72.8433312, 19.2952217 ], [ 72.8433597, 19.295567 ], [ 72.8438916, 19.2955621 ], [ 72.8440732, 19.2952511 ], [ 72.8437515, 19.294967 ], [ 72.8434272, 19.2946707 ], [ 72.8434163, 19.2944804 ], [ 72.8427449, 19.2944131 ], [ 72.8426095, 19.2951309 ] ] ] } },
{ "type": "Feature", "properties": { "land_type": "Residential", "source": "OpenStreetMap (Overpass, Dahisar extract)", "priority": 50 }, "geometry": { "type": "Polygon", "coordinates": [ [ [ 72.8416741, 19.2955582 ], [ 72.8417501, 19.2955796 ], [ 72.8419356, 19.2956249 ], [ 72.8419615, 19.2956458 ], [ 72.8420757, 19.2956017 ], [ 72.8420952, 19.2956556 ], [ 72.8421691, 19.2956396 ], [ 72.842243, 19.2956421 ], [ 72.8422961, 19.2956574 ], [ 72.8423394, 19.2955367 ], [ 72.8423571, 19.2952949 ], [ 72.8423879, 19.2950073 ], [ 72.8424512, 19.2949184 ], [ 72.8424855, 19.2947197 ], [ 72.8425591, 19.2945453 ], [ 72.842583, 19.2944209 ], [ 72.842518, 19.2943627 ], [ 72.8423999, 19.2943465 ], [ 72.8422629, 19.2943853 ], [ 72.8421688, 19.2944548 ], [ 72.8420764, 19.2946567 ], [ 72.8419292, 19.2949524 ], [ 72.8417974, 19.2952335 ], [ 72.8416741, 19.2955582 ] ] ] } },
{ "type": "Feature", "properties": { "land_type": "Forest", "source": "OpenStreetMap (Overpass, Dahisar extract)", "priority": 90 }, "geometry": { "type": "Polygon", "coordinates": [ [ [ 72.8426926, 19.2937492 ], [ 72.8430253, 19.2939988 ], [ 72.8431004, 19.2940261 ], [ 72.8434003, 19.2940605 ], [ 72.8438906, 19.294117 ], [ 72.8444131, 19.2942137 ], [ 72.8445513, 19.2940265 ], [ 72.8443254, 19.2941105 ], [ 72.8440686, 19.2940911 ], [ 72.8437879, 19.2939037 ], [ 72.8434011, 19.2937357 ], [ 72.8433771, 19.2938585 ], [ 72.8432744, 19.2938327 ], [ 72.8432847, 19.293726 ], [ 72.8427301, 19.2937066 ], [ 72.8426926, 19.2937492 ] ] ] } },
{ "type": "Feature", "properties": { "land_type": "Forest", "source": "OpenStreetMap (Overpass, Dahisar extract)", "priority": 90 }, "geometry": { "type": "Polygon", "coordinates": [ [ [ 72.8443737, 19.2939673 ], [ 72.8446002, 19.2939476 ], [ 72.8446867, 19.2938745 ], [ 72.8445764, 19.2938295 ], [ 72.8445973, 19.293762 ], [ 72.8444602, 19.2936635 ], [ 72.8444095, 19.2937732 ], [ 72.8442903, 19.2936326 ], [ 72.8443559, 19.2935566 ], [ 72.8441443, 19.2934413 ], [ 72.8441234, 19.2935285 ], [ 72.8440757, 19.2934216 ], [ 72.8439178, 19.2933401 ], [ 72.8439267, 19.2933794 ], [ 72.8438939, 19.2934751 ], [ 72.8438015, 19.2935144 ], [ 72.8438045, 19.2935904 ], [ 72.8439535, 19.2935566 ], [ 72.8440876, 19.2935904 ], [ 72.8441145, 19.2937001 ], [ 72.8443559, 19.2938267 ], [ 72.8443737, 19.2939673 ] ] ] } },
{ "type": "Feature", "properties": { "land_type": "Forest", "source": "OpenStreetMap (Overpass, Dahisar extract)", "priority": 90 }, "geometry": { "type": "Polygon", "coordinates": [ [ [ 72.8428896, 19.293295 ], [ 72.843131, 19.2931966 ], [ 72.8432889, 19.293191 ], [ 72.843385, 19.2930895 ], [ 72.8433844, 19.2930461 ], [ 72.8431519, 19.2930953 ], [ 72.8428598, 19.2931319 ], [ 72.8427704, 19.2931966 ], [ 72.8427793, 19.2932557 ], [ 72.8428896, 19.293295 ] ] ] } },
{ "type": "Feature", "properties": { "land_type": "Forest", "source": "OpenStreetMap (Overpass, Dahisar extract)", "priority": 90 }, "geometry": { "type": "Polygon", "coordinates": [ [ [ 72.8428974, 19.2935897 ], [ 72.8431358, 19.2936207 ], [ 72.8432729, 19.2936375 ], [ 72.8432103, 19.2935053 ], [ 72.843258, 19.2933084 ], [ 72.8431358, 19.2933591 ], [ 72.8430017, 19.2934181 ], [ 72.8427961, 19.2934744 ], [ 72.8428974, 19.2935897 ] ] ] } },
{ "type": "Feature", "properties": { "land_type": "Agriculture", "source": "OpenStreetMap (Overpass, Dahisar extract)", "priority": 80 }, "geometry": { "type": "Polygon", "coordinates": [ [ [ 72.8427247, 19.2930975 ], [ 72.8431915, 19.2930305 ], [ 72.8431266, 19.2927225 ], [ 72.8427735, 19.2927735 ], [ 72.8427958, 19.2928983 ], [ 72.8426947, 19.2929176 ], [ 72.8427247, 19.2930975 ] ] ] } },
{ "type": "Feature", "properties": { "land_type": "Agriculture", "source": "OpenStreetMap (Overpass, Dahisar extract)", "priority": 80 }, "geometry": { "type": "Polygon", "coordinates": [ [ [ 72.84237, 19.2905107 ], [ 72.8424451, 19.2911597 ], [ 72.8425434, 19.2916423 ], [ 72.8425394, 19.2920097 ], [ 72.842681, 19.2926852 ], [ 72.8430957, 19.2925722 ], [ 72.8426712, 19.290472 ], [ 72.84237, 19.2905107 ] ] ] } },
{ "type": "Feature", "properties": { "land_type": "Open Land", "source": "OpenStreetMap (Overpass, Dahisar extract)", "priority": 30 }, "geometry": { "type": "Polygon", "coordinates": [ [ [ 72.8439815, 19.2950605 ], [ 72.8441116, 19.2951477 ], [ 72.8443375, 19.2951477 ], [ 72.8444645, 19.2951812 ], [ 72.8446187, 19.2949541 ], [ 72.8442485, 19.2947955 ], [ 72.8441287, 19.2948698 ], [ 72.8439815, 19.2950605 ] ] ] } },
{ "type": "Feature", "properties": { "land_type": "Agriculture", "source": "OpenStreetMap (Overpass, Dahisar extract)", "priority": 80 }, "geometry": { "type": "Polygon", "coordinates": [ [ [ 72.843361, 19.2929403 ], [ 72.8439037, 19.2930924 ], [ 72.8438369, 19.292777 ], [ 72.8433728, 19.2928512 ], [ 72.843361, 19.2929403 ] ] ] } },
{ "type": "Feature", "properties": { "land_type": "Park", "source": "OpenStreetMap (Overpass, Dahisar extract)", "priority": 85 }, "geometry": { "type": "Polygon", "coordinates": [ [ [ 72.8731681, 19.284946 ], [ 72.8733372, 19.2849979 ], [ 72.8733883, 19.2851037 ], [ 72.8737186, 19.2848866 ], [ 72.8734888, 19.2847489 ], [ 72.8734631, 19.2847806 ], [ 72.8734028, 19.2847521 ], [ 72.8733827, 19.2847774 ], [ 72.8732531, 19.2847268 ], [ 72.8731828, 19.2848206 ], [ 72.8731681, 19.284946 ] ] ] } },
{ "type": "Feature", "properties": { "land_type": "Forest", "source": "OpenStreetMap (Overpass, Dahisar extract)", "priority": 90 }, "geometry": { "type": "Polygon", "coordinates": [ [ [ 72.8729182, 19.2821165 ], [ 72.8729562, 19.2822144 ], [ 72.8729635, 19.2822751 ], [ 72.8729884, 19.2823303 ], [ 72.8730337, 19.2823896 ], [ 72.8730614, 19.2823648 ], [ 72.8730234, 19.2822655 ], [ 72.8730118, 19.2822089 ], [ 72.8730439, 19.2821744 ], [ 72.8731038, 19.2820958 ], [ 72.8730498, 19.2820668 ], [ 72.8730088, 19.2820682 ], [ 72.8729898, 19.2820999 ], [ 72.8729182, 19.2821165 ] ] ] } },
{ "type": "Feature", "properties": { "land_type": "Park", "source": "OpenStreetMap (Overpass, Dahisar extract)", "priority": 85 }, "geometry": { "type": "Polygon", "coordinates": [ [ [ 72.8720417, 19.281836 ], [ 72.8721087, 19.2820406 ], [ 72.8724594, 19.2819394 ], [ 72.8723991, 19.2817391 ], [ 72.8720417, 19.281836 ] ] ] } },
{ "type": "Feature", "properties": { "land_type": "Residential", "source": "OpenStreetMap (Overpass, Dahisar extract)", "priority": 50 }, "geometry": { "type": "Polygon", "coordinates": [ [ [ 72.8723275, 19.2832346 ], [ 72.8729449, 19.2828068 ], [ 72.8734364, 19.2824175 ], [ 72.8735812, 19.2823095 ], [ 72.8734465, 19.2821092 ], [ 72.8730745, 19.2818153 ], [ 72.8728624, 19.2816484 ], [ 72.8725392, 19.2813815 ], [ 72.8723287, 19.2811685 ], [ 72.8723304, 19.2820425 ], [ 72.8723275, 19.2832346 ] ] ] } },
{ "type": "Feature", "properties": { "land_type": "Forest", "source": "OpenStreetMap (Overpass, Dahisar extract)", "priority": 90 }, "geometry": { "type": "Polygon", "coordinates": [ [ [ 72.8718694, 19.2844015 ], [ 72.8719431, 19.2843889 ], [ 72.871999, 19.2844563 ], [ 72.8720503, 19.2845428 ], [ 72.8720861, 19.2846039 ], [ 72.8721553, 19.2846566 ], [ 72.8721955, 19.284684 ], [ 72.8722469, 19.2846819 ], [ 72.8724904, 19.284488 ], [ 72.8724479, 19.2844121 ], [ 72.8722804, 19.2843762 ], [ 72.8721464, 19.28441 ], [ 72.8719141, 19.2842265 ], [ 72.8718225, 19.2842497 ], [ 72.8717354, 19.2843341 ], [ 72.8718024, 19.28441 ], [ 72.8718694, 19.2844015 ] ] ] } },
{ "type": "Feature", "properties": { "land_type": "Park", "source": "OpenStreetMap (Overpass, Dahisar extract)", "priority": 85 }, "geometry": { "type": "Polygon", "coordinates": [ [ [ 72.8727517, 19.2844983 ], [ 72.8728175, 19.2845203 ], [ 72.8727999, 19.2845783 ], [ 72.8727444, 19.2846266 ], [ 72.8727605, 19.28465 ], [ 72.8727736, 19.2846569 ], [ 72.8728233, 19.2846486 ], [ 72.8728584, 19.2846183 ], [ 72.8729198, 19.2845783 ], [ 72.8729534, 19.2845714 ], [ 72.8730016, 19.2845604 ], [ 72.8731463, 19.2845397 ], [ 72.8731814, 19.2845383 ], [ 72.8732427, 19.2845493 ], [ 72.8733597, 19.2845466 ], [ 72.8733246, 19.2844665 ], [ 72.8732968, 19.2844334 ], [ 72.8732749, 19.2843934 ], [ 72.8733392, 19.2843107 ], [ 72.8734313, 19.2842072 ], [ 72.8734225, 19.2841865 ], [ 72.8733348, 19.2842651 ], [ 72.8732077, 19.2843838 ], [ 72.8731404, 19.2843838 ], [ 72.8730791, 19.2843189 ], [ 72.8730542, 19.2842872 ], [ 72.8730352, 19.2843245 ], [ 72.8730878, 19.284381 ], [ 72.8730659, 19.2844776 ], [ 72.8730016, 19.2844997 ], [ 72.8728248, 19.2844721 ], [ 72.8727517, 19.2844983 ] ] ] } },
{ "type": "Feature", "properties": { "land_type": "Park", "source": "OpenStreetMap (Overpass, Dahisar extract)", "priority": 85 }, "geometry": { "type": "Polygon", "coordinates": [ [ [ 72.8746917, 19.2850016 ], [ 72.8747418, 19.2851907 ], [ 72.8750724, 19.2851718 ], [ 72.875059, 19.285104 ], [ 72.8749589, 19.2849386 ], [ 72.8746917, 19.2850016 ] ] ] } },
{ "type": "Feature", "properties": { "land_type": "Open Land", "source": "OpenStreetMap (Overpass, Dahisar extract)", "priority": 30 }, "geometry": { "type": "Polygon", "coordinates": [ [ [ 72.874526, 19.2844856 ], [ 72.874753, 19.2847156 ], [ 72.8749266, 19.2846747 ], [ 72.8749825, 19.2848216 ], [ 72.8752955, 19.2847176 ], [ 72.8752216, 19.2845808 ], [ 72.8755767, 19.2842566 ], [ 72.8753042, 19.2839857 ], [ 72.874526, 19.2844856 ] ] ] } },
{ "type": "Feature", "properties": { "land_type": "Residential", "source": "OpenStreetMap (Overpass, Dahisar extract)", "priority": 50 }, "geometry": { "type": "Polygon", "coordinates": [ [ [ 72.8736264, 19.285182 ], [ 72.8743663, 19.2852089 ], [ 72.8745346, 19.285212 ], [ 72.8751412, 19.2852011 ], [ 72.8760456, 19.2852586 ], [ 72.876455, 19.2851916 ], [ 72.8753724, 19.2839263 ], [ 72.874288, 19.284584 ], [ 72.8741938, 19.2846606 ], [ 72.8741929, 19.2845484 ], [ 72.874481, 19.2843431 ], [ 72.8739137, 19.2835025 ], [ 72.8735375, 19.2827784 ], [ 72.8729673, 19.2831613 ], [ 72.8723706, 19.2835829 ], [ 72.872358, 19.2838779 ], [ 72.8723471, 19.2840102 ], [ 72.8723354, 19.2851948 ], [ 72.8736264, 19.285182 ] ] ] } },
{ "type": "Feature", "properties": { "land_type": "Park", "source": "OpenStreetMap (Overpass, Dahisar extract)", "priority": 85 }, "geometry": { "type": "Polygon", "coordinates": [ [ [ 72.8746351, 19.2808405 ], [ 72.8747353, 19.2808278 ], [ 72.8747186, 19.280571 ], [ 72.8746301, 19.280582 ], [ 72.8746351, 19.2808405 ] ] ] } },
{ "type": "Feature", "properties": { "land_type": "Park", "source": "OpenStreetMap (Overpass, Dahisar extract)", "priority": 85 }, "geometry": { "type": "Polygon", "coordinates": [ [ [ 72.8747989, 19.2800738 ], [ 72.8748022, 19.2802078 ], [ 72.8747905, 19.2802629 ], [ 72.8747989, 19.2803543 ], [ 72.8748022, 19.28043 ], [ 72.8748774, 19.2804158 ], [ 72.8749491, 19.2804158 ], [ 72.8750059, 19.2803921 ], [ 72.875041, 19.2803669 ], [ 72.8750076, 19.2802503 ], [ 72.8750343, 19.2801416 ], [ 72.8750627, 19.2800707 ], [ 72.8750493, 19.2800565 ], [ 72.8747989, 19.2800738 ] ] ] } },
{ "type": "Feature", "properties": { "land_type": "Park", "source": "OpenStreetMap (Overpass, Dahisar extract)", "priority": 85 }, "geometry": { "type": "Polygon", "coordinates": [ [ [ 72.8754992, 19.2804678 ], [ 72.8755631, 19.2805424 ], [ 72.8758453, 19.2803311 ], [ 72.8757663, 19.280237 ], [ 72.8754992, 19.2804678 ] ] ] } },
{ "type": "Feature", "properties": { "land_type": "Residential", "source": "OpenStreetMap (Overpass, Dahisar extract)", "priority": 50 }, "geometry": { "type": "Polygon", "coordinates": [ [ [ 72.8723706, 19.2809831 ], [ 72.8732502, 19.2816757 ], [ 72.873507, 19.2814359 ], [ 72.8736227, 19.2813296 ], [ 72.874044, 19.2812303 ], [ 72.8742626, 19.281728 ], [ 72.8749365, 19.2813349 ], [ 72.8756659, 19.2807957 ], [ 72.8762326, 19.2803478 ], [ 72.8767423, 19.2800492 ], [ 72.8743096, 19.2800607 ], [ 72.8739459, 19.2800658 ], [ 72.8725916, 19.2800783 ], [ 72.8723697, 19.2800626 ], [ 72.8723706, 19.2809831 ] ] ] } },
{ "type": "Feature", "properties": { "land_type": "Residential", "source": "OpenStreetMap (Overpass, Dahisar extract)", "priority": 50 }, "geometry": { "type": "Polygon", "coordinates": [ [ [ 72.8735485, 19.2827477 ], [ 72.8738906, 19.2833393 ], [ 72.8740343, 19.2836378 ], [ 72.8745547, 19.2843107 ], [ 72.8753708, 19.2837185 ], [ 72.8762817, 19.2830975 ], [ 72.8762768, 19.2827394 ], [ 72.8762078, 19.2824761 ], [ 72.8759088, 19.2820121 ], [ 72.8757392, 19.2815861 ], [ 72.8757084, 19.2813984 ], [ 72.8757047, 19.2813462 ], [ 72.8756407, 19.2811882 ], [ 72.8751421, 19.2815703 ], [ 72.8742953, 19.2821752 ], [ 72.8740589, 19.2823516 ], [ 72.8737408, 19.2825555 ], [ 72.8735485, 19.2827477 ] ] ] } },
{ "type": "Feature", "properties": { "land_type": "Park", "source": "OpenStreetMap (Overpass, Dahisar extract)", "priority": 85 }, "geometry": { "type": "Polygon", "coordinates": [ [ [ 72.8768601, 19.2828335 ], [ 72.8773565, 19.2827996 ], [ 72.8772062, 19.2825576 ], [ 72.8768601, 19.2828335 ] ] ] } },
{ "type": "Feature", "properties": { "land_type": "Residential", "source": "OpenStreetMap (Overpass, Dahisar extract)", "priority": 50 }, "geometry": { "type": "Polygon", "coordinates": [ [ [ 72.8764638, 19.2829818 ], [ 72.8771758, 19.2824504 ], [ 72.8777155, 19.2820316 ], [ 72.8777751, 19.2818659 ], [ 72.8766305, 19.2809665 ], [ 72.8763676, 19.2811007 ], [ 72.8761198, 19.2808324 ], [ 72.875815, 19.2813141 ], [ 72.8758746, 19.281711 ], [ 72.8760766, 19.2820642 ], [ 72.8762521, 19.2823611 ], [ 72.8763548, 19.2826393 ], [ 72.8764638, 19.2829818 ] ] ] } },
{ "type": "Feature", "properties": { "land_type": "Commercial", "source": "OpenStreetMap (Overpass, Dahisar extract)", "priority": 55 }, "geometry": { "type": "Polygon", "coordinates": [ [ [ 72.877785, 19.2818417 ], [ 72.8776702, 19.2800617 ], [ 72.8771768, 19.2801086 ], [ 72.8765211, 19.2805587 ], [ 72.87618, 19.2807931 ], [ 72.8763662, 19.2810518 ], [ 72.8763894, 19.2810667 ], [ 72.8764042, 19.2810692 ], [ 72.8766357, 19.2809203 ], [ 72.8771322, 19.2813053 ], [ 72.8776514, 19.2817474 ], [ 72.877785, 19.2818417 ] ] ] } },
{ "type": "Feature", "properties": { "land_type": "Open Land", "source": "OpenStreetMap (Overpass, Dahisar extract)", "priority": 30 }, "geometry": { "type": "Polygon", "coordinates": [ [ [ 72.8770061, 19.2842739 ], [ 72.8771383, 19.2844395 ], [ 72.8774069, 19.2842371 ], [ 72.8772986, 19.2840694 ], [ 72.8770971, 19.2839978 ], [ 72.8769043, 19.2840387 ], [ 72.8768306, 19.2841164 ], [ 72.8768956, 19.2842841 ], [ 72.8770061, 19.2842739 ] ] ] } },
{ "type": "Feature", "properties": { "land_type": "Wetland", "source": "OpenStreetMap (Overpass, Dahisar extract)", "priority": 100 }, "geometry": { "type": "Polygon", "coordinates": [ [ [ 72.8371339, 19.2910309 ], [ 72.8377121, 19.2909669 ], [ 72.8380735, 19.2908987 ], [ 72.8380418, 19.2907282 ], [ 72.8377844, 19.2906472 ], [ 72.8377618, 19.2908092 ], [ 72.8377392, 19.2908646 ], [ 72.837161, 19.2909499 ], [ 72.8366731, 19.2910266 ], [ 72.8368583, 19.2910863 ], [ 72.8371339, 19.2910309 ] ] ] } },
{ "type": "Feature", "properties": { "land_type": "Forest", "source": "OpenStreetMap (Overpass, Dahisar extract)", "priority": 90 }, "geometry": { "type": "Polygon", "coordinates": [ [ [ 72.8704086, 19.2901418 ], [ 72.8704627, 19.2901952 ], [ 72.8705077, 19.2902085 ], [ 72.8705411, 19.2902 ], [ 72.870554, 19.2902037 ], [ 72.8705823, 19.2902474 ], [ 72.8706248, 19.2902656 ], [ 72.8706479, 19.2902328 ], [ 72.8707251, 19.2901915 ], [ 72.8707894, 19.290183 ], [ 72.8708126, 19.2901709 ], [ 72.8708087, 19.290143 ], [ 72.8708164, 19.2901138 ], [ 72.8708177, 19.2900592 ], [ 72.8707817, 19.2900106 ], [ 72.8707611, 19.2899293 ], [ 72.8707084, 19.2898163 ], [ 72.8705527, 19.2899232 ], [ 72.8705283, 19.2899487 ], [ 72.8704447, 19.290098 ], [ 72.8704086, 19.2901418 ] ] ] } },
{ "type": "Feature", "properties": { "land_type": "Water Body", "source": "OpenStreetMap (Overpass, Dahisar extract)", "priority": 95 }, "geometry": { "type": "Polygon", "coordinates": [ [ [ 72.8669204, 19.2881342 ], [ 72.8669783, 19.2882144 ], [ 72.8671314, 19.2881925 ], [ 72.8671198, 19.2881634 ], [ 72.867471, 19.2880104 ], [ 72.867296, 19.2878112 ], [ 72.8669204, 19.2881342 ] ] ] } },
{ "type": "Feature", "properties": { "land_type": "Park", "source": "OpenStreetMap (Overpass, Dahisar extract)", "priority": 85 }, "geometry": { "type": "Polygon", "coordinates": [ [ [ 72.8670983, 19.2883572 ], [ 72.8672205, 19.2884854 ], [ 72.8674124, 19.2883399 ], [ 72.8672796, 19.2881943 ], [ 72.8670983, 19.2883572 ] ] ] } },
{ "type": "Feature", "properties": { "land_type": "Industrial", "source": "OpenStreetMap (Overpass, Dahisar extract)", "priority": 60 }, "geometry": { "type": "Polygon", "coordinates": [ [ [ 72.8683555, 19.2886526 ], [ 72.867782, 19.2891127 ], [ 72.8682206, 19.2895463 ], [ 72.8684444, 19.2893603 ], [ 72.8683421, 19.2892204 ], [ 72.8686474, 19.2889631 ], [ 72.8683555, 19.2886526 ] ] ] } },
{ "type": "Feature", "properties": { "land_type": "Residential", "source": "OpenStreetMap (Overpass, Dahisar extract)", "priority": 50 }, "geometry": { "type": "Polygon", "coordinates": [ [ [ 72.8681691, 19.2903762 ], [ 72.8699749, 19.2903647 ], [ 72.8693973, 19.2898025 ], [ 72.8687043, 19.2889581 ], [ 72.8680822, 19.2883145 ], [ 72.8672154, 19.2873944 ], [ 72.8668895, 19.2876871 ], [ 72.8668966, 19.2903838 ], [ 72.8681691, 19.2903762 ] ] ] } },
{ "type": "Feature", "properties": { "land_type": "Residential", "source": "OpenStreetMap (Overpass, Dahisar extract)", "priority": 50 }, "geometry": { "type": "Polygon", "coordinates": [ [ [ 72.8668598, 19.287209 ], [ 72.8677182, 19.286549 ], [ 72.8684832, 19.2859609 ], [ 72.8685554, 19.2859802 ], [ 72.8688952, 19.2856403 ], [ 72.8677038, 19.2850418 ], [ 72.8668554, 19.2852508 ], [ 72.8668535, 19.2858324 ], [ 72.8670506, 19.2861474 ], [ 72.8671085, 19.2863288 ], [ 72.8668396, 19.2866493 ], [ 72.8668598, 19.287209 ] ] ] } },
{ "type": "Feature", "properties": { "land_type": "Open Land", "source": "OpenStreetMap (Overpass, Dahisar extract)", "priority": 30 }, "geometry": { "type": "Polygon", "coordinates": [ [ [ 72.8705995, 19.2880603 ], [ 72.8702223, 19.2876733 ], [ 72.8696648, 19.2881261 ], [ 72.8696279, 19.2882963 ], [ 72.8694024, 19.2883311 ], [ 72.8694188, 19.2886716 ], [ 72.8691811, 19.2887838 ], [ 72.8691964, 19.2889636 ], [ 72.8692056, 19.2890624 ], [ 72.8691524, 19.2890818 ], [ 72.8697837, 19.2897589 ], [ 72.8698862, 19.2896622 ], [ 72.8697673, 19.2894726 ], [ 72.8698083, 19.2893372 ], [ 72.8701116, 19.2892714 ], [ 72.8703002, 19.2894803 ], [ 72.870706, 19.2893565 ], [ 72.8707142, 19.2887413 ], [ 72.8713169, 19.28878 ], [ 72.8711365, 19.2880177 ], [ 72.8708864, 19.2879752 ], [ 72.8706773, 19.2881454 ], [ 72.8705995, 19.2880603 ] ] ] } },
{ "type": "Feature", "properties": { "land_type": "Park", "source": "OpenStreetMap (Overpass, Dahisar extract)", "priority": 85 }, "geometry": { "type": "Polygon", "coordinates": [ [ [ 72.8682719, 19.2871222 ], [ 72.8686313, 19.2871931 ], [ 72.8686072, 19.2869248 ], [ 72.8682612, 19.2869349 ], [ 72.8682719, 19.2871222 ] ] ] } },
{ "type": "Feature", "properties": { "land_type": "Park", "source": "OpenStreetMap (Overpass, Dahisar extract)", "priority": 85 }, "geometry": { "type": "Polygon", "coordinates": [ [ [ 72.871712, 19.2868158 ], [ 72.8718495, 19.2869837 ], [ 72.8721608, 19.2867662 ], [ 72.8720092, 19.2865925 ], [ 72.871712, 19.2868158 ] ] ] } },
{ "type": "Feature", "properties": { "land_type": "Park", "source": "OpenStreetMap (Overpass, Dahisar extract)", "priority": 85 }, "geometry": { "type": "Polygon", "coordinates": [ [ [ 72.8713047, 19.2868902 ], [ 72.8715011, 19.2871204 ], [ 72.8717678, 19.2869178 ], [ 72.8716765, 19.2868107 ], [ 72.8715463, 19.2869096 ], [ 72.8714413, 19.2867864 ], [ 72.8713047, 19.2868902 ] ] ] } },
{ "type": "Feature", "properties": { "land_type": "Open Land", "source": "OpenStreetMap (Overpass, Dahisar extract)", "priority": 30 }, "geometry": { "type": "Polygon", "coordinates": [ [ [ 72.8698659, 19.2857212 ], [ 72.8701996, 19.2861761 ], [ 72.8701409, 19.2863453 ], [ 72.8702027, 19.2864211 ], [ 72.8707372, 19.2860595 ], [ 72.871006, 19.2858524 ], [ 72.8705487, 19.2852429 ], [ 72.8703263, 19.2853713 ], [ 72.8704159, 19.2854879 ], [ 72.8700482, 19.2857154 ], [ 72.8699679, 19.285625 ], [ 72.8698659, 19.2857212 ] ] ] } },
{ "type": "Feature", "properties": { "land_type": "Residential", "source": "OpenStreetMap (Overpass, Dahisar extract)", "priority": 50 }, "geometry": { "type": "Polygon", "coordinates": [ [ [ 72.8703052, 19.2903635 ], [ 72.8722266, 19.2903332 ], [ 72.8722517, 19.2887957 ], [ 72.8722955, 19.2852322 ], [ 72.8715472, 19.285233 ], [ 72.8691778, 19.2852516 ], [ 72.8682479, 19.2852662 ], [ 72.8689523, 19.2856453 ], [ 72.8685259, 19.2860244 ], [ 72.867392, 19.2868701 ], [ 72.8670638, 19.2870995 ], [ 72.8693685, 19.2893495 ], [ 72.8703052, 19.2903635 ] ] ] } },
{ "type": "Feature", "properties": { "land_type": "Park", "source": "OpenStreetMap (Overpass, Dahisar extract)", "priority": 85 }, "geometry": { "type": "Polygon", "coordinates": [ [ [ 72.8677367, 19.2816492 ], [ 72.8678672, 19.2816886 ], [ 72.8685377, 19.2812231 ], [ 72.8684255, 19.2810754 ], [ 72.8677367, 19.2816492 ] ] ] } },
{ "type": "Feature", "properties": { "land_type": "Park", "source": "OpenStreetMap (Overpass, Dahisar extract)", "priority": 85 }, "geometry": { "type": "Polygon", "coordinates": [ [ [ 72.8692133, 19.2805244 ], [ 72.8694383, 19.2807919 ], [ 72.8697585, 19.2806303 ], [ 72.8697768, 19.2805146 ], [ 72.869469, 19.2804456 ], [ 72.8694376, 19.280517 ], [ 72.8692133, 19.2805244 ] ] ] } },
{ "type": "Feature", "properties": { "land_type": "Park", "source": "OpenStreetMap (Overpass, Dahisar extract)", "priority": 85 }, "geometry": { "type": "Polygon", "coordinates": [ [ [ 72.8702229, 19.2812518 ], [ 72.8697833, 19.2814707 ], [ 72.8698525, 19.2817191 ], [ 72.8699044, 19.2818171 ], [ 72.8701052, 19.28217 ], [ 72.8702921, 19.2819935 ], [ 72.870576, 19.2818269 ], [ 72.8706798, 19.2819314 ], [ 72.8707664, 19.2819609 ], [ 72.8708079, 19.2819053 ], [ 72.8707594, 19.2818465 ], [ 72.8707837, 19.2817452 ], [ 72.8708252, 19.2815786 ], [ 72.8707629, 19.28151 ], [ 72.8707317, 19.2813825 ], [ 72.8706902, 19.28134 ], [ 72.8706071, 19.2814217 ], [ 72.870396, 19.2814217 ], [ 72.8702229, 19.2812518 ] ] ] } },
{ "type": "Feature", "properties": { "land_type": "Park", "source": "OpenStreetMap (Overpass, Dahisar extract)", "priority": 85 }, "geometry": { "type": "Polygon", "coordinates": [ [ [ 72.871168, 19.2812905 ], [ 72.871612, 19.2812883 ], [ 72.8717705, 19.2812862 ], [ 72.8716505, 19.2811964 ], [ 72.8713243, 19.2810874 ], [ 72.8712065, 19.2812092 ], [ 72.8710956, 19.2812434 ], [ 72.8710457, 19.281175 ], [ 72.8710299, 19.2810981 ], [ 72.8710571, 19.2808244 ], [ 72.8710775, 19.2807004 ], [ 72.8710072, 19.2806277 ], [ 72.8708917, 19.2806491 ], [ 72.8707876, 19.2806534 ], [ 72.8707287, 19.2805935 ], [ 72.8706562, 19.2805871 ], [ 72.8706086, 19.2806384 ], [ 72.8706471, 19.2807004 ], [ 72.8706947, 19.2808073 ], [ 72.8707808, 19.2807924 ], [ 72.8708532, 19.2808351 ], [ 72.8709212, 19.2809292 ], [ 72.8709597, 19.2809719 ], [ 72.8709823, 19.2810318 ], [ 72.8709733, 19.2811472 ], [ 72.8709642, 19.2812285 ], [ 72.8710707, 19.2813375 ], [ 72.871168, 19.2812905 ] ] ] } },
{ "type": "Feature", "properties": { "land_type": "Open Land", "source": "OpenStreetMap (Overpass, Dahisar extract)", "priority": 30 }, "geometry": { "type": "Polygon", "coordinates": [ [ [ 72.870791, 19.2814122 ], [ 72.8708132, 19.2814831 ], [ 72.8708985, 19.2815169 ], [ 72.870989, 19.2815588 ], [ 72.8709549, 19.2817957 ], [ 72.8713116, 19.2815057 ], [ 72.8716274, 19.2813268 ], [ 72.8711665, 19.2813268 ], [ 72.8710795, 19.2813735 ], [ 72.8709378, 19.2812704 ], [ 72.8708473, 19.281272 ], [ 72.8707705, 19.2813171 ], [ 72.870791, 19.2814122 ] ] ] } },
{ "type": "Feature", "properties": { "land_type": "Open Land", "source": "OpenStreetMap (Overpass, Dahisar extract)", "priority": 30 }, "geometry": { "type": "Polygon", "coordinates": [ [ [ 72.8709349, 19.2820321 ], [ 72.8710005, 19.2821134 ], [ 72.8709062, 19.2822101 ], [ 72.8709185, 19.2823068 ], [ 72.8711112, 19.2822295 ], [ 72.8712546, 19.2822798 ], [ 72.8713297, 19.2823422 ], [ 72.8713436, 19.2823805 ], [ 72.8713612, 19.2824771 ], [ 72.871722, 19.2825584 ], [ 72.8718532, 19.2825197 ], [ 72.8716851, 19.2816065 ], [ 72.8716564, 19.281502 ], [ 72.8714791, 19.2815799 ], [ 72.8709349, 19.2820321 ] ] ] } },
{ "type": "Feature", "properties": { "land_type": "Residential", "source": "OpenStreetMap (Overpass, Dahisar extract)", "priority": 50 }, "geometry": { "type": "Polygon", "coordinates": [ [ [ 72.8670628, 19.2834911 ], [ 72.8682829, 19.283052 ], [ 72.8685142, 19.2831589 ], [ 72.8694587, 19.2842599 ], [ 72.8699498, 19.284866 ], [ 72.8702945, 19.2851379 ], [ 72.8722777, 19.2851914 ], [ 72.8722305, 19.2841172 ], [ 72.8722532, 19.2800822 ], [ 72.8711225, 19.2801769 ], [ 72.8697092, 19.2810116 ], [ 72.8684178, 19.2818952 ], [ 72.8679008, 19.2822336 ], [ 72.8667188, 19.2830767 ], [ 72.8670628, 19.2834911 ] ] ] } },
{ "type": "Feature", "properties": { "land_type": "Forest", "source": "OpenStreetMap (Overpass, Dahisar extract)", "priority": 90 }, "geometry": { "type": "Polygon", "coordinates": [ [ [ 72.8660586, 19.2752408 ], [ 72.8662802, 19.2751264 ], [ 72.8667959, 19.2751395 ], [ 72.8670728, 19.2752408 ], [ 72.8670625, 19.2750807 ], [ 72.8669967, 19.2748912 ], [ 72.8664948, 19.2740122 ], [ 72.866384, 19.2740383 ], [ 72.8663009, 19.2742475 ], [ 72.8661382, 19.2746363 ], [ 72.8660586, 19.2752408 ] ] ] } },
{ "type": "Feature", "properties": { "land_type": "Wetland", "source": "OpenStreetMap (Overpass, Dahisar extract)", "priority": 100 }, "geometry": { "type": "Polygon", "coordinates": [ [ [ 72.8619102, 19.2902211 ], [ 72.8619475, 19.2903413 ], [ 72.8619849, 19.2903352 ], [ 72.8620453, 19.2903303 ], [ 72.8621071, 19.2903534 ], [ 72.8621058, 19.2903158 ], [ 72.8621071, 19.2902429 ], [ 72.8620942, 19.2902247 ], [ 72.8620749, 19.290215 ], [ 72.8620016, 19.2901919 ], [ 72.861972, 19.2902016 ], [ 72.8619102, 19.2902211 ] ] ] } },
{ "type": "Feature", "properties": { "land_type": "Park", "source": "OpenStreetMap (Overpass, Dahisar extract)", "priority": 85 }, "geometry": { "type": "Polygon", "coordinates": [ [ [ 72.8613549, 19.2900863 ], [ 72.8613628, 19.2902014 ], [ 72.8618504, 19.2901309 ], [ 72.8618536, 19.2898363 ], [ 72.861349, 19.2899286 ], [ 72.8613549, 19.2900863 ] ] ] } },
{ "type": "Feature", "properties": { "land_type": "Residential", "source": "OpenStreetMap (Overpass, Dahisar extract)", "priority": 50 }, "geometry": { "type": "Polygon", "coordinates": [ [ [ 72.8628876, 19.2904029 ], [ 72.8633733, 19.290402 ], [ 72.8643839, 19.2893071 ], [ 72.8647666, 19.2889199 ], [ 72.8652468, 19.288409 ], [ 72.8643612, 19.2877245 ], [ 72.8631628, 19.2868051 ], [ 72.8614254, 19.285416 ], [ 72.8613592, 19.2853394 ], [ 72.8613502, 19.2858528 ], [ 72.8613601, 19.286509 ], [ 72.8613732, 19.2873805 ], [ 72.8613562, 19.2877265 ], [ 72.8615441, 19.2878752 ], [ 72.8619367, 19.288147 ], [ 72.8621215, 19.2882873 ], [ 72.8621496, 19.2883071 ], [ 72.8621694, 19.288305 ], [ 72.8622025, 19.2882821 ], [ 72.862267, 19.2882234 ], [ 72.8623706, 19.2882318 ], [ 72.8625014, 19.288372 ], [ 72.8625204, 19.2884133 ], [ 72.8625118, 19.2885549 ], [ 72.8625174, 19.2887585 ], [ 72.8624486, 19.2889664 ], [ 72.8625547, 19.2893286 ], [ 72.8627451, 19.2899148 ], [ 72.8628345, 19.290222 ], [ 72.8628745, 19.290398 ], [ 72.8628764, 19.2904046 ], [ 72.8628876, 19.2904029 ] ] ] } },
{ "type": "Feature", "properties": { "land_type": "Park", "source": "OpenStreetMap (Overpass, Dahisar extract)", "priority": 85 }, "geometry": { "type": "Polygon", "coordinates": [ [ [ 72.8650434, 19.2858922 ], [ 72.8653593, 19.285906 ], [ 72.8653967, 19.2856878 ], [ 72.865076, 19.2856232 ], [ 72.8650434, 19.2858922 ] ] ] } },
{ "type": "Feature", "properties": { "land_type": "Park", "source": "OpenStreetMap (Overpass, Dahisar extract)", "priority": 85 }, "geometry": { "type": "Polygon", "coordinates": [ [ [ 72.8646796, 19.2861114 ], [ 72.8647121, 19.2862582 ], [ 72.8644312, 19.2863581 ], [ 72.864617, 19.2865723 ], [ 72.8649821, 19.2864499 ], [ 72.8649238, 19.2860951 ], [ 72.8646796, 19.2861114 ] ] ] } },
{ "type": "Feature", "properties": { "land_type": "Residential", "source": "OpenStreetMap (Overpass, Dahisar extract)", "priority": 50 }, "geometry": { "type": "Polygon", "coordinates": [ [ [ 72.8652924, 19.2883425 ], [ 72.8655299, 19.2881557 ], [ 72.8658857, 19.2879333 ], [ 72.8663351, 19.2875951 ], [ 72.8667791, 19.2872307 ], [ 72.8664533, 19.2863023 ], [ 72.8667999, 19.2852335 ], [ 72.8637876, 19.2852638 ], [ 72.8613701, 19.2852685 ], [ 72.8646504, 19.2878539 ], [ 72.865065, 19.2881974 ], [ 72.8652924, 19.2883425 ] ] ] } },
{ "type": "Feature", "properties": { "land_type": "Park", "source": "OpenStreetMap (Overpass, Dahisar extract)", "priority": 85 }, "geometry": { "type": "Polygon", "coordinates": [ [ [ 72.8641996, 19.2831618 ], [ 72.8646794, 19.283288 ], [ 72.8647325, 19.2832101 ], [ 72.8645496, 19.2830226 ], [ 72.864642, 19.2828612 ], [ 72.8643255, 19.2825605 ], [ 72.8641996, 19.2831618 ] ] ] } },
{ "type": "Feature", "properties": { "land_type": "Park", "source": "OpenStreetMap (Overpass, Dahisar extract)", "priority": 85 }, "geometry": { "type": "Polygon", "coordinates": [ [ [ 72.8644073, 19.2820802 ], [ 72.8646526, 19.2818917 ], [ 72.8644926, 19.2816757 ], [ 72.8644073, 19.2820802 ] ] ] } },
{ "type": "Feature", "properties": { "land_type": "Park", "source": "OpenStreetMap (Overpass, Dahisar extract)", "priority": 85 }, "geometry": { "type": "Polygon", "coordinates": [ [ [ 72.8647489, 19.2808668 ], [ 72.8648441, 19.2809673 ], [ 72.8651838, 19.2807129 ], [ 72.8652313, 19.2806766 ], [ 72.8654103, 19.2808861 ], [ 72.8656549, 19.2807407 ], [ 72.8657998, 19.280777 ], [ 72.8658768, 19.2806744 ], [ 72.8654284, 19.2803452 ], [ 72.865134, 19.280636 ], [ 72.8648259, 19.2805825 ], [ 72.8647489, 19.2808668 ] ] ] } },
{ "type": "Feature", "properties": { "land_type": "Park", "source": "OpenStreetMap (Overpass, Dahisar extract)", "priority": 85 }, "geometry": { "type": "Polygon", "coordinates": [ [ [ 72.8658545, 19.280826 ], [ 72.8660628, 19.2811096 ], [ 72.8662095, 19.2809904 ], [ 72.8659552, 19.2807261 ], [ 72.8658545, 19.280826 ] ] ] } },
{ "type": "Feature", "properties": { "land_type": "Residential", "source": "OpenStreetMap (Overpass, Dahisar extract)", "priority": 50 }, "geometry": { "type": "Polygon", "coordinates": [ [ [ 72.8647747, 19.2851986 ], [ 72.8667897, 19.2851937 ], [ 72.8667992, 19.2811485 ], [ 72.8658129, 19.2802189 ], [ 72.8654493, 19.27987 ], [ 72.8648032, 19.2804317 ], [ 72.8646589, 19.2810614 ], [ 72.8646069, 19.2811769 ], [ 72.8645444, 19.2814446 ], [ 72.8644852, 19.2816523 ], [ 72.8644081, 19.2819601 ], [ 72.8643065, 19.2823618 ], [ 72.8641266, 19.2831894 ], [ 72.8641055, 19.2834524 ], [ 72.8647666, 19.2836113 ], [ 72.8652678, 19.2837474 ], [ 72.8652244, 19.2838563 ], [ 72.865041, 19.2843495 ], [ 72.8648586, 19.2843092 ], [ 72.8647861, 19.2842955 ], [ 72.8647747, 19.2851986 ] ] ] } },
{ "type": "Feature", "properties": { "land_type": "Park", "source": "OpenStreetMap (Overpass, Dahisar extract)", "priority": 85 }, "geometry": { "type": "Polygon", "coordinates": [ [ [ 72.8632418, 19.2838274 ], [ 72.8636682, 19.2841554 ], [ 72.8638192, 19.2840262 ], [ 72.863584, 19.2837363 ], [ 72.8634559, 19.2835955 ], [ 72.8632418, 19.2838274 ] ] ] } },
{ "type": "Feature", "properties": { "land_type": "Park", "source": "OpenStreetMap (Overpass, Dahisar extract)", "priority": 85 }, "geometry": { "type": "Polygon", "coordinates": [ [ [ 72.8634859, 19.2848555 ], [ 72.8637407, 19.2851973 ], [ 72.8638177, 19.2851933 ], [ 72.8638966, 19.2848613 ], [ 72.8639416, 19.2844862 ], [ 72.8639204, 19.2844201 ], [ 72.8634859, 19.2848555 ] ] ] } },
{ "type": "Feature", "properties": { "land_type": "Park", "source": "OpenStreetMap (Overpass, Dahisar extract)", "priority": 85 }, "geometry": { "type": "Polygon", "coordinates": [ [ [ 72.8611971, 19.2848094 ], [ 72.8615105, 19.285067 ], [ 72.8617834, 19.2847273 ], [ 72.861563, 19.2845079 ], [ 72.8611971, 19.2848094 ] ] ] } },
{ "type": "Feature", "properties": { "land_type": "Residential", "source": "OpenStreetMap (Overpass, Dahisar extract)", "priority": 50 }, "geometry": { "type": "Polygon", "coordinates": [ [ [ 72.8647146, 19.2851776 ], [ 72.865041, 19.2843495 ], [ 72.8648586, 19.2843092 ], [ 72.8647861, 19.2842955 ], [ 72.8641434, 19.2841742 ], [ 72.863891, 19.2839894 ], [ 72.8636125, 19.2836353 ], [ 72.8635017, 19.2834858 ], [ 72.8622943, 19.2826971 ], [ 72.8613002, 19.282125 ], [ 72.8610375, 19.2827532 ], [ 72.8613137, 19.2828402 ], [ 72.8612778, 19.282997 ], [ 72.861416, 19.2830273 ], [ 72.8613089, 19.2834226 ], [ 72.861414, 19.2835119 ], [ 72.8613783, 19.2842438 ], [ 72.8613415, 19.2852123 ], [ 72.8647146, 19.2851776 ] ] ] } },
{ "type": "Feature", "properties": { "land_type": "Unknown", "source": "OpenStreetMap (Overpass, Dahisar extract)", "priority": 0 }, "geometry": { "type": "Polygon", "coordinates": [ [ [ 72.862064, 19.2652295 ], [ 72.8623382, 19.2657358 ], [ 72.8624906, 19.2661327 ], [ 72.8626429, 19.2666792 ], [ 72.8630025, 19.2668403 ], [ 72.8636728, 19.2666792 ], [ 72.8637947, 19.2666159 ], [ 72.863362, 19.2659026 ], [ 72.8626795, 19.2648671 ], [ 72.862064, 19.2652295 ] ] ] } },
{ "type": "Feature", "properties": { "land_type": "Open Land", "source": "OpenStreetMap (Overpass, Dahisar extract)", "priority": 30 }, "geometry": { "type": "Polygon", "coordinates": [ [ [ 72.8626185, 19.2670148 ], [ 72.8625315, 19.2670481 ], [ 72.8626272, 19.2672138 ], [ 72.862679, 19.2673643 ], [ 72.862687, 19.2674923 ], [ 72.8626551, 19.2677896 ], [ 72.8627588, 19.2678235 ], [ 72.8628824, 19.2678273 ], [ 72.8630339, 19.267752 ], [ 72.8630857, 19.2676014 ], [ 72.8631735, 19.2672664 ], [ 72.8632931, 19.2670406 ], [ 72.8635722, 19.2669013 ], [ 72.8637835, 19.266875 ], [ 72.8642421, 19.2669089 ], [ 72.8644135, 19.2668148 ], [ 72.8644973, 19.2666793 ], [ 72.8644733, 19.2665701 ], [ 72.8644135, 19.2664609 ], [ 72.8643457, 19.266348 ], [ 72.8642859, 19.2662426 ], [ 72.8639151, 19.2665663 ], [ 72.8637756, 19.266683 ], [ 72.8630398, 19.2668673 ], [ 72.8628269, 19.2669699 ], [ 72.8626185, 19.2670148 ] ] ] } },
{ "type": "Feature", "properties": { "land_type": "Open Land", "source": "OpenStreetMap (Overpass, Dahisar extract)", "priority": 30 }, "geometry": { "type": "Polygon", "coordinates": [ [ [ 72.8651571, 19.2663699 ], [ 72.8652782, 19.266517 ], [ 72.8653475, 19.266566 ], [ 72.865524, 19.2666836 ], [ 72.8655517, 19.266896 ], [ 72.8656348, 19.266932 ], [ 72.8656867, 19.266883 ], [ 72.8656002, 19.2666444 ], [ 72.865479, 19.2664026 ], [ 72.8653682, 19.2661837 ], [ 72.8652713, 19.2660595 ], [ 72.8651952, 19.2660138 ], [ 72.8651848, 19.2661379 ], [ 72.8652367, 19.2662131 ], [ 72.8652194, 19.2663503 ], [ 72.8651571, 19.2663699 ] ] ] } },
{ "type": "Feature", "properties": { "land_type": "Forest", "source": "OpenStreetMap (Overpass, Dahisar extract)", "priority": 90 }, "geometry": { "type": "Polygon", "coordinates": [ [ [ 72.8718439, 19.2668433 ], [ 72.8722456, 19.2672312 ], [ 72.8722919, 19.2671933 ], [ 72.8722765, 19.2660675 ], [ 72.8720602, 19.2658896 ], [ 72.871949, 19.2660471 ], [ 72.8718625, 19.2662425 ], [ 72.8718408, 19.266362 ], [ 72.8719428, 19.2665312 ], [ 72.8718439, 19.2666595 ], [ 72.8718439, 19.2668433 ] ] ] } },
{ "type": "Feature", "properties": { "land_type": "Park", "source": "OpenStreetMap (Overpass, Dahisar extract)", "priority": 85 }, "geometry": { "type": "Polygon", "coordinates": [ [ [ 72.866982, 19.2662275 ], [ 72.8670425, 19.2665067 ], [ 72.8678156, 19.26641 ], [ 72.8677294, 19.2659682 ], [ 72.8674896, 19.2659879 ], [ 72.8675036, 19.2660605 ], [ 72.8673476, 19.2660605 ], [ 72.8673546, 19.266155 ], [ 72.866982, 19.2662275 ] ] ] } },
{ "type": "Feature", "properties": { "land_type": "Forest", "source": "OpenStreetMap (Overpass, Dahisar extract)", "priority": 90 }, "geometry": { "type": "Polygon", "coordinates": [ [ [ 72.8695591, 19.2691009 ], [ 72.8700795, 19.2691972 ], [ 72.8701438, 19.2694883 ], [ 72.8699588, 19.2695061 ], [ 72.8699588, 19.2695871 ], [ 72.8703182, 19.2695314 ], [ 72.8705274, 19.2695162 ], [ 72.8709056, 19.2695212 ], [ 72.8710451, 19.269539 ], [ 72.8699802, 19.2685161 ], [ 72.8697147, 19.2682553 ], [ 72.8695591, 19.2691009 ] ] ] } },
{ "type": "Feature", "properties": { "land_type": "Residential", "source": "OpenStreetMap (Overpass, Dahisar extract)", "priority": 50 }, "geometry": { "type": "Polygon", "coordinates": [ [ [ 72.8711566, 19.2694967 ], [ 72.8714524, 19.2694791 ], [ 72.8716922, 19.2694769 ], [ 72.8719879, 19.269545 ], [ 72.8722767, 19.2695758 ], [ 72.8722914, 19.2688726 ], [ 72.8722995, 19.2679689 ], [ 72.8723056, 19.267298 ], [ 72.8721839, 19.2673532 ], [ 72.8720117, 19.2672015 ], [ 72.8709486, 19.2662196 ], [ 72.870774, 19.2660648 ], [ 72.8707026, 19.2660186 ], [ 72.8705134, 19.2663283 ], [ 72.8701698, 19.2664249 ], [ 72.8699885, 19.266527 ], [ 72.8699032, 19.2666521 ], [ 72.8698183, 19.2674007 ], [ 72.8697287, 19.2681211 ], [ 72.8707607, 19.2691243 ], [ 72.871048, 19.2693781 ], [ 72.8711566, 19.2694967 ] ] ] } },
{ "type": "Feature", "properties": { "land_type": "Park", "source": "OpenStreetMap (Overpass, Dahisar extract)", "priority": 85 }, "geometry": { "type": "Polygon", "coordinates": [ [ [ 72.8670157, 19.2669822 ], [ 72.8672329, 19.2678451 ], [ 72.8683029, 19.2676091 ], [ 72.8681553, 19.2667268 ], [ 72.8670157, 19.2669822 ] ] ] } },
{ "type": "Feature", "properties": { "land_type": "Park", "source": "OpenStreetMap (Overpass, Dahisar extract)", "priority": 85 }, "geometry": { "type": "Polygon", "coordinates": [ [ [ 72.8697153, 19.2651501 ], [ 72.8697517, 19.2652375 ], [ 72.8699706, 19.2651852 ], [ 72.8699464, 19.2650471 ], [ 72.8697153, 19.2651501 ] ] ] } },
{ "type": "Feature", "properties": { "land_type": "Residential", "source": "OpenStreetMap (Overpass, Dahisar extract)", "priority": 50 }, "geometry": { "type": "Polygon", "coordinates": [ [ [ 72.8670301, 19.2669186 ], [ 72.8673412, 19.2668578 ], [ 72.8678508, 19.2667515 ], [ 72.8680385, 19.2666882 ], [ 72.8682585, 19.2666932 ], [ 72.8684838, 19.2667084 ], [ 72.8685809, 19.2666913 ], [ 72.8688727, 19.2667008 ], [ 72.8693367, 19.2665869 ], [ 72.8693475, 19.2665211 ], [ 72.869385, 19.2664856 ], [ 72.8698329, 19.2664476 ], [ 72.8700795, 19.2663789 ], [ 72.8703767, 19.2662835 ], [ 72.8705002, 19.2661929 ], [ 72.870633, 19.2659643 ], [ 72.8706469, 19.2658588 ], [ 72.8706522, 19.2657677 ], [ 72.8705927, 19.2655254 ], [ 72.8705334, 19.2654802 ], [ 72.8705187, 19.2654597 ], [ 72.870439, 19.2654429 ], [ 72.8703901, 19.2654482 ], [ 72.8703518, 19.265415 ], [ 72.8702523, 19.2653288 ], [ 72.8701797, 19.265302 ], [ 72.8701195, 19.265265 ], [ 72.8700287, 19.2651529 ], [ 72.8699542, 19.2648869 ], [ 72.8697959, 19.264821 ], [ 72.8697722, 19.2648267 ], [ 72.8697447, 19.2647836 ], [ 72.8696524, 19.2644994 ], [ 72.8694901, 19.2645005 ], [ 72.8689177, 19.2644947 ], [ 72.8678511, 19.2644965 ], [ 72.8675947, 19.2647561 ], [ 72.8675514, 19.2651411 ], [ 72.8675298, 19.2655873 ], [ 72.8675013, 19.2658299 ], [ 72.8675031, 19.2659343 ], [ 72.8677435, 19.2659542 ], [ 72.8678471, 19.2664147 ], [ 72.867733, 19.2664445 ], [ 72.8669621, 19.2665537 ], [ 72.8670301, 19.2669186 ] ] ] } },
{ "type": "Feature", "properties": { "land_type": "Open Land", "source": "OpenStreetMap (Overpass, Dahisar extract)", "priority": 30 }, "geometry": { "type": "Polygon", "coordinates": [ [ [ 72.8709363, 19.266064 ], [ 72.8710302, 19.2661476 ], [ 72.8711255, 19.2660814 ], [ 72.8713424, 19.2658817 ], [ 72.8714217, 19.2657631 ], [ 72.871304, 19.2657019 ], [ 72.8711744, 19.2656769 ], [ 72.8711003, 19.2656857 ], [ 72.8710395, 19.2658217 ], [ 72.8709853, 19.2658867 ], [ 72.8709601, 19.2659603 ], [ 72.8709363, 19.266064 ] ] ] } },
{ "type": "Feature", "properties": { "land_type": "Commercial", "source": "OpenStreetMap (Overpass, Dahisar extract)", "priority": 55 }, "geometry": { "type": "Polygon", "coordinates": [ [ [ 72.8711466, 19.2651182 ], [ 72.8722748, 19.2648225 ], [ 72.8722677, 19.2645168 ], [ 72.8718843, 19.2645135 ], [ 72.8718315, 19.2645108 ], [ 72.8710221, 19.2645034 ], [ 72.8710363, 19.2647957 ], [ 72.8711324, 19.2649939 ], [ 72.8711466, 19.2651182 ] ] ] } },
{ "type": "Feature", "properties": { "land_type": "Residential", "source": "OpenStreetMap (Overpass, Dahisar extract)", "priority": 50 }, "geometry": { "type": "Polygon", "coordinates": [ [ [ 72.8700597, 19.2651156 ], [ 72.8701412, 19.2652409 ], [ 72.8702979, 19.2653395 ], [ 72.8703857, 19.2653947 ], [ 72.8705883, 19.2654277 ], [ 72.870572, 19.2653112 ], [ 72.8706023, 19.2652607 ], [ 72.8704975, 19.2650452 ], [ 72.8703485, 19.2650474 ], [ 72.8702368, 19.2647468 ], [ 72.869957, 19.2648395 ], [ 72.8700597, 19.2651156 ] ] ] } },
{ "type": "Feature", "properties": { "land_type": "Commercial", "source": "OpenStreetMap (Overpass, Dahisar extract)", "priority": 55 }, "geometry": { "type": "Polygon", "coordinates": [ [ [ 72.8705347, 19.2650343 ], [ 72.8706358, 19.2652442 ], [ 72.8709431, 19.2651373 ], [ 72.8709855, 19.2650648 ], [ 72.8709633, 19.264893 ], [ 72.8705347, 19.2650343 ] ] ] } },
{ "type": "Feature", "properties": { "land_type": "Water Body", "source": "OpenStreetMap (Overpass, Dahisar extract)", "priority": 95 }, "geometry": { "type": "Polygon", "coordinates": [ [ [ 72.843242, 19.2764084 ], [ 72.8432179, 19.2768009 ], [ 72.8432125, 19.2769705 ], [ 72.843285, 19.2769477 ], [ 72.8433708, 19.2769224 ], [ 72.8434673, 19.2769097 ], [ 72.8434995, 19.2768287 ], [ 72.8435103, 19.2767224 ], [ 72.8434969, 19.2764768 ], [ 72.8434861, 19.2763477 ], [ 72.8433332, 19.2763781 ], [ 72.843242, 19.2764084 ] ] ] } },
{ "type": "Feature", "properties": { "land_type": "Water Body", "source": "OpenStreetMap (Overpass, Dahisar extract)", "priority": 95 }, "geometry": { "type": "Polygon", "coordinates": [ [ [ 72.8431562, 19.2759654 ], [ 72.8431213, 19.2760641 ], [ 72.8431535, 19.2762034 ], [ 72.8431803, 19.2763122 ], [ 72.8432313, 19.2763679 ], [ 72.843352, 19.2763401 ], [ 72.8434137, 19.2763021 ], [ 72.8434137, 19.2761654 ], [ 72.8433708, 19.2760135 ], [ 72.843293, 19.2759274 ], [ 72.8432179, 19.2759274 ], [ 72.8431562, 19.2759654 ] ] ] } },
{ "type": "Feature", "properties": { "land_type": "Water Body", "source": "OpenStreetMap (Overpass, Dahisar extract)", "priority": 95 }, "geometry": { "type": "Polygon", "coordinates": [ [ [ 72.8432356, 19.2786939 ], [ 72.8432865, 19.2787028 ], [ 72.8433067, 19.2786635 ], [ 72.8432919, 19.2786357 ], [ 72.843308, 19.2785977 ], [ 72.8433308, 19.278585 ], [ 72.8433911, 19.2785597 ], [ 72.8434461, 19.2785306 ], [ 72.8434823, 19.2784838 ], [ 72.8433523, 19.2784534 ], [ 72.8432812, 19.2784483 ], [ 72.8432409, 19.2784433 ], [ 72.843186, 19.2784635 ], [ 72.8431363, 19.2785091 ], [ 72.8431283, 19.2785559 ], [ 72.8431672, 19.278604 ], [ 72.8432356, 19.2786939 ] ] ] } },
{ "type": "Feature", "properties": { "land_type": "Water Body", "source": "OpenStreetMap (Overpass, Dahisar extract)", "priority": 95 }, "geometry": { "type": "Polygon", "coordinates": [ [ [ 72.8434945, 19.2771098 ], [ 72.8434952, 19.2770996 ], [ 72.8434923, 19.2770897 ], [ 72.8434862, 19.2770813 ], [ 72.8434776, 19.2770751 ], [ 72.8434673, 19.277072 ], [ 72.8434564, 19.2770722 ], [ 72.8434463, 19.2770757 ], [ 72.8434378, 19.2770821 ], [ 72.8434321, 19.2770908 ], [ 72.8434296, 19.2771007 ], [ 72.8434307, 19.2771109 ], [ 72.8434352, 19.2771202 ], [ 72.8434427, 19.2771276 ], [ 72.8434524, 19.2771323 ], [ 72.8434631, 19.2771338 ], [ 72.8434737, 19.2771319 ], [ 72.8434831, 19.2771268 ], [ 72.8434903, 19.2771192 ], [ 72.8434945, 19.2771098 ] ] ] } },
{ "type": "Feature", "properties": { "land_type": "Water Body", "source": "OpenStreetMap (Overpass, Dahisar extract)", "priority": 95 }, "geometry": { "type": "Polygon", "coordinates": [ [ [ 72.8441863, 19.2793204 ], [ 72.8441509, 19.2793363 ], [ 72.8441562, 19.2793672 ], [ 72.8442173, 19.2793931 ], [ 72.8442704, 19.2794173 ], [ 72.8443058, 19.2794131 ], [ 72.8443359, 19.2793639 ], [ 72.8443155, 19.2793255 ], [ 72.8442598, 19.2793255 ], [ 72.8441863, 19.2793204 ] ] ] } },
{ "type": "Feature", "properties": { "land_type": "Water Body", "source": "OpenStreetMap (Overpass, Dahisar extract)", "priority": 95 }, "geometry": { "type": "Polygon", "coordinates": [ [ [ 72.8443518, 19.2793447 ], [ 72.8443925, 19.279404 ], [ 72.8444217, 19.2794106 ], [ 72.8444412, 19.279404 ], [ 72.8444509, 19.2793739 ], [ 72.8444792, 19.2793864 ], [ 72.8445217, 19.2794023 ], [ 72.8445969, 19.2793948 ], [ 72.844596, 19.2793589 ], [ 72.844588, 19.2793004 ], [ 72.8445287, 19.279196 ], [ 72.8444695, 19.2791509 ], [ 72.8443969, 19.2792219 ], [ 72.8443536, 19.279292 ], [ 72.8443518, 19.2793447 ] ] ] } },
{ "type": "Feature", "properties": { "land_type": "Water Body", "source": "OpenStreetMap (Overpass, Dahisar extract)", "priority": 95 }, "geometry": { "type": "Polygon", "coordinates": [ [ [ 72.844065, 19.2786387 ], [ 72.8440388, 19.2786561 ], [ 72.8440265, 19.2786932 ], [ 72.8440427, 19.278731 ], [ 72.8440542, 19.2787463 ], [ 72.8440781, 19.278771 ], [ 72.8441135, 19.2787586 ], [ 72.8441513, 19.2787492 ], [ 72.8441582, 19.2787244 ], [ 72.8441466, 19.2786888 ], [ 72.8441166, 19.2786336 ], [ 72.844065, 19.2786387 ] ] ] } },
{ "type": "Feature", "properties": { "land_type": "Water Body", "source": "OpenStreetMap (Overpass, Dahisar extract)", "priority": 95 }, "geometry": { "type": "Polygon", "coordinates": [ [ [ 72.843636, 19.2788575 ], [ 72.8436144, 19.2789215 ], [ 72.8436236, 19.2789586 ], [ 72.8435928, 19.2789637 ], [ 72.8435851, 19.2789055 ], [ 72.8435273, 19.2788764 ], [ 72.8434942, 19.2789098 ], [ 72.8435027, 19.2789869 ], [ 72.843562, 19.2790334 ], [ 72.8436413, 19.2790713 ], [ 72.8437091, 19.2790589 ], [ 72.8438786, 19.2789826 ], [ 72.8438717, 19.2788808 ], [ 72.8438424, 19.278747 ], [ 72.8438416, 19.278667 ], [ 72.8438277, 19.2786416 ], [ 72.8438185, 19.2785892 ], [ 72.8437777, 19.278531 ], [ 72.8436714, 19.2785209 ], [ 72.8434904, 19.2785005 ], [ 72.843458, 19.2785354 ], [ 72.8435535, 19.2785761 ], [ 72.8436182, 19.2786554 ], [ 72.843656, 19.2787034 ], [ 72.843733, 19.2787346 ], [ 72.8437838, 19.2787921 ], [ 72.8437838, 19.278811 ], [ 72.843713, 19.2788524 ], [ 72.843636, 19.2788575 ] ] ] } },
{ "type": "Feature", "properties": { "land_type": "Wetland", "source": "OpenStreetMap (Overpass, Dahisar extract)", "priority": 100 }, "geometry": { "type": "Polygon", "coordinates": [ [ [ 72.8520131, 19.2710899 ], [ 72.8521045, 19.2711689 ], [ 72.852571, 19.2714399 ], [ 72.8527145, 19.2716168 ], [ 72.8529976, 19.2720497 ], [ 72.853201, 19.2723395 ], [ 72.8533844, 19.2725465 ], [ 72.8540423, 19.2731186 ], [ 72.8543426, 19.2733838 ], [ 72.8547548, 19.2736575 ], [ 72.8549111, 19.2736767 ], [ 72.8550515, 19.2737387 ], [ 72.8551217, 19.2736511 ], [ 72.8546302, 19.2733261 ], [ 72.8543041, 19.2730524 ], [ 72.854064, 19.2727831 ], [ 72.8539689, 19.2725928 ], [ 72.8537401, 19.2722614 ], [ 72.8536971, 19.2721267 ], [ 72.8534797, 19.2718039 ], [ 72.8534162, 19.2714062 ], [ 72.8533007, 19.271124 ], [ 72.8531467, 19.2708568 ], [ 72.8531128, 19.2706686 ], [ 72.8529791, 19.270519 ], [ 72.8529157, 19.2704078 ], [ 72.8527798, 19.2703009 ], [ 72.8526258, 19.2702795 ], [ 72.8524559, 19.2703287 ], [ 72.8522453, 19.2704677 ], [ 72.8521615, 19.2705232 ], [ 72.8520822, 19.2706045 ], [ 72.8520041, 19.2706512 ], [ 72.8518507, 19.2707971 ], [ 72.8517442, 19.2708591 ], [ 72.8513705, 19.2708784 ], [ 72.8510489, 19.2708912 ], [ 72.8508224, 19.2709254 ], [ 72.8503666, 19.2710133 ], [ 72.8503848, 19.2711309 ], [ 72.8508264, 19.2710261 ], [ 72.8512613, 19.2710539 ], [ 72.8514039, 19.2710668 ], [ 72.8517391, 19.2711459 ], [ 72.8518909, 19.2711031 ], [ 72.8519181, 19.2710454 ], [ 72.8520131, 19.2710899 ] ] ] } },
{ "type": "Feature", "properties": { "land_type": "Residential", "source": "OpenStreetMap (Overpass, Dahisar extract)", "priority": 50 }, "geometry": { "type": "Polygon", "coordinates": [ [ [ 72.8564985, 19.2797574 ], [ 72.856922, 19.2797767 ], [ 72.8569967, 19.2793726 ], [ 72.8565075, 19.2793299 ], [ 72.8564985, 19.2797574 ] ] ] } },
{ "type": "Feature", "properties": { "land_type": "Residential", "source": "OpenStreetMap (Overpass, Dahisar extract)", "priority": 50 }, "geometry": { "type": "Polygon", "coordinates": [ [ [ 72.8574426, 19.2789539 ], [ 72.8574938, 19.2793954 ], [ 72.8576867, 19.2793487 ], [ 72.8577004, 19.2791811 ], [ 72.8577738, 19.2791602 ], [ 72.857825, 19.278933 ], [ 72.8574426, 19.2789539 ] ] ] } },
{ "type": "Feature", "properties": { "land_type": "Residential", "source": "OpenStreetMap (Overpass, Dahisar extract)", "priority": 50 }, "geometry": { "type": "Polygon", "coordinates": [ [ [ 72.8564136, 19.2799735 ], [ 72.8577009, 19.2799925 ], [ 72.8577572, 19.2796976 ], [ 72.857962, 19.2788024 ], [ 72.8584924, 19.2775077 ], [ 72.8587675, 19.2769394 ], [ 72.8594805, 19.2759277 ], [ 72.8595528, 19.2758475 ], [ 72.8588095, 19.2755607 ], [ 72.8580609, 19.2753999 ], [ 72.8577196, 19.2753727 ], [ 72.8573739, 19.2753377 ], [ 72.8573013, 19.2753461 ], [ 72.8569324, 19.2753476 ], [ 72.8568562, 19.2760763 ], [ 72.8567074, 19.2773571 ], [ 72.8565274, 19.2789222 ], [ 72.8564705, 19.2793277 ], [ 72.8564305, 19.2796737 ], [ 72.8564136, 19.2799735 ] ] ] } },
{ "type": "Feature", "properties": { "land_type": "Open Land", "source": "OpenStreetMap (Overpass, Dahisar extract)", "priority": 30 }, "geometry": { "type": "Polygon", "coordinates": [ [ [ 72.8685658, 19.2723575 ], [ 72.8691799, 19.273002 ], [ 72.869527, 19.2725663 ], [ 72.8697292, 19.272001 ], [ 72.8698436, 19.2714682 ], [ 72.8698284, 19.2710577 ], [ 72.8697216, 19.2708741 ], [ 72.8695385, 19.2708569 ], [ 72.8689663, 19.2717742 ], [ 72.8685658, 19.2723575 ] ] ] } },
{ "type": "Feature", "properties": { "land_type": "Park", "source": "OpenStreetMap (Overpass, Dahisar extract)", "priority": 85 }, "geometry": { "type": "Polygon", "coordinates": [ [ [ 72.8696294, 19.2730935 ], [ 72.8698793, 19.2734773 ], [ 72.8701585, 19.2733694 ], [ 72.8700556, 19.273112 ], [ 72.8696294, 19.2730935 ] ] ] } },
{ "type": "Feature", "properties": { "land_type": "Park", "source": "OpenStreetMap (Overpass, Dahisar extract)", "priority": 85 }, "geometry": { "type": "Polygon", "coordinates": [ [ [ 72.8671765, 19.2741809 ], [ 72.8672963, 19.2743473 ], [ 72.8672456, 19.2744059 ], [ 72.8674062, 19.2746291 ], [ 72.8675024, 19.2745675 ], [ 72.8673775, 19.274394 ], [ 72.8675879, 19.2742402 ], [ 72.867411, 19.2740327 ], [ 72.8671765, 19.2741809 ] ] ] } },
{ "type": "Feature", "properties": { "land_type": "Park", "source": "OpenStreetMap (Overpass, Dahisar extract)", "priority": 85 }, "geometry": { "type": "Polygon", "coordinates": [ [ [ 72.8682594, 19.2734456 ], [ 72.8684255, 19.2736352 ], [ 72.868663, 19.2734529 ], [ 72.8685008, 19.2732451 ], [ 72.8682594, 19.2734456 ] ] ] } },
{ "type": "Feature", "properties": { "land_type": "Residential", "source": "OpenStreetMap (Overpass, Dahisar extract)", "priority": 50 }, "geometry": { "type": "Polygon", "coordinates": [ [ [ 72.8675385, 19.2716452 ], [ 72.8674188, 19.2716722 ], [ 72.866836, 19.2721246 ], [ 72.8658591, 19.2729375 ], [ 72.866525, 19.2738555 ], [ 72.867148, 19.2735091 ], [ 72.8673666, 19.2736855 ], [ 72.8679266, 19.2732344 ], [ 72.8677173, 19.2729737 ], [ 72.8682956, 19.2724823 ], [ 72.8675385, 19.2716452 ] ] ] } },
{ "type": "Feature", "properties": { "land_type": "Park", "source": "OpenStreetMap (Overpass, Dahisar extract)", "priority": 85 }, "geometry": { "type": "Polygon", "coordinates": [ [ [ 72.8713106, 19.2719911 ], [ 72.8715671, 19.2721762 ], [ 72.8717096, 19.2720101 ], [ 72.8714699, 19.271806 ], [ 72.8713106, 19.2719911 ] ] ] } },
{ "type": "Feature", "properties": { "land_type": "Park", "source": "OpenStreetMap (Overpass, Dahisar extract)", "priority": 85 }, "geometry": { "type": "Polygon", "coordinates": [ [ [ 72.8704684, 19.2711837 ], [ 72.8708119, 19.2712111 ], [ 72.8708745, 19.2709584 ], [ 72.8704946, 19.2709117 ], [ 72.8704684, 19.2711837 ] ] ] } },
{ "type": "Feature", "properties": { "land_type": "Park", "source": "OpenStreetMap (Overpass, Dahisar extract)", "priority": 85 }, "geometry": { "type": "Polygon", "coordinates": [ [ [ 72.8721036, 19.2737555 ], [ 72.8721757, 19.2742539 ], [ 72.8724222, 19.2742191 ], [ 72.8723853, 19.2737507 ], [ 72.8721036, 19.2737555 ] ] ] } },
{ "type": "Feature", "properties": { "land_type": "Park", "source": "OpenStreetMap (Overpass, Dahisar extract)", "priority": 85 }, "geometry": { "type": "Polygon", "coordinates": [ [ [ 72.8717135, 19.2706669 ], [ 72.8720499, 19.2706725 ], [ 72.8721207, 19.2697949 ], [ 72.8716013, 19.26982 ], [ 72.8717135, 19.2706669 ] ] ] } },
{ "type": "Feature", "properties": { "land_type": "Residential", "source": "OpenStreetMap (Overpass, Dahisar extract)", "priority": 50 }, "geometry": { "type": "Polygon", "coordinates": [ [ [ 72.8713679, 19.2748117 ], [ 72.8722577, 19.2747902 ], [ 72.8722365, 19.2701441 ], [ 72.8722041, 19.2697447 ], [ 72.8715013, 19.2697111 ], [ 72.8707559, 19.2697708 ], [ 72.8703796, 19.269801 ], [ 72.8700491, 19.2698364 ], [ 72.8698767, 19.2698548 ], [ 72.8692239, 19.2700526 ], [ 72.869771, 19.2704868 ], [ 72.8689663, 19.2717742 ], [ 72.8685658, 19.2723575 ], [ 72.8691249, 19.2730633 ], [ 72.8697475, 19.2738839 ], [ 72.8702017, 19.273651 ], [ 72.8707695, 19.2734218 ], [ 72.8711376, 19.2741944 ], [ 72.8713679, 19.2748117 ] ] ] } },
{ "type": "Feature", "properties": { "land_type": "Park", "source": "OpenStreetMap (Overpass, Dahisar extract)", "priority": 85 }, "geometry": { "type": "Polygon", "coordinates": [ [ [ 72.8689474, 19.2707459 ], [ 72.8691687, 19.2708883 ], [ 72.8694034, 19.2705528 ], [ 72.869219, 19.270431 ], [ 72.8689474, 19.2707459 ] ] ] } },
{ "type": "Feature", "properties": { "land_type": "Park", "source": "OpenStreetMap (Overpass, Dahisar extract)", "priority": 85 }, "geometry": { "type": "Polygon", "coordinates": [ [ [ 72.8683525, 19.2717266 ], [ 72.8685184, 19.2718231 ], [ 72.8687649, 19.2714797 ], [ 72.8685738, 19.2713674 ], [ 72.8683525, 19.2717266 ] ] ] } },
{ "type": "Feature", "properties": { "land_type": "Forest", "source": "OpenStreetMap (Overpass, Dahisar extract)", "priority": 90 }, "geometry": { "type": "Polygon", "coordinates": [ [ [ 72.8688629, 19.2764551 ], [ 72.8689679, 19.2766259 ], [ 72.8692306, 19.2765984 ], [ 72.8694816, 19.2764221 ], [ 72.8692481, 19.2764689 ], [ 72.8690059, 19.2764799 ], [ 72.8689884, 19.2763311 ], [ 72.8688629, 19.2764551 ] ] ] } },
{ "type": "Feature", "properties": { "land_type": "Forest", "source": "OpenStreetMap (Overpass, Dahisar extract)", "priority": 90 }, "geometry": { "type": "Polygon", "coordinates": [ [ [ 72.8681682, 19.2765213 ], [ 72.8684455, 19.2766039 ], [ 72.8686264, 19.2766259 ], [ 72.8685505, 19.276502 ], [ 72.8682441, 19.2761658 ], [ 72.8681682, 19.2765213 ] ] ] } },
{ "type": "Feature", "properties": { "land_type": "Park", "source": "OpenStreetMap (Overpass, Dahisar extract)", "priority": 85 }, "geometry": { "type": "Polygon", "coordinates": [ [ [ 72.8708093, 19.2763281 ], [ 72.8716123, 19.2763881 ], [ 72.8716785, 19.2759968 ], [ 72.87136, 19.27603 ], [ 72.8711463, 19.2761281 ], [ 72.8709633, 19.2761445 ], [ 72.8709171, 19.2762463 ], [ 72.8708016, 19.2762517 ], [ 72.8708093, 19.2763281 ] ] ] } },
{ "type": "Feature", "properties": { "land_type": "Residential", "source": "OpenStreetMap (Overpass, Dahisar extract)", "priority": 50 }, "geometry": { "type": "Polygon", "coordinates": [ [ [ 72.8705635, 19.276005 ], [ 72.8705377, 19.2762788 ], [ 72.8705631, 19.2767585 ], [ 72.8706876, 19.2773821 ], [ 72.8709087, 19.2780201 ], [ 72.8713101, 19.2779721 ], [ 72.8722503, 19.2777155 ], [ 72.87223, 19.2774445 ], [ 72.8722554, 19.2770703 ], [ 72.8722833, 19.2764419 ], [ 72.8721868, 19.2757392 ], [ 72.8724828, 19.2751104 ], [ 72.8722164, 19.274896 ], [ 72.8716827, 19.274887 ], [ 72.8715742, 19.2749411 ], [ 72.8717354, 19.2755769 ], [ 72.8705635, 19.276005 ] ] ] } },
{ "type": "Feature", "properties": { "land_type": "Residential", "source": "OpenStreetMap (Overpass, Dahisar extract)", "priority": 50 }, "geometry": { "type": "Polygon", "coordinates": [ [ [ 72.8713086, 19.2797123 ], [ 72.8713927, 19.279942 ], [ 72.871667, 19.2799086 ], [ 72.8722421, 19.2797625 ], [ 72.8725827, 19.2793282 ], [ 72.8725252, 19.2787352 ], [ 72.8724014, 19.2787477 ], [ 72.8724544, 19.27828 ], [ 72.8723748, 19.2777705 ], [ 72.8717378, 19.2779501 ], [ 72.8709459, 19.2781631 ], [ 72.8713086, 19.2797123 ] ] ] } },
{ "type": "Feature", "properties": { "land_type": "Forest", "source": "OpenStreetMap (Overpass, Dahisar extract)", "priority": 90 }, "geometry": { "type": "Polygon", "coordinates": [ [ [ 72.8718861, 19.2794801 ], [ 72.872094, 19.2794453 ], [ 72.8719967, 19.2793883 ], [ 72.8719867, 19.2791857 ], [ 72.8721141, 19.2791098 ], [ 72.8723655, 19.2790971 ], [ 72.8723689, 19.2790528 ], [ 72.8722046, 19.279037 ], [ 72.8722113, 19.2789832 ], [ 72.8719665, 19.2790402 ], [ 72.8718794, 19.2791319 ], [ 72.8719028, 19.2792617 ], [ 72.8718794, 19.2793788 ], [ 72.8718861, 19.2794801 ] ] ] } },
{ "type": "Feature", "properties": { "land_type": "Forest", "source": "OpenStreetMap (Overpass, Dahisar extract)", "priority": 90 }, "geometry": { "type": "Polygon", "coordinates": [ [ [ 72.8713329, 19.2790908 ], [ 72.8714301, 19.2790085 ], [ 72.8715106, 19.2789864 ], [ 72.8713429, 19.2789642 ], [ 72.8712926, 19.279037 ], [ 72.8713329, 19.2790908 ] ] ] } },
{ "type": "Feature", "properties": { "land_type": "Residential", "source": "OpenStreetMap (Overpass, Dahisar extract)", "priority": 50 }, "geometry": { "type": "Polygon", "coordinates": [ [ [ 72.8684525, 19.2749794 ], [ 72.8682337, 19.2751373 ], [ 72.8679237, 19.2753408 ], [ 72.8675635, 19.2754592 ], [ 72.8670497, 19.2753086 ], [ 72.8670228, 19.2755491 ], [ 72.8669435, 19.2760925 ], [ 72.8668921, 19.2764447 ], [ 72.866882, 19.277122 ], [ 72.8671737, 19.277315 ], [ 72.8675023, 19.2780746 ], [ 72.8676699, 19.2780619 ], [ 72.8690881, 19.2772486 ], [ 72.8703387, 19.2765808 ], [ 72.8702951, 19.2757928 ], [ 72.8700168, 19.2750554 ], [ 72.8696279, 19.2742262 ], [ 72.8695638, 19.2742451 ], [ 72.8684525, 19.2749794 ] ] ] } },
{ "type": "Feature", "properties": { "land_type": "Forest", "source": "OpenStreetMap (Overpass, Dahisar extract)", "priority": 90 }, "geometry": { "type": "Polygon", "coordinates": [ [ [ 72.8685157, 19.278416 ], [ 72.8687347, 19.2784139 ], [ 72.8688143, 19.278583 ], [ 72.868894, 19.2783241 ], [ 72.8690114, 19.277846 ], [ 72.8688077, 19.2779671 ], [ 72.868894, 19.2780381 ], [ 72.8688541, 19.2782093 ], [ 72.8685754, 19.2783199 ], [ 72.8685157, 19.278416 ] ] ] } },
{ "type": "Feature", "properties": { "land_type": "Residential", "source": "OpenStreetMap (Overpass, Dahisar extract)", "priority": 50 }, "geometry": { "type": "Polygon", "coordinates": [ [ [ 72.8668426, 19.2786635 ], [ 72.8668353, 19.278756 ], [ 72.8667891, 19.2789759 ], [ 72.866689, 19.2791831 ], [ 72.8667005, 19.2795085 ], [ 72.8668507, 19.2798811 ], [ 72.8671299, 19.2801174 ], [ 72.867336, 19.2800229 ], [ 72.8673806, 19.2800512 ], [ 72.8676119, 19.280253 ], [ 72.8680978, 19.2801026 ], [ 72.8685046, 19.2805544 ], [ 72.8686304, 19.2807092 ], [ 72.8688542, 19.2809219 ], [ 72.8690482, 19.2811214 ], [ 72.8691635, 19.2812556 ], [ 72.8702991, 19.2805731 ], [ 72.8711041, 19.2801237 ], [ 72.8710656, 19.2800402 ], [ 72.870807, 19.2787132 ], [ 72.8706757, 19.2780962 ], [ 72.8706184, 19.2779584 ], [ 72.8705883, 19.2778391 ], [ 72.8703034, 19.2767112 ], [ 72.8698003, 19.2769798 ], [ 72.8668426, 19.2786635 ] ] ] } },
{ "type": "Feature", "properties": { "land_type": "Residential", "source": "OpenStreetMap (Overpass, Dahisar extract)", "priority": 50 }, "geometry": { "type": "Polygon", "coordinates": [ [ [ 72.8654975, 19.2798029 ], [ 72.8657086, 19.2800122 ], [ 72.8665353, 19.2800079 ], [ 72.8667799, 19.2797471 ], [ 72.8666576, 19.2795141 ], [ 72.8666713, 19.2792119 ], [ 72.8667071, 19.2791233 ], [ 72.8667378, 19.2790556 ], [ 72.8667628, 19.2789508 ], [ 72.8666532, 19.2787735 ], [ 72.8654975, 19.2798029 ] ] ] } },
{ "type": "Feature", "properties": { "land_type": "Wetland", "source": "OpenStreetMap (Overpass, Dahisar extract)", "priority": 100 }, "geometry": { "type": "Polygon", "coordinates": [ [ [ 72.878171, 19.2666671 ], [ 72.8784175, 19.2667822 ], [ 72.8787326, 19.2665711 ], [ 72.8789054, 19.2663625 ], [ 72.8787402, 19.2662569 ], [ 72.8785268, 19.2662401 ], [ 72.878171, 19.2666671 ] ] ] } },
{ "type": "Feature", "properties": { "land_type": "Water Body", "source": "OpenStreetMap (Overpass, Dahisar extract)", "priority": 95 }, "geometry": { "type": "Polygon", "coordinates": [ [ [ 72.8781304, 19.2671132 ], [ 72.8781914, 19.26713 ], [ 72.8783489, 19.2669237 ], [ 72.8783591, 19.2668086 ], [ 72.8782981, 19.2667438 ], [ 72.8781558, 19.2667223 ], [ 72.8780643, 19.2668374 ], [ 72.8780745, 19.2670113 ], [ 72.8781304, 19.2671132 ] ] ] } },
{ "type": "Feature", "properties": { "land_type": "Park", "source": "OpenStreetMap (Overpass, Dahisar extract)", "priority": 85 }, "geometry": { "type": "Polygon", "coordinates": [ [ [ 72.8799648, 19.266421 ], [ 72.8801934, 19.2666777 ], [ 72.880572, 19.2663275 ], [ 72.8803764, 19.2661284 ], [ 72.8799648, 19.266421 ] ] ] } },
{ "type": "Feature", "properties": { "land_type": "Forest", "source": "OpenStreetMap (Overpass, Dahisar extract)", "priority": 90 }, "geometry": { "type": "Polygon", "coordinates": [ [ [ 72.8804006, 19.267568 ], [ 72.8805362, 19.2677089 ], [ 72.8806094, 19.2673852 ], [ 72.8804979, 19.2673843 ], [ 72.8804006, 19.267568 ] ] ] } },
{ "type": "Feature", "properties": { "land_type": "Forest", "source": "OpenStreetMap (Overpass, Dahisar extract)", "priority": 90 }, "geometry": { "type": "Polygon", "coordinates": [ [ [ 72.8797215, 19.2676829 ], [ 72.8798233, 19.2679146 ], [ 72.8797326, 19.2682446 ], [ 72.8798011, 19.2682905 ], [ 72.8798963, 19.2680817 ], [ 72.8801882, 19.2680796 ], [ 72.8802236, 19.2682007 ], [ 72.8801816, 19.2683406 ], [ 72.8805178, 19.2683176 ], [ 72.8803387, 19.2681297 ], [ 72.8799914, 19.2676035 ], [ 72.8797215, 19.2676829 ] ] ] } },
{ "type": "Feature", "properties": { "land_type": "Agriculture", "source": "OpenStreetMap (Overpass, Dahisar extract)", "priority": 80 }, "geometry": { "type": "Polygon", "coordinates": [ [ [ 72.8504909, 19.2814156 ], [ 72.8504197, 19.2851474 ], [ 72.8551865, 19.285157 ], [ 72.8556438, 19.28013 ], [ 72.8541599, 19.2801013 ], [ 72.8540278, 19.2812813 ], [ 72.8531029, 19.28202 ], [ 72.8522593, 19.2814923 ], [ 72.8515784, 19.2811086 ], [ 72.8510499, 19.2809071 ], [ 72.850926, 19.2812886 ], [ 72.8504909, 19.2814156 ] ] ] } },
{ "type": "Feature", "properties": { "land_type": "Wetland", "source": "OpenStreetMap (Overpass, Dahisar extract)", "priority": 100 }, "geometry": { "type": "Polygon", "coordinates": [ [ [ 72.8554952, 19.2803911 ], [ 72.8555011, 19.2808044 ], [ 72.8555886, 19.2815923 ], [ 72.8555419, 19.2818347 ], [ 72.855647, 19.2818678 ], [ 72.8557426, 19.2808232 ], [ 72.8557579, 19.2806556 ], [ 72.8556645, 19.2802478 ], [ 72.8554952, 19.2803911 ] ] ] } },
{ "type": "Feature", "properties": { "land_type": "Forest", "source": "OpenStreetMap (Overpass, Dahisar extract)", "priority": 90 }, "geometry": { "type": "Polygon", "coordinates": [ [ [ 72.8505342, 19.2890152 ], [ 72.8505673, 19.2891599 ], [ 72.8506003, 19.289228 ], [ 72.8507596, 19.2892648 ], [ 72.8508948, 19.2892592 ], [ 72.850976, 19.2891627 ], [ 72.851006, 19.289072 ], [ 72.8510932, 19.2889301 ], [ 72.8512464, 19.2888791 ], [ 72.8513907, 19.2887571 ], [ 72.8514267, 19.2885926 ], [ 72.8512314, 19.2883997 ], [ 72.851003, 19.2882948 ], [ 72.850988, 19.2883969 ], [ 72.8509429, 19.2885047 ], [ 72.8508468, 19.2886351 ], [ 72.8508377, 19.2887288 ], [ 72.8508137, 19.2887968 ], [ 72.8506665, 19.2889074 ], [ 72.8505342, 19.2890152 ] ] ] } },
{ "type": "Feature", "properties": { "land_type": "Wetland", "source": "OpenStreetMap (Overpass, Dahisar extract)", "priority": 100 }, "geometry": { "type": "Polygon", "coordinates": [ [ [ 72.8542502, 19.2899361 ], [ 72.8543634, 19.2900387 ], [ 72.8544269, 19.2900195 ], [ 72.8544903, 19.2899233 ], [ 72.854556, 19.2896176 ], [ 72.8544993, 19.2894423 ], [ 72.8543793, 19.2893889 ], [ 72.8543431, 19.2894359 ], [ 72.8543182, 19.2895342 ], [ 72.8543385, 19.2896326 ], [ 72.8543295, 19.2897224 ], [ 72.8542638, 19.2898463 ], [ 72.8542457, 19.2899083 ], [ 72.8542502, 19.2899361 ] ] ] } },
{ "type": "Feature", "properties": { "land_type": "Agriculture", "source": "OpenStreetMap (Overpass, Dahisar extract)", "priority": 80 }, "geometry": { "type": "Polygon", "coordinates": [ [ [ 72.8542916, 19.2886327 ], [ 72.8544682, 19.2887013 ], [ 72.8544162, 19.2891293 ], [ 72.8545962, 19.2891914 ], [ 72.8546932, 19.2884236 ], [ 72.8547208, 19.288208 ], [ 72.8545893, 19.2882047 ], [ 72.8545582, 19.288404 ], [ 72.8545337, 19.2884014 ], [ 72.8543435, 19.2883811 ], [ 72.8542916, 19.2886327 ] ] ] } },
{ "type": "Feature", "properties": { "land_type": "Park", "source": "OpenStreetMap (Overpass, Dahisar extract)", "priority": 85 }, "geometry": { "type": "Polygon", "coordinates": [ [ [ 72.8565438, 19.2867903 ], [ 72.8572019, 19.2870456 ], [ 72.8573461, 19.286623 ], [ 72.8572049, 19.2865918 ], [ 72.8573672, 19.2860074 ], [ 72.8569945, 19.2859252 ], [ 72.8566129, 19.2858514 ], [ 72.8564987, 19.2862485 ], [ 72.856673, 19.2863478 ], [ 72.8565438, 19.2867903 ] ] ] } },
{ "type": "Feature", "properties": { "land_type": "Residential", "source": "OpenStreetMap (Overpass, Dahisar extract)", "priority": 50 }, "geometry": { "type": "Polygon", "coordinates": [ [ [ 72.8558338, 19.2933633 ], [ 72.8567026, 19.2933246 ], [ 72.8570067, 19.2933028 ], [ 72.8571985, 19.2932951 ], [ 72.8577938, 19.2931481 ], [ 72.8583485, 19.292639 ], [ 72.8590864, 19.2918256 ], [ 72.8597349, 19.2913176 ], [ 72.8589379, 19.2905039 ], [ 72.8583356, 19.2900623 ], [ 72.8573094, 19.2900869 ], [ 72.8576713, 19.2886282 ], [ 72.8580009, 19.2872519 ], [ 72.8581001, 19.2867982 ], [ 72.8585616, 19.2858694 ], [ 72.8580849, 19.285477 ], [ 72.8577072, 19.2852501 ], [ 72.8569367, 19.2852681 ], [ 72.8564943, 19.2855562 ], [ 72.856151, 19.285891 ], [ 72.855884, 19.286341 ], [ 72.8556244, 19.288127 ], [ 72.855471, 19.2897051 ], [ 72.855161, 19.291722 ], [ 72.8551456, 19.2923358 ], [ 72.8551058, 19.292663 ], [ 72.8550865, 19.2933008 ], [ 72.8558338, 19.2933633 ] ] ] } },
{ "type": "Feature", "properties": { "land_type": "Forest", "source": "OpenStreetMap (Overpass, Dahisar extract)", "priority": 90 }, "geometry": { "type": "Polygon", "coordinates": [ [ [ 72.8568995, 19.2823049 ], [ 72.8570102, 19.2823935 ], [ 72.8573722, 19.2824853 ], [ 72.8575064, 19.2825897 ], [ 72.8577947, 19.2823302 ], [ 72.8576941, 19.2822701 ], [ 72.8575164, 19.282441 ], [ 72.8572683, 19.2823523 ], [ 72.8573555, 19.2822637 ], [ 72.8569632, 19.282096 ], [ 72.8568995, 19.2823049 ] ] ] } },
{ "type": "Feature", "properties": { "land_type": "Forest", "source": "OpenStreetMap (Overpass, Dahisar extract)", "priority": 90 }, "geometry": { "type": "Polygon", "coordinates": [ [ [ 72.8567865, 19.2826898 ], [ 72.8573148, 19.2826016 ], [ 72.8567777, 19.2823757 ], [ 72.8567865, 19.2826898 ] ] ] } },
{ "type": "Feature", "properties": { "land_type": "Residential", "source": "OpenStreetMap (Overpass, Dahisar extract)", "priority": 50 }, "geometry": { "type": "Polygon", "coordinates": [ [ [ 72.858326, 19.2822325 ], [ 72.8588251, 19.2824473 ], [ 72.8593855, 19.2827614 ], [ 72.8602903, 19.2831554 ], [ 72.8607018, 19.2833565 ], [ 72.8610141, 19.2833703 ], [ 72.8613089, 19.2834226 ], [ 72.861416, 19.2830273 ], [ 72.8612778, 19.282997 ], [ 72.8613137, 19.2828402 ], [ 72.8610375, 19.2827532 ], [ 72.8613002, 19.282125 ], [ 72.8606376, 19.2819487 ], [ 72.8598933, 19.2817669 ], [ 72.8594584, 19.2816539 ], [ 72.8590702, 19.2815933 ], [ 72.8584281, 19.2815905 ], [ 72.8583577, 19.2820248 ], [ 72.858326, 19.2822325 ] ] ] } },
{ "type": "Feature", "properties": { "land_type": "Residential", "source": "OpenStreetMap (Overpass, Dahisar extract)", "priority": 50 }, "geometry": { "type": "Polygon", "coordinates": [ [ [ 72.858097, 19.2853342 ], [ 72.8586664, 19.285828 ], [ 72.8590579, 19.2861203 ], [ 72.8596344, 19.2865973 ], [ 72.8598041, 19.2867542 ], [ 72.859932, 19.2868229 ], [ 72.8603941, 19.287125 ], [ 72.8605942, 19.2872503 ], [ 72.8612825, 19.2876382 ], [ 72.8612831, 19.2872496 ], [ 72.8612836, 19.2868947 ], [ 72.8612861, 19.28527 ], [ 72.858097, 19.2853342 ] ] ] } },
{ "type": "Feature", "properties": { "land_type": "Park", "source": "OpenStreetMap (Overpass, Dahisar extract)", "priority": 85 }, "geometry": { "type": "Polygon", "coordinates": [ [ [ 72.8597423, 19.2890918 ], [ 72.8598461, 19.2891854 ], [ 72.8600492, 19.289845 ], [ 72.8602522, 19.2895509 ], [ 72.8606442, 19.2893548 ], [ 72.8607953, 19.2892567 ], [ 72.8597423, 19.2890918 ] ] ] } },
{ "type": "Feature", "properties": { "land_type": "Residential", "source": "OpenStreetMap (Overpass, Dahisar extract)", "priority": 50 }, "geometry": { "type": "Polygon", "coordinates": [ [ [ 72.8573283, 19.2903813 ], [ 72.8585915, 19.2901161 ], [ 72.858731, 19.290084 ], [ 72.8587994, 19.2901144 ], [ 72.8589074, 19.2900943 ], [ 72.8593292, 19.2900156 ], [ 72.8613083, 19.2903773 ], [ 72.8611193, 19.2892038 ], [ 72.861105, 19.2891523 ], [ 72.8609674, 19.2891648 ], [ 72.8609238, 19.2890512 ], [ 72.8608709, 19.2890025 ], [ 72.8607786, 19.2889759 ], [ 72.8606529, 19.2889034 ], [ 72.8596345, 19.288695 ], [ 72.8578764, 19.288208 ], [ 72.8573283, 19.2903813 ] ] ] } },
{ "type": "Feature", "properties": { "land_type": "Park", "source": "OpenStreetMap (Overpass, Dahisar extract)", "priority": 85 }, "geometry": { "type": "Polygon", "coordinates": [ [ [ 72.8589074, 19.2900943 ], [ 72.8591684, 19.2902922 ], [ 72.8594131, 19.2902508 ], [ 72.8593292, 19.2900156 ], [ 72.8589074, 19.2900943 ] ] ] } },
{ "type": "Feature", "properties": { "land_type": "Residential", "source": "OpenStreetMap (Overpass, Dahisar extract)", "priority": 50 }, "geometry": { "type": "Polygon", "coordinates": [ [ [ 72.8821369, 19.268927 ], [ 72.8821473, 19.2693432 ], [ 72.8822804, 19.2694269 ], [ 72.882463, 19.2694885 ], [ 72.8826013, 19.2694614 ], [ 72.882703, 19.2693752 ], [ 72.8828256, 19.2690772 ], [ 72.8821473, 19.2688851 ], [ 72.8821369, 19.268927 ] ] ] } },
{ "type": "Feature", "properties": { "land_type": "Residential", "source": "OpenStreetMap (Overpass, Dahisar extract)", "priority": 50 }, "geometry": { "type": "Polygon", "coordinates": [ [ [ 72.8787026, 19.2656452 ], [ 72.8789922, 19.2658915 ], [ 72.8794566, 19.2654458 ], [ 72.8798949, 19.2653669 ], [ 72.8800697, 19.2652832 ], [ 72.8801099, 19.2650725 ], [ 72.8801735, 19.2644861 ], [ 72.8789192, 19.2644976 ], [ 72.879407, 19.2648325 ], [ 72.8790548, 19.2652635 ], [ 72.8790361, 19.2652837 ], [ 72.8787026, 19.2656452 ] ] ] } },
{ "type": "Feature", "properties": { "land_type": "Open Land", "source": "OpenStreetMap (Overpass, Dahisar extract)", "priority": 30 }, "geometry": { "type": "Polygon", "coordinates": [ [ [ 72.8788961, 19.2668489 ], [ 72.8797273, 19.2669729 ], [ 72.8792766, 19.2665346 ], [ 72.8788961, 19.2668489 ] ] ] } },
{ "type": "Feature", "properties": { "land_type": "Open Land", "source": "OpenStreetMap (Overpass, Dahisar extract)", "priority": 30 }, "geometry": { "type": "Polygon", "coordinates": [ [ [ 72.8581611, 19.284964 ], [ 72.858307, 19.2848801 ], [ 72.8582144, 19.2847366 ], [ 72.8580685, 19.2848205 ], [ 72.8581611, 19.284964 ] ] ] } },
{ "type": "Feature", "properties": { "land_type": "Open Land", "source": "OpenStreetMap (Overpass, Dahisar extract)", "priority": 30 }, "geometry": { "type": "Polygon", "coordinates": [ [ [ 72.8582294, 19.2851993 ], [ 72.8583754, 19.2851154 ], [ 72.8582828, 19.284972 ], [ 72.8581369, 19.2850558 ], [ 72.8582294, 19.2851993 ] ] ] } },
{ "type": "Feature", "properties": { "land_type": "Residential", "source": "OpenStreetMap (Overpass, Dahisar extract)", "priority": 50 }, "geometry": { "type": "Polygon", "coordinates": [ [ [ 72.8575261, 19.2849991 ], [ 72.857799, 19.2851787 ], [ 72.8583539, 19.2853022 ], [ 72.8584611, 19.2854018 ], [ 72.8587025, 19.2852468 ], [ 72.8588329, 19.2852715 ], [ 72.8592786, 19.2853693 ], [ 72.8601413, 19.2852712 ], [ 72.8602376, 19.2849804 ], [ 72.8602646, 19.2848094 ], [ 72.8600759, 19.2847167 ], [ 72.8599391, 19.2849094 ], [ 72.859864, 19.2848821 ], [ 72.8595116, 19.2848167 ], [ 72.8590437, 19.2847076 ], [ 72.8589108, 19.2847004 ], [ 72.8589725, 19.2845041 ], [ 72.8587568, 19.2844623 ], [ 72.8585623, 19.284415 ], [ 72.8582407, 19.2843496 ], [ 72.8577509, 19.2842663 ], [ 72.8575261, 19.2849991 ] ] ] } },
{ "type": "Feature", "properties": { "land_type": "Residential", "source": "OpenStreetMap (Overpass, Dahisar extract)", "priority": 50 }, "geometry": { "type": "Polygon", "coordinates": [ [ [ 72.8577267, 19.2841824 ], [ 72.8580614, 19.2842538 ], [ 72.8590354, 19.2845054 ], [ 72.8590002, 19.2846557 ], [ 72.8599255, 19.2848772 ], [ 72.8600428, 19.2847119 ], [ 72.8601346, 19.2847025 ], [ 72.860264, 19.2847871 ], [ 72.8603005, 19.2848685 ], [ 72.8602043, 19.2851086 ], [ 72.8602182, 19.2851675 ], [ 72.8603111, 19.2851946 ], [ 72.8610962, 19.284375 ], [ 72.8612772, 19.2839242 ], [ 72.8613639, 19.2835371 ], [ 72.8607476, 19.2834208 ], [ 72.8602027, 19.2831608 ], [ 72.8597502, 19.2829427 ], [ 72.8590261, 19.2826319 ], [ 72.8583406, 19.2824047 ], [ 72.857963, 19.2835205 ], [ 72.8577267, 19.2841824 ] ] ] } },
{ "type": "Feature", "properties": { "land_type": "Open Land", "source": "OpenStreetMap (Overpass, Dahisar extract)", "priority": 30 }, "geometry": { "type": "Polygon", "coordinates": [ [ [ 72.8739638, 19.2675167 ], [ 72.874269, 19.2680437 ], [ 72.8743994, 19.2679624 ], [ 72.8744595, 19.2680067 ], [ 72.8746551, 19.2678885 ], [ 72.8746943, 19.2675634 ], [ 72.8745899, 19.2674157 ], [ 72.8739638, 19.2675167 ] ] ] } },
{ "type": "Feature", "properties": { "land_type": "Water Body", "source": "OpenStreetMap (Overpass, Dahisar extract)", "priority": 95 }, "geometry": { "type": "Polygon", "coordinates": [ [ [ 72.8730191, 19.2683541 ], [ 72.8728692, 19.2683833 ], [ 72.8727368, 19.2684557 ], [ 72.8726354, 19.268564 ], [ 72.8725754, 19.2686969 ], [ 72.8725631, 19.2688409 ], [ 72.8726037, 19.2689901 ], [ 72.8726951, 19.2691177 ], [ 72.8728267, 19.2692088 ], [ 72.8729831, 19.2692528 ], [ 72.873146, 19.2692446 ], [ 72.8732966, 19.2691851 ], [ 72.8734171, 19.2690813 ], [ 72.8734936, 19.2689452 ], [ 72.8735173, 19.2688025 ], [ 72.873492, 19.26866 ], [ 72.8734203, 19.2685324 ], [ 72.8733095, 19.2684327 ], [ 72.873171, 19.2683712 ], [ 72.8730191, 19.2683541 ] ] ] } },
{ "type": "Feature", "properties": { "land_type": "Residential", "source": "OpenStreetMap (Overpass, Dahisar extract)", "priority": 50 }, "geometry": { "type": "Polygon", "coordinates": [ [ [ 72.85623, 19.2816695 ], [ 72.8561643, 19.2820123 ], [ 72.8559289, 19.2827201 ], [ 72.8558559, 19.2829581 ], [ 72.8557917, 19.2843027 ], [ 72.8557063, 19.2851921 ], [ 72.8558988, 19.2853593 ], [ 72.8562146, 19.2854574 ], [ 72.8565535, 19.2852575 ], [ 72.8572622, 19.2849267 ], [ 72.8575549, 19.284076 ], [ 72.85794, 19.2829091 ], [ 72.8580594, 19.2822257 ], [ 72.8571852, 19.2818331 ], [ 72.85623, 19.2816695 ] ] ] } },
{ "type": "Feature", "properties": { "land_type": "Open Land", "source": "OpenStreetMap (Overpass, Dahisar extract)", "priority": 30 }, "geometry": { "type": "Polygon", "coordinates": [ [ [ 72.8764062, 19.2646196 ], [ 72.8765273, 19.2650934 ], [ 72.877334, 19.2643372 ], [ 72.8767471, 19.2644002 ], [ 72.8766766, 19.2643584 ], [ 72.8764062, 19.2646196 ] ] ] } },
{ "type": "Feature", "properties": { "land_type": "Forest", "source": "OpenStreetMap (Overpass, Dahisar extract)", "priority": 90 }, "geometry": { "type": "Polygon", "coordinates": [ [ [ 72.8723673, 19.2671699 ], [ 72.872887, 19.2669586 ], [ 72.8725949, 19.266228 ], [ 72.8723635, 19.266203 ], [ 72.8723673, 19.2671699 ] ] ] } },
{ "type": "Feature", "properties": { "land_type": "Forest", "source": "OpenStreetMap (Overpass, Dahisar extract)", "priority": 90 }, "geometry": { "type": "Polygon", "coordinates": [ [ [ 72.8729042, 19.2662371 ], [ 72.8730506, 19.2665253 ], [ 72.8734701, 19.26638 ], [ 72.8735247, 19.2663988 ], [ 72.873624, 19.2665909 ], [ 72.873907, 19.266469 ], [ 72.873902, 19.266291 ], [ 72.8738499, 19.2660098 ], [ 72.8735843, 19.2659793 ], [ 72.8735694, 19.2662324 ], [ 72.8731648, 19.2662347 ], [ 72.8731375, 19.2660566 ], [ 72.8730126, 19.2661533 ], [ 72.8729042, 19.2662371 ] ] ] } },
{ "type": "Feature", "properties": { "land_type": "Residential", "source": "OpenStreetMap (Overpass, Dahisar extract)", "priority": 50 }, "geometry": { "type": "Polygon", "coordinates": [ [ [ 72.8724083, 19.2695554 ], [ 72.8728504, 19.2696238 ], [ 72.8740616, 19.2695572 ], [ 72.8746082, 19.2694184 ], [ 72.8748517, 19.2693423 ], [ 72.87517, 19.2691231 ], [ 72.8757998, 19.2686585 ], [ 72.8758375, 19.268588 ], [ 72.8758164, 19.2679128 ], [ 72.8758375, 19.2676348 ], [ 72.8760937, 19.2672296 ], [ 72.8764587, 19.26685 ], [ 72.8757654, 19.2660654 ], [ 72.8753665, 19.2668927 ], [ 72.875169, 19.2670141 ], [ 72.8745123, 19.2670055 ], [ 72.8745398, 19.2673393 ], [ 72.8747419, 19.2674997 ], [ 72.8747419, 19.2676385 ], [ 72.8746546, 19.2679723 ], [ 72.8741678, 19.2681761 ], [ 72.8737866, 19.2676038 ], [ 72.873387, 19.2669664 ], [ 72.8733062, 19.2676846 ], [ 72.8731481, 19.2677599 ], [ 72.8722995, 19.2679689 ], [ 72.8723347, 19.2695613 ], [ 72.8724083, 19.2695554 ] ] ] } },
{ "type": "Feature", "properties": { "land_type": "Residential", "source": "OpenStreetMap (Overpass, Dahisar extract)", "priority": 50 }, "geometry": { "type": "Polygon", "coordinates": [ [ [ 72.8723458, 19.267325 ], [ 72.8723282, 19.2679246 ], [ 72.8723354, 19.2679472 ], [ 72.8726202, 19.2678523 ], [ 72.873006, 19.2677168 ], [ 72.8732416, 19.2675347 ], [ 72.8732989, 19.2674722 ], [ 72.8733128, 19.2674452 ], [ 72.8733272, 19.2673978 ], [ 72.8732467, 19.2669417 ], [ 72.8727689, 19.267118 ], [ 72.8723458, 19.267325 ] ] ] } },
{ "type": "Feature", "properties": { "land_type": "Park", "source": "OpenStreetMap (Overpass, Dahisar extract)", "priority": 85 }, "geometry": { "type": "Polygon", "coordinates": [ [ [ 72.8823293, 19.2789873 ], [ 72.8827135, 19.2791389 ], [ 72.8829604, 19.2785411 ], [ 72.8825761, 19.2783719 ], [ 72.8823293, 19.2789873 ] ] ] } },
{ "type": "Feature", "properties": { "land_type": "Forest", "source": "OpenStreetMap (Overpass, Dahisar extract)", "priority": 90 }, "geometry": { "type": "Polygon", "coordinates": [ [ [ 72.8727257, 19.2757517 ], [ 72.872697, 19.2759708 ], [ 72.8726239, 19.276057 ], [ 72.8727466, 19.2760693 ], [ 72.8727361, 19.2762811 ], [ 72.8728483, 19.276254 ], [ 72.8728692, 19.2761432 ], [ 72.8729527, 19.2760226 ], [ 72.8731509, 19.2759511 ], [ 72.873284, 19.2759216 ], [ 72.8732605, 19.2757517 ], [ 72.8733257, 19.2755547 ], [ 72.8729918, 19.2757073 ], [ 72.8728796, 19.2757467 ], [ 72.8727257, 19.2757517 ] ] ] } },
{ "type": "Feature", "properties": { "land_type": "Residential", "source": "OpenStreetMap (Overpass, Dahisar extract)", "priority": 50 }, "geometry": { "type": "Polygon", "coordinates": [ [ [ 72.8723483, 19.2799959 ], [ 72.8759236, 19.2800154 ], [ 72.8750096, 19.2791353 ], [ 72.8743666, 19.278381 ], [ 72.8739516, 19.2779083 ], [ 72.8738384, 19.2777501 ], [ 72.8733582, 19.2775705 ], [ 72.873066, 19.2774166 ], [ 72.8733147, 19.2771464 ], [ 72.8742079, 19.2767889 ], [ 72.8749774, 19.2762544 ], [ 72.8751967, 19.2760662 ], [ 72.8751712, 19.2760405 ], [ 72.8749071, 19.2756917 ], [ 72.8749078, 19.2756647 ], [ 72.874796, 19.2752872 ], [ 72.8747589, 19.2748577 ], [ 72.8723848, 19.2748977 ], [ 72.8723483, 19.2799959 ] ] ] } },
{ "type": "Feature", "properties": { "land_type": "Park", "source": "OpenStreetMap (Overpass, Dahisar extract)", "priority": 85 }, "geometry": { "type": "Polygon", "coordinates": [ [ [ 72.8750755, 19.2797801 ], [ 72.8753753, 19.2795481 ], [ 72.8752775, 19.2794838 ], [ 72.8750228, 19.2795518 ], [ 72.8750755, 19.2797801 ] ] ] } },
{ "type": "Feature", "properties": { "land_type": "Forest", "source": "OpenStreetMap (Overpass, Dahisar extract)", "priority": 90 }, "geometry": { "type": "Polygon", "coordinates": [ [ [ 72.8735966, 19.2790497 ], [ 72.8738993, 19.2790107 ], [ 72.8738635, 19.2788093 ], [ 72.8735743, 19.2788431 ], [ 72.8735966, 19.2790497 ] ] ] } },
{ "type": "Feature", "properties": { "land_type": "Wetland", "source": "OpenStreetMap (Overpass, Dahisar extract)", "priority": 100 }, "geometry": { "type": "Polygon", "coordinates": [ [ [ 72.8772647, 19.278513 ], [ 72.8772882, 19.2786509 ], [ 72.8775152, 19.2787297 ], [ 72.8777526, 19.2787617 ], [ 72.8777813, 19.2784268 ], [ 72.8772647, 19.278513 ] ] ] } },
{ "type": "Feature", "properties": { "land_type": "Residential", "source": "OpenStreetMap (Overpass, Dahisar extract)", "priority": 50 }, "geometry": { "type": "Polygon", "coordinates": [ [ [ 72.8767443, 19.2800218 ], [ 72.8777609, 19.2792938 ], [ 72.8777425, 19.2768609 ], [ 72.8777296, 19.2767982 ], [ 72.8777562, 19.2749185 ], [ 72.874843, 19.2749118 ], [ 72.8749016, 19.2754648 ], [ 72.8750366, 19.2757034 ], [ 72.8753066, 19.2762131 ], [ 72.874462, 19.2767555 ], [ 72.8741089, 19.2769613 ], [ 72.8734962, 19.2772358 ], [ 72.873337, 19.2774188 ], [ 72.8739185, 19.2775822 ], [ 72.8743304, 19.2779939 ], [ 72.8751854, 19.2776181 ], [ 72.8752408, 19.2777848 ], [ 72.8755835, 19.277837 ], [ 72.8762119, 19.2777249 ], [ 72.8763705, 19.2782529 ], [ 72.8759401, 19.278518 ], [ 72.875889, 19.2785726 ], [ 72.8758896, 19.2787381 ], [ 72.8761826, 19.2789923 ], [ 72.8760767, 19.2792466 ], [ 72.8756199, 19.2794339 ], [ 72.876147, 19.2800351 ], [ 72.8767443, 19.2800218 ] ] ] } },
{ "type": "Feature", "properties": { "land_type": "Open Land", "source": "OpenStreetMap (Overpass, Dahisar extract)", "priority": 30 }, "geometry": { "type": "Polygon", "coordinates": [ [ [ 72.8806449, 19.2776054 ], [ 72.881738, 19.27901 ], [ 72.8820274, 19.27888 ], [ 72.8813338, 19.2770938 ], [ 72.8806449, 19.2776054 ] ] ] } },
{ "type": "Feature", "properties": { "land_type": "Water Body", "source": "OpenStreetMap (Overpass, Dahisar extract)", "priority": 95 }, "geometry": { "type": "Polygon", "coordinates": [ [ [ 72.8820729, 19.2770827 ], [ 72.882399, 19.2771172 ], [ 72.8824199, 19.2768414 ], [ 72.8821173, 19.2768389 ], [ 72.8820729, 19.2770827 ] ] ] } },
{ "type": "Feature", "properties": { "land_type": "Forest", "source": "OpenStreetMap (Overpass, Dahisar extract)", "priority": 90 }, "geometry": { "type": "Polygon", "coordinates": [ [ [ 72.8827951, 19.2781143 ], [ 72.8830962, 19.2782548 ], [ 72.8832451, 19.2780261 ], [ 72.8832624, 19.2776993 ], [ 72.8828955, 19.2777222 ], [ 72.8827951, 19.2781143 ] ] ] } },
{ "type": "Feature", "properties": { "land_type": "Park", "source": "OpenStreetMap (Overpass, Dahisar extract)", "priority": 85 }, "geometry": { "type": "Polygon", "coordinates": [ [ [ 72.8820893, 19.2796478 ], [ 72.882463, 19.2795388 ], [ 72.8825491, 19.2792993 ], [ 72.8821776, 19.2792309 ], [ 72.8820893, 19.2796478 ] ] ] } },
{ "type": "Feature", "properties": { "land_type": "Park", "source": "OpenStreetMap (Overpass, Dahisar extract)", "priority": 85 }, "geometry": { "type": "Polygon", "coordinates": [ [ [ 72.8793435, 19.2795466 ], [ 72.8794635, 19.2799061 ], [ 72.8799514, 19.2798322 ], [ 72.8798757, 19.2796131 ], [ 72.8802331, 19.2795638 ], [ 72.8801522, 19.2794653 ], [ 72.8800327, 19.2794974 ], [ 72.8799982, 19.2795039 ], [ 72.8799592, 19.2795023 ], [ 72.8798966, 19.2793619 ], [ 72.8793435, 19.2795466 ] ] ] } },
{ "type": "Feature", "properties": { "land_type": "Residential", "source": "OpenStreetMap (Overpass, Dahisar extract)", "priority": 50 }, "geometry": { "type": "Polygon", "coordinates": [ [ [ 72.8778913, 19.2791762 ], [ 72.8803975, 19.2772949 ], [ 72.8801508, 19.2770747 ], [ 72.8800819, 19.277001 ], [ 72.8799165, 19.2770661 ], [ 72.8799133, 19.277092 ], [ 72.8798982, 19.2772048 ], [ 72.8796364, 19.2771658 ], [ 72.8795583, 19.2769837 ], [ 72.8795447, 19.2765643 ], [ 72.8796443, 19.2765227 ], [ 72.8797515, 19.2764227 ], [ 72.8794673, 19.2760938 ], [ 72.8790072, 19.2763945 ], [ 72.8788091, 19.2761337 ], [ 72.8787601, 19.2760729 ], [ 72.8787265, 19.2759675 ], [ 72.8786715, 19.2758845 ], [ 72.8785283, 19.275638 ], [ 72.8779502, 19.2760497 ], [ 72.8778578, 19.2761018 ], [ 72.8778538, 19.2769875 ], [ 72.8778913, 19.2791762 ] ] ] } },
{ "type": "Feature", "properties": { "land_type": "Residential", "source": "OpenStreetMap (Overpass, Dahisar extract)", "priority": 50 }, "geometry": { "type": "Polygon", "coordinates": [ [ [ 72.8818999, 19.2765213 ], [ 72.8821062, 19.2772754 ], [ 72.8825929, 19.2771805 ], [ 72.8828151, 19.27763 ], [ 72.8831696, 19.277635 ], [ 72.8832119, 19.2755825 ], [ 72.8832278, 19.2749083 ], [ 72.8821909, 19.2748733 ], [ 72.882085, 19.2755176 ], [ 72.8820586, 19.2761268 ], [ 72.8818893, 19.2763865 ], [ 72.8818999, 19.2765213 ] ] ] } },
{ "type": "Feature", "properties": { "land_type": "Park", "source": "OpenStreetMap (Overpass, Dahisar extract)", "priority": 85 }, "geometry": { "type": "Polygon", "coordinates": [ [ [ 72.8804049, 19.2782919 ], [ 72.8807937, 19.2787893 ], [ 72.8811537, 19.2785382 ], [ 72.880765, 19.2780678 ], [ 72.8804049, 19.2782919 ] ] ] } },
{ "type": "Feature", "properties": { "land_type": "Open Land", "source": "OpenStreetMap (Overpass, Dahisar extract)", "priority": 30 }, "geometry": { "type": "Polygon", "coordinates": [ [ [ 72.8797084, 19.2783165 ], [ 72.8802119, 19.27891 ], [ 72.8806136, 19.2787179 ], [ 72.8804376, 19.2784556 ], [ 72.8803058, 19.2782156 ], [ 72.8804362, 19.2781466 ], [ 72.8802354, 19.2778856 ], [ 72.8797084, 19.2783165 ] ] ] } },
{ "type": "Feature", "properties": { "land_type": "Water Body", "source": "OpenStreetMap (Overpass, Dahisar extract)", "priority": 95 }, "geometry": { "type": "Polygon", "coordinates": [ [ [ 72.8747197, 19.2702798 ], [ 72.8748279, 19.2702827 ], [ 72.8749481, 19.2702089 ], [ 72.8750532, 19.269999 ], [ 72.8749661, 19.269721 ], [ 72.8747828, 19.2696898 ], [ 72.8746506, 19.2697125 ], [ 72.8745484, 19.2698799 ], [ 72.8745664, 19.2701323 ], [ 72.8747197, 19.2702798 ] ] ] } },
{ "type": "Feature", "properties": { "land_type": "Wetland", "source": "OpenStreetMap (Overpass, Dahisar extract)", "priority": 100 }, "geometry": { "type": "Polygon", "coordinates": [ [ [ 72.8730014, 19.2703055 ], [ 72.8730879, 19.2704427 ], [ 72.8731294, 19.2705342 ], [ 72.8731987, 19.2705832 ], [ 72.8736244, 19.2706159 ], [ 72.8740918, 19.2706322 ], [ 72.8744725, 19.2705995 ], [ 72.8745487, 19.2705865 ], [ 72.8745141, 19.2702989 ], [ 72.8745002, 19.2700702 ], [ 72.8744102, 19.2699754 ], [ 72.8742302, 19.2699329 ], [ 72.8741748, 19.2700081 ], [ 72.8741125, 19.2702042 ], [ 72.8740675, 19.2702793 ], [ 72.8739221, 19.2703087 ], [ 72.8737075, 19.2702532 ], [ 72.8735794, 19.2701257 ], [ 72.8735206, 19.270031 ], [ 72.8731987, 19.2699983 ], [ 72.8730394, 19.2700244 ], [ 72.8730014, 19.2703055 ] ] ] } },
{ "type": "Feature", "properties": { "land_type": "Park", "source": "OpenStreetMap (Overpass, Dahisar extract)", "priority": 85 }, "geometry": { "type": "Polygon", "coordinates": [ [ [ 72.8731625, 19.2715343 ], [ 72.8736554, 19.2720506 ], [ 72.8737455, 19.2719768 ], [ 72.8738747, 19.2716648 ], [ 72.8737936, 19.2714435 ], [ 72.8738838, 19.2712592 ], [ 72.8737846, 19.2711854 ], [ 72.8735592, 19.2713641 ], [ 72.873469, 19.2712875 ], [ 72.8731625, 19.2715343 ] ] ] } },
{ "type": "Feature", "properties": { "land_type": "Park", "source": "OpenStreetMap (Overpass, Dahisar extract)", "priority": 85 }, "geometry": { "type": "Polygon", "coordinates": [ [ [ 72.8723666, 19.2718711 ], [ 72.8725784, 19.2720763 ], [ 72.8723953, 19.2722447 ], [ 72.8724912, 19.2723377 ], [ 72.8729942, 19.2718753 ], [ 72.8728649, 19.27175 ], [ 72.8727281, 19.2718758 ], [ 72.8725496, 19.2717028 ], [ 72.8723666, 19.2718711 ] ] ] } },
{ "type": "Feature", "properties": { "land_type": "Park", "source": "OpenStreetMap (Overpass, Dahisar extract)", "priority": 85 }, "geometry": { "type": "Polygon", "coordinates": [ [ [ 72.8732806, 19.2730238 ], [ 72.8735026, 19.2732633 ], [ 72.8737834, 19.2731478 ], [ 72.8736045, 19.2729789 ], [ 72.8737087, 19.2729084 ], [ 72.8735161, 19.2727267 ], [ 72.8732919, 19.2729105 ], [ 72.873344, 19.272964 ], [ 72.8732806, 19.2730238 ] ] ] } },
{ "type": "Feature", "properties": { "land_type": "Open Land", "source": "OpenStreetMap (Overpass, Dahisar extract)", "priority": 30 }, "geometry": { "type": "Polygon", "coordinates": [ [ [ 72.8737508, 19.2745778 ], [ 72.8744089, 19.2746118 ], [ 72.8747185, 19.2746998 ], [ 72.8748657, 19.2746317 ], [ 72.875058, 19.274592 ], [ 72.8755359, 19.2745778 ], [ 72.8760648, 19.2745239 ], [ 72.8759445, 19.2742175 ], [ 72.8759265, 19.2740615 ], [ 72.876215, 19.2739906 ], [ 72.8761429, 19.2736587 ], [ 72.8761489, 19.2734289 ], [ 72.8751512, 19.2736928 ], [ 72.8746223, 19.2738147 ], [ 72.8741956, 19.2740644 ], [ 72.873844, 19.2742516 ], [ 72.8736366, 19.2744189 ], [ 72.8737508, 19.2745778 ] ] ] } },
{ "type": "Feature", "properties": { "land_type": "Residential", "source": "OpenStreetMap (Overpass, Dahisar extract)", "priority": 50 }, "geometry": { "type": "Polygon", "coordinates": [ [ [ 72.8764204, 19.2739291 ], [ 72.876725, 19.2741938 ], [ 72.8770573, 19.2744715 ], [ 72.8776354, 19.274514 ], [ 72.8777254, 19.2743506 ], [ 72.8777773, 19.2739618 ], [ 72.8777791, 19.2738172 ], [ 72.8777986, 19.2737855 ], [ 72.8777842, 19.2736821 ], [ 72.8777934, 19.2727154 ], [ 72.8774874, 19.272806 ], [ 72.8771256, 19.2727963 ], [ 72.8767855, 19.2729875 ], [ 72.8765495, 19.2730376 ], [ 72.8764335, 19.2731062 ], [ 72.8763671, 19.2737495 ], [ 72.8764204, 19.2739291 ] ] ] } },
{ "type": "Feature", "properties": { "land_type": "Wetland", "source": "OpenStreetMap (Overpass, Dahisar extract)", "priority": 100 }, "geometry": { "type": "Polygon", "coordinates": [ [ [ 72.8752576, 19.2722653 ], [ 72.875521, 19.2722687 ], [ 72.8755423, 19.2721612 ], [ 72.8756526, 19.271963 ], [ 72.8758128, 19.2719663 ], [ 72.8759196, 19.271748 ], [ 72.8757665, 19.271711 ], [ 72.8755138, 19.271664 ], [ 72.8754284, 19.2716472 ], [ 72.8752576, 19.2722653 ] ] ] } },
{ "type": "Feature", "properties": { "land_type": "Open Land", "source": "OpenStreetMap (Overpass, Dahisar extract)", "priority": 30 }, "geometry": { "type": "Polygon", "coordinates": [ [ [ 72.8739211, 19.2731705 ], [ 72.8742859, 19.2737819 ], [ 72.8745237, 19.2736929 ], [ 72.8752493, 19.2734839 ], [ 72.8751579, 19.2731023 ], [ 72.8751427, 19.2730389 ], [ 72.8748832, 19.2730183 ], [ 72.8747041, 19.2730041 ], [ 72.8745073, 19.2728957 ], [ 72.8740728, 19.2727293 ], [ 72.8738186, 19.2730428 ], [ 72.8739211, 19.2731705 ] ] ] } },
{ "type": "Feature", "properties": { "land_type": "Residential", "source": "OpenStreetMap (Overpass, Dahisar extract)", "priority": 50 }, "geometry": { "type": "Polygon", "coordinates": [ [ [ 72.8723961, 19.2733109 ], [ 72.8729584, 19.2733445 ], [ 72.8732253, 19.2737073 ], [ 72.8736488, 19.2736401 ], [ 72.8740142, 19.2735772 ], [ 72.8738584, 19.2732339 ], [ 72.8737415, 19.2730171 ], [ 72.8740728, 19.2727293 ], [ 72.8745073, 19.2728957 ], [ 72.8747041, 19.2730041 ], [ 72.8748832, 19.2730183 ], [ 72.8751427, 19.2730389 ], [ 72.8751579, 19.2731023 ], [ 72.8752493, 19.2734839 ], [ 72.8758985, 19.2733967 ], [ 72.8762063, 19.2733276 ], [ 72.8761245, 19.272766 ], [ 72.8761609, 19.2720381 ], [ 72.876118, 19.2714684 ], [ 72.8760724, 19.2710456 ], [ 72.8759112, 19.2702204 ], [ 72.875713, 19.2699728 ], [ 72.8753774, 19.2698963 ], [ 72.8745988, 19.2696808 ], [ 72.8740459, 19.2698771 ], [ 72.8726104, 19.2698326 ], [ 72.8723554, 19.2698014 ], [ 72.8723961, 19.2733109 ] ] ] } },
{ "type": "Feature", "properties": { "land_type": "Residential", "source": "OpenStreetMap (Overpass, Dahisar extract)", "priority": 50 }, "geometry": { "type": "Polygon", "coordinates": [ [ [ 72.8832276, 19.27171 ], [ 72.8836189, 19.2719978 ], [ 72.8838833, 19.2721899 ], [ 72.8841914, 19.272274 ], [ 72.88426, 19.2721733 ], [ 72.884349, 19.2717823 ], [ 72.8845777, 19.2711611 ], [ 72.8845977, 19.2708061 ], [ 72.8844327, 19.270694 ], [ 72.8843234, 19.2706521 ], [ 72.8841019, 19.2706222 ], [ 72.883729, 19.2704477 ], [ 72.8832331, 19.2702335 ], [ 72.8831919, 19.2709356 ], [ 72.8832276, 19.27171 ] ] ] } },
{ "type": "Feature", "properties": { "land_type": "Open Land", "source": "OpenStreetMap (Overpass, Dahisar extract)", "priority": 30 }, "geometry": { "type": "Polygon", "coordinates": [ [ [ 72.8805566, 19.2734657 ], [ 72.8807008, 19.2734689 ], [ 72.8808953, 19.2735702 ], [ 72.881073, 19.2735765 ], [ 72.8811099, 19.2733644 ], [ 72.8805566, 19.273336 ], [ 72.8805566, 19.2734657 ] ] ] } },
{ "type": "Feature", "properties": { "land_type": "Park", "source": "OpenStreetMap (Overpass, Dahisar extract)", "priority": 85 }, "geometry": { "type": "Polygon", "coordinates": [ [ [ 72.8774356, 19.27178 ], [ 72.8777173, 19.2718332 ], [ 72.8777682, 19.2718129 ], [ 72.8777816, 19.271537 ], [ 72.8777334, 19.2715015 ], [ 72.8774356, 19.27178 ] ] ] } },
{ "type": "Feature", "properties": { "land_type": "Residential", "source": "OpenStreetMap (Overpass, Dahisar extract)", "priority": 50 }, "geometry": { "type": "Polygon", "coordinates": [ [ [ 72.8797831, 19.2733088 ], [ 72.8802976, 19.2733236 ], [ 72.8811333, 19.2733236 ], [ 72.8811102, 19.2735453 ], [ 72.8813348, 19.2737667 ], [ 72.8820412, 19.2737247 ], [ 72.8823299, 19.2730966 ], [ 72.8824435, 19.2722867 ], [ 72.8818843, 19.2720075 ], [ 72.8815685, 19.2717894 ], [ 72.8810678, 19.2714113 ], [ 72.8807251, 19.2712368 ], [ 72.8806365, 19.2713822 ], [ 72.8803809, 19.2715823 ], [ 72.8801213, 19.2716121 ], [ 72.8800445, 19.2718411 ], [ 72.8799405, 19.2718199 ], [ 72.879925, 19.2718486 ], [ 72.8797966, 19.2718323 ], [ 72.8797187, 19.2718104 ], [ 72.8796695, 19.2716526 ], [ 72.8795951, 19.2716333 ], [ 72.8794589, 19.2715981 ], [ 72.8789861, 19.2715 ], [ 72.8788319, 19.2715222 ], [ 72.8788219, 19.271845 ], [ 72.8786609, 19.2719937 ], [ 72.8784128, 19.2719874 ], [ 72.878443, 19.2722279 ], [ 72.8785838, 19.2724716 ], [ 72.8788118, 19.2725761 ], [ 72.8789512, 19.2726781 ], [ 72.8793094, 19.2728326 ], [ 72.879785, 19.2729943 ], [ 72.879758, 19.2732161 ], [ 72.8797831, 19.2733088 ] ] ] } },
{ "type": "Feature", "properties": { "land_type": "Residential", "source": "OpenStreetMap (Overpass, Dahisar extract)", "priority": 50 }, "geometry": { "type": "Polygon", "coordinates": [ [ [ 72.877609, 19.2709639 ], [ 72.8778075, 19.2726446 ], [ 72.8783271, 19.2725509 ], [ 72.8784963, 19.2724958 ], [ 72.878292, 19.2719944 ], [ 72.8786364, 19.2718842 ], [ 72.8786715, 19.2714213 ], [ 72.8784905, 19.2708868 ], [ 72.8785255, 19.2706829 ], [ 72.8788999, 19.2699561 ], [ 72.8783562, 19.2694265 ], [ 72.8779301, 19.2694871 ], [ 72.8776266, 19.2696028 ], [ 72.8776184, 19.2702049 ], [ 72.877609, 19.2709639 ] ] ] } },
{ "type": "Feature", "properties": { "land_type": "Residential", "source": "OpenStreetMap (Overpass, Dahisar extract)", "priority": 50 }, "geometry": { "type": "Polygon", "coordinates": [ [ [ 72.877962, 19.2747208 ], [ 72.8780731, 19.2749193 ], [ 72.8784138, 19.2748776 ], [ 72.878562, 19.2747773 ], [ 72.8789424, 19.2749423 ], [ 72.8795308, 19.2745226 ], [ 72.8800971, 19.2742115 ], [ 72.8805641, 19.2739928 ], [ 72.8809841, 19.273796 ], [ 72.8809509, 19.2736206 ], [ 72.8807231, 19.2735037 ], [ 72.8806324, 19.2735204 ], [ 72.8803692, 19.2736269 ], [ 72.879856, 19.2735016 ], [ 72.8797587, 19.273322 ], [ 72.8797498, 19.2730151 ], [ 72.8796297, 19.2729893 ], [ 72.8793177, 19.2728948 ], [ 72.8786862, 19.2726384 ], [ 72.8778883, 19.2727396 ], [ 72.877962, 19.2747208 ] ] ] } },
{ "type": "Feature", "properties": { "land_type": "Industrial", "source": "OpenStreetMap (Overpass, Dahisar extract)", "priority": 60 }, "geometry": { "type": "Polygon", "coordinates": [ [ [ 72.8793777, 19.2748163 ], [ 72.8793475, 19.2750125 ], [ 72.8795319, 19.2750821 ], [ 72.8798303, 19.2750346 ], [ 72.8802829, 19.2751612 ], [ 72.8802863, 19.2741991 ], [ 72.8793777, 19.2748163 ] ] ] } },
{ "type": "Feature", "properties": { "land_type": "Residential", "source": "OpenStreetMap (Overpass, Dahisar extract)", "priority": 50 }, "geometry": { "type": "Polygon", "coordinates": [ [ [ 72.8810392, 19.2746381 ], [ 72.8811287, 19.2749003 ], [ 72.8811425, 19.2749001 ], [ 72.8813315, 19.2748967 ], [ 72.8813691, 19.2747252 ], [ 72.8816933, 19.2747898 ], [ 72.8819595, 19.2739165 ], [ 72.8808028, 19.2740399 ], [ 72.8810392, 19.2746381 ] ] ] } },
{ "type": "Feature", "properties": { "land_type": "Residential", "source": "OpenStreetMap (Overpass, Dahisar extract)", "priority": 50 }, "geometry": { "type": "Polygon", "coordinates": [ [ [ 72.8748692, 19.2887193 ], [ 72.8749818, 19.2886788 ], [ 72.8751186, 19.2885877 ], [ 72.8752018, 19.2884839 ], [ 72.8752688, 19.288332 ], [ 72.8751669, 19.2881902 ], [ 72.8747967, 19.2882864 ], [ 72.8747806, 19.2883725 ], [ 72.8748477, 19.288537 ], [ 72.8748692, 19.2887193 ] ] ] } },
{ "type": "Feature", "properties": { "land_type": "Water Body", "source": "OpenStreetMap (Overpass, Dahisar extract)", "priority": 95 }, "geometry": { "type": "Polygon", "coordinates": [ [ [ 72.8611589, 19.2872957 ], [ 72.8612178, 19.287288 ], [ 72.8612831, 19.2872496 ], [ 72.8613174, 19.287075 ], [ 72.8612836, 19.2868947 ], [ 72.8611934, 19.2868832 ], [ 72.861104, 19.2869369 ], [ 72.8609942, 19.2870348 ], [ 72.8609841, 19.287077 ], [ 72.8609658, 19.2871288 ], [ 72.8610125, 19.2871537 ], [ 72.8610552, 19.2872266 ], [ 72.8611589, 19.2872957 ] ] ] } },
{ "type": "Feature", "properties": { "land_type": "Agriculture", "source": "OpenStreetMap (Overpass, Dahisar extract)", "priority": 80 }, "geometry": { "type": "Polygon", "coordinates": [ [ [ 72.8504848, 19.2876018 ], [ 72.8509053, 19.2877697 ], [ 72.8514147, 19.2877392 ], [ 72.852482, 19.2872813 ], [ 72.8531208, 19.2872126 ], [ 72.85342, 19.2872126 ], [ 72.8543014, 19.2875713 ], [ 72.8546572, 19.2876934 ], [ 72.8548997, 19.2868004 ], [ 72.8550372, 19.2857167 ], [ 72.8550938, 19.2852969 ], [ 72.8504282, 19.2852893 ], [ 72.8504848, 19.2876018 ] ] ] } },
{ "type": "Feature", "properties": { "land_type": "Wetland", "source": "OpenStreetMap (Overpass, Dahisar extract)", "priority": 100 }, "geometry": { "type": "Polygon", "coordinates": [ [ [ 72.8513438, 19.2888241 ], [ 72.8512975, 19.2889006 ], [ 72.8512923, 19.2889686 ], [ 72.8512975, 19.2890098 ], [ 72.8512679, 19.2890244 ], [ 72.851291, 19.2890961 ], [ 72.8513205, 19.2891514 ], [ 72.8513518, 19.2891524 ], [ 72.8513675, 19.2891271 ], [ 72.8513842, 19.2890818 ], [ 72.8514289, 19.2890786 ], [ 72.8514724, 19.2890892 ], [ 72.8514925, 19.2890797 ], [ 72.851497, 19.2890417 ], [ 72.8514736, 19.289008 ], [ 72.8514523, 19.2889216 ], [ 72.8514121, 19.2888067 ], [ 72.8513898, 19.2887845 ], [ 72.8513438, 19.2888241 ] ] ] } },
{ "type": "Feature", "properties": { "land_type": "Open Land", "source": "OpenStreetMap (Overpass, Dahisar extract)", "priority": 30 }, "geometry": { "type": "Polygon", "coordinates": [ [ [ 72.8497187, 19.2890446 ], [ 72.8498331, 19.2890417 ], [ 72.850142, 19.2891408 ], [ 72.8503954, 19.2891058 ], [ 72.850417, 19.2889658 ], [ 72.8504448, 19.2889338 ], [ 72.8505869, 19.2889133 ], [ 72.8507785, 19.2887879 ], [ 72.8508094, 19.2886246 ], [ 72.8508032, 19.2885459 ], [ 72.8501451, 19.2882951 ], [ 72.8497991, 19.2881201 ], [ 72.8497064, 19.2881522 ], [ 72.849623, 19.2882922 ], [ 72.84966, 19.2885926 ], [ 72.8497187, 19.2890446 ] ] ] } },
{ "type": "Feature", "properties": { "land_type": "Agriculture", "source": "OpenStreetMap (Overpass, Dahisar extract)", "priority": 80 }, "geometry": { "type": "Polygon", "coordinates": [ [ [ 72.8478321, 19.28781 ], [ 72.847876, 19.2878945 ], [ 72.847897, 19.2879094 ], [ 72.8481146, 19.2879061 ], [ 72.8483919, 19.2879408 ], [ 72.8485077, 19.2879408 ], [ 72.8486938, 19.2878746 ], [ 72.8487991, 19.28781 ], [ 72.8490219, 19.2878133 ], [ 72.8491536, 19.2878547 ], [ 72.8493571, 19.2878796 ], [ 72.8493764, 19.2877918 ], [ 72.8495537, 19.2878116 ], [ 72.8495607, 19.2877023 ], [ 72.8493957, 19.2877056 ], [ 72.8492518, 19.2877123 ], [ 72.849129, 19.2877007 ], [ 72.8489254, 19.2876891 ], [ 72.8487429, 19.287704 ], [ 72.8485411, 19.2877586 ], [ 72.8483007, 19.287747 ], [ 72.8481375, 19.2877802 ], [ 72.8479971, 19.2878017 ], [ 72.8479111, 19.2877918 ], [ 72.8478321, 19.28781 ] ] ] } },
{ "type": "Feature", "properties": { "land_type": "Industrial", "source": "OpenStreetMap (Overpass, Dahisar extract)", "priority": 60 }, "geometry": { "type": "Polygon", "coordinates": [ [ [ 72.8531156, 19.2891484 ], [ 72.8534825, 19.2891942 ], [ 72.8534808, 19.2889287 ], [ 72.8534886, 19.288838 ], [ 72.8531766, 19.2888249 ], [ 72.8531376, 19.2890038 ], [ 72.8531156, 19.2891484 ] ] ] } },
{ "type": "Feature", "properties": { "land_type": "Open Land", "source": "OpenStreetMap (Overpass, Dahisar extract)", "priority": 30 }, "geometry": { "type": "Polygon", "coordinates": [ [ [ 72.8534048, 19.2905728 ], [ 72.8535955, 19.2905979 ], [ 72.8535743, 19.2907263 ], [ 72.8534434, 19.2907045 ], [ 72.8533869, 19.2910266 ], [ 72.8540383, 19.291153 ], [ 72.8540707, 19.2910674 ], [ 72.8541481, 19.2910692 ], [ 72.8542032, 19.2908491 ], [ 72.8544411, 19.2908549 ], [ 72.8545091, 19.2900384 ], [ 72.8542249, 19.290053 ], [ 72.8541291, 19.2900122 ], [ 72.853987, 19.2900501 ], [ 72.8539313, 19.2900267 ], [ 72.8539159, 19.2899043 ], [ 72.8535544, 19.2898022 ], [ 72.8534926, 19.2899043 ], [ 72.852989, 19.2899918 ], [ 72.8529056, 19.2905866 ], [ 72.8531404, 19.2905633 ], [ 72.8531682, 19.2905225 ], [ 72.853125, 19.2903446 ], [ 72.8530971, 19.2902979 ], [ 72.8531219, 19.2902221 ], [ 72.8533443, 19.2902367 ], [ 72.8533783, 19.2903125 ], [ 72.8533659, 19.2903388 ], [ 72.8534277, 19.2903971 ], [ 72.8534048, 19.2905728 ] ] ] } },
{ "type": "Feature", "properties": { "land_type": "Water Body", "source": "OpenStreetMap (Overpass, Dahisar extract)", "priority": 95 }, "geometry": { "type": "Polygon", "coordinates": [ [ [ 72.853801, 19.2893626 ], [ 72.8537784, 19.2893686 ], [ 72.8537593, 19.2893815 ], [ 72.8537459, 19.2893997 ], [ 72.8537398, 19.2894212 ], [ 72.8537417, 19.2894433 ], [ 72.8537505, 19.289462 ], [ 72.853765, 19.2894772 ], [ 72.8537838, 19.2894874 ], [ 72.853805, 19.2894915 ], [ 72.8538265, 19.2894892 ], [ 72.8538462, 19.2894806 ], [ 72.853862, 19.2894666 ], [ 72.8538725, 19.2894487 ], [ 72.8538764, 19.2894286 ], [ 72.8538736, 19.2894083 ], [ 72.853863, 19.2893885 ], [ 72.853846, 19.2893732 ], [ 72.8538245, 19.2893642 ], [ 72.853801, 19.2893626 ] ] ] } },
{ "type": "Feature", "properties": { "land_type": "Residential", "source": "OpenStreetMap (Overpass, Dahisar extract)", "priority": 50 }, "geometry": { "type": "Polygon", "coordinates": [ [ [ 72.8755753, 19.2758028 ], [ 72.8768315, 19.2750583 ], [ 72.8766404, 19.2746515 ], [ 72.8762461, 19.2740567 ], [ 72.8759777, 19.2739876 ], [ 72.875685, 19.2742793 ], [ 72.8753882, 19.2747129 ], [ 72.8752866, 19.275396 ], [ 72.8755753, 19.2758028 ] ] ] } },
{ "type": "Feature", "properties": { "land_type": "Forest", "source": "OpenStreetMap (Overpass, Dahisar extract)", "priority": 90 }, "geometry": { "type": "Polygon", "coordinates": [ [ [ 72.8558432, 19.2696547 ], [ 72.8570938, 19.2696601 ], [ 72.8576491, 19.2645075 ], [ 72.8558408, 19.2644841 ], [ 72.8558432, 19.2696547 ] ] ] } },
{ "type": "Feature", "properties": { "land_type": "Forest", "source": "OpenStreetMap (Overpass, Dahisar extract)", "priority": 90 }, "geometry": { "type": "Polygon", "coordinates": [ [ [ 72.8573179, 19.2696618 ], [ 72.859711, 19.2696381 ], [ 72.859585, 19.2694735 ], [ 72.8606862, 19.268815 ], [ 72.8610318, 19.2691229 ], [ 72.8612126, 19.2696381 ], [ 72.8612998, 19.2696289 ], [ 72.8613049, 19.2645021 ], [ 72.8599701, 19.2644922 ], [ 72.8600262, 19.2646461 ], [ 72.8600276, 19.2647862 ], [ 72.859961, 19.2649178 ], [ 72.8599344, 19.2650369 ], [ 72.8597973, 19.2651497 ], [ 72.8597331, 19.2652687 ], [ 72.8596092, 19.2653794 ], [ 72.8595317, 19.2654902 ], [ 72.8593791, 19.2656405 ], [ 72.8593591, 19.2655612 ], [ 72.8594078, 19.2654233 ], [ 72.8594344, 19.265275 ], [ 72.8595229, 19.2651747 ], [ 72.8595959, 19.2651016 ], [ 72.8595627, 19.2650745 ], [ 72.859472, 19.2650661 ], [ 72.8593282, 19.2651079 ], [ 72.8591843, 19.2651664 ], [ 72.859118, 19.2651685 ], [ 72.8590272, 19.2652332 ], [ 72.8588458, 19.2653377 ], [ 72.8586444, 19.265486 ], [ 72.8585537, 19.2655612 ], [ 72.8584652, 19.2655361 ], [ 72.8583369, 19.2655925 ], [ 72.8583258, 19.265557 ], [ 72.8582616, 19.2653251 ], [ 72.8582771, 19.2652311 ], [ 72.8583103, 19.2651142 ], [ 72.8582882, 19.265039 ], [ 72.8582816, 19.2649098 ], [ 72.8583017, 19.2647428 ], [ 72.8583356, 19.2646859 ], [ 72.8583519, 19.2645627 ], [ 72.8583814, 19.2644863 ], [ 72.8579079, 19.2644814 ], [ 72.8573179, 19.2696618 ] ] ] } },
{ "type": "Feature", "properties": { "land_type": "Industrial", "source": "OpenStreetMap (Overpass, Dahisar extract)", "priority": 60 }, "geometry": { "type": "Polygon", "coordinates": [ [ [ 72.8576911, 19.2951764 ], [ 72.8580183, 19.2949485 ], [ 72.8581471, 19.2945739 ], [ 72.8581095, 19.2942346 ], [ 72.8575033, 19.2937992 ], [ 72.8572566, 19.2937131 ], [ 72.8571439, 19.293384 ], [ 72.8569548, 19.2933258 ], [ 72.856586, 19.2934346 ], [ 72.8566289, 19.2936827 ], [ 72.8567952, 19.2940422 ], [ 72.8573907, 19.2948017 ], [ 72.8576911, 19.2951764 ] ] ] } },
{ "type": "Feature", "properties": { "land_type": "Residential", "source": "OpenStreetMap (Overpass, Dahisar extract)", "priority": 50 }, "geometry": { "type": "Polygon", "coordinates": [ [ [ 72.8583983, 19.2952655 ], [ 72.8592691, 19.2944283 ], [ 72.8600997, 19.2936372 ], [ 72.8604913, 19.293222 ], [ 72.8609795, 19.2927663 ], [ 72.8622186, 19.2913102 ], [ 72.8621597, 19.2911663 ], [ 72.861591, 19.2908119 ], [ 72.8609473, 19.290822 ], [ 72.860899, 19.2901436 ], [ 72.8603411, 19.2901436 ], [ 72.8603733, 19.2902651 ], [ 72.8605879, 19.2903107 ], [ 72.8605181, 19.2905993 ], [ 72.8605825, 19.2909436 ], [ 72.8604162, 19.2913537 ], [ 72.8599012, 19.2923663 ], [ 72.8595096, 19.2927056 ], [ 72.8591449, 19.2932574 ], [ 72.8588123, 19.2936929 ], [ 72.8583026, 19.2941688 ], [ 72.8580773, 19.2950143 ], [ 72.8583983, 19.2952655 ] ] ] } },
{ "type": "Feature", "properties": { "land_type": "Water Body", "source": "OpenStreetMap (Overpass, Dahisar extract)", "priority": 95 }, "geometry": { "type": "Polygon", "coordinates": [ [ [ 72.835055, 19.2949898 ], [ 72.8352616, 19.2949721 ], [ 72.8352683, 19.2947544 ], [ 72.8351972, 19.2945607 ], [ 72.8350466, 19.2945513 ], [ 72.8350215, 19.2949075 ], [ 72.835055, 19.2949898 ] ] ] } },
{ "type": "Feature", "properties": { "land_type": "Water Body", "source": "OpenStreetMap (Overpass, Dahisar extract)", "priority": 95 }, "geometry": { "type": "Polygon", "coordinates": [ [ [ 72.8365264, 19.290435 ], [ 72.8365505, 19.2903869 ], [ 72.8365076, 19.290354 ], [ 72.8364271, 19.290354 ], [ 72.8363896, 19.290392 ], [ 72.8364137, 19.290435 ], [ 72.8365264, 19.290435 ] ] ] } },
{ "type": "Feature", "properties": { "land_type": "Water Body", "source": "OpenStreetMap (Overpass, Dahisar extract)", "priority": 95 }, "geometry": { "type": "Polygon", "coordinates": [ [ [ 72.8402547, 19.2846378 ], [ 72.8402949, 19.284577 ], [ 72.84037, 19.2842606 ], [ 72.8405148, 19.2840783 ], [ 72.8406087, 19.2839593 ], [ 72.8407267, 19.2837795 ], [ 72.840724, 19.2837517 ], [ 72.8405765, 19.2836884 ], [ 72.8404558, 19.2836783 ], [ 72.8402895, 19.2837188 ], [ 72.8400964, 19.2838049 ], [ 72.8399999, 19.283858 ], [ 72.8398738, 19.2838276 ], [ 72.839737, 19.2838074 ], [ 72.8396646, 19.2838656 ], [ 72.8396726, 19.2839238 ], [ 72.8397638, 19.2840783 ], [ 72.8399301, 19.2843365 ], [ 72.840075, 19.2845441 ], [ 72.8401822, 19.2846758 ], [ 72.8402547, 19.2846378 ] ] ] } },
{ "type": "Feature", "properties": { "land_type": "Water Body", "source": "OpenStreetMap (Overpass, Dahisar extract)", "priority": 95 }, "geometry": { "type": "Polygon", "coordinates": [ [ [ 72.8531743, 19.282551 ], [ 72.8531322, 19.2826713 ], [ 72.85328, 19.2827173 ], [ 72.853322, 19.282597 ], [ 72.8531743, 19.282551 ] ] ] } },
{ "type": "Feature", "properties": { "land_type": "Park", "source": "OpenStreetMap (Overpass, Dahisar extract)", "priority": 85 }, "geometry": { "type": "Polygon", "coordinates": [ [ [ 72.8610088, 19.2842459 ], [ 72.8611741, 19.283973 ], [ 72.860801, 19.283828 ], [ 72.860712, 19.2840571 ], [ 72.8610088, 19.2842459 ] ] ] } },
{ "type": "Feature", "properties": { "land_type": "Wetland", "source": "OpenStreetMap (Overpass, Dahisar extract)", "priority": 100 }, "geometry": { "type": "Polygon", "coordinates": [ [ [ 72.8348488, 19.2852718 ], [ 72.8351696, 19.285335 ], [ 72.8357182, 19.2853984 ], [ 72.8363234, 19.2853984 ], [ 72.8366136, 19.2854084 ], [ 72.8366737, 19.285669 ], [ 72.8367268, 19.2859697 ], [ 72.8368153, 19.2860699 ], [ 72.8376045, 19.2859329 ], [ 72.8379018, 19.285826 ], [ 72.8379726, 19.2860498 ], [ 72.8387619, 19.2860365 ], [ 72.8397635, 19.2860265 ], [ 72.8400926, 19.2860131 ], [ 72.8400997, 19.2858494 ], [ 72.8390545, 19.2845933 ], [ 72.8386898, 19.2831553 ], [ 72.8374559, 19.2836009 ], [ 72.8372521, 19.2827907 ], [ 72.8364474, 19.2828414 ], [ 72.8362543, 19.2841579 ], [ 72.8349239, 19.2842794 ], [ 72.8348488, 19.2852718 ] ] ] } },
{ "type": "Feature", "properties": { "land_type": "Wetland", "source": "OpenStreetMap (Overpass, Dahisar extract)", "priority": 100 }, "geometry": { "type": "Polygon", "coordinates": [ [ [ 72.8381131, 19.2862871 ], [ 72.838191, 19.2873761 ], [ 72.8384529, 19.2873895 ], [ 72.8384387, 19.2884651 ], [ 72.8398969, 19.2883315 ], [ 72.8401745, 19.2870111 ], [ 72.840248, 19.2865656 ], [ 72.8402587, 19.2863884 ], [ 72.8402044, 19.2863877 ], [ 72.8401729, 19.2861868 ], [ 72.8381131, 19.2862871 ] ] ] } },
{ "type": "Feature", "properties": { "land_type": "Residential", "source": "OpenStreetMap (Overpass, Dahisar extract)", "priority": 50 }, "geometry": { "type": "Polygon", "coordinates": [ [ [ 72.840311, 19.2863771 ], [ 72.8403128, 19.2862493 ], [ 72.8403219, 19.2860699 ], [ 72.8402457, 19.2859317 ], [ 72.8401116, 19.2859231 ], [ 72.8400963, 19.2860286 ], [ 72.8399357, 19.2860257 ], [ 72.8399388, 19.2860401 ], [ 72.8398333, 19.2860509 ], [ 72.8398089, 19.2861545 ], [ 72.8398679, 19.2861526 ], [ 72.8402073, 19.2861545 ], [ 72.8402297, 19.2863598 ], [ 72.840311, 19.2863771 ] ] ] } },
{ "type": "Feature", "properties": { "land_type": "Wetland", "source": "OpenStreetMap (Overpass, Dahisar extract)", "priority": 100 }, "geometry": { "type": "Polygon", "coordinates": [ [ [ 72.8358839, 19.2958007 ], [ 72.8357857, 19.2954468 ], [ 72.8355662, 19.2941333 ], [ 72.8358884, 19.2935294 ], [ 72.8359351, 19.2933002 ], [ 72.8361828, 19.2928478 ], [ 72.837397, 19.2927728 ], [ 72.837439, 19.2936632 ], [ 72.8380041, 19.2936896 ], [ 72.8394097, 19.2934869 ], [ 72.8393724, 19.2932974 ], [ 72.8395919, 19.2929403 ], [ 72.8398627, 19.2925965 ], [ 72.8403391, 19.29231 ], [ 72.8410909, 19.2921425 ], [ 72.8410302, 19.2912477 ], [ 72.8409929, 19.2902119 ], [ 72.8420922, 19.2896909 ], [ 72.8417774, 19.2893083 ], [ 72.8416653, 19.2881799 ], [ 72.8415953, 19.2873953 ], [ 72.8413758, 19.2867385 ], [ 72.8413665, 19.2861523 ], [ 72.8409648, 19.2860553 ], [ 72.8404651, 19.2850944 ], [ 72.8401476, 19.2846888 ], [ 72.8395638, 19.2837632 ], [ 72.8392276, 19.2829212 ], [ 72.8387699, 19.282 ], [ 72.8381115, 19.2809552 ], [ 72.8393584, 19.2807525 ], [ 72.8391856, 19.2799767 ], [ 72.8394191, 19.2798532 ], [ 72.8394144, 19.2797739 ], [ 72.8391342, 19.2796549 ], [ 72.8382422, 19.2797959 ], [ 72.8383543, 19.2802588 ], [ 72.8377425, 19.2803866 ], [ 72.837411, 19.279818 ], [ 72.8372662, 19.2792625 ], [ 72.8374623, 19.2785881 ], [ 72.8381255, 19.277539 ], [ 72.8384944, 19.2765956 ], [ 72.8391435, 19.2754319 ], [ 72.8389474, 19.2748412 ], [ 72.8387092, 19.2748103 ], [ 72.8383963, 19.2750043 ], [ 72.8380508, 19.2749954 ], [ 72.8382983, 19.2753922 ], [ 72.8379947, 19.2756523 ], [ 72.8377612, 19.2757052 ], [ 72.8372055, 19.2754759 ], [ 72.836986, 19.2760931 ], [ 72.8372849, 19.2761504 ], [ 72.8371354, 19.2770056 ], [ 72.8368412, 19.2779401 ], [ 72.8368179, 19.278425 ], [ 72.8365704, 19.278879 ], [ 72.8363789, 19.2798665 ], [ 72.8362201, 19.2799194 ], [ 72.8352534, 19.2796372 ], [ 72.835076, 19.2815195 ], [ 72.8363415, 19.2822777 ], [ 72.8363976, 19.282692 ], [ 72.8373316, 19.2826347 ], [ 72.8374063, 19.2827714 ], [ 72.8375511, 19.2834766 ], [ 72.8387092, 19.2830182 ], [ 72.83884, 19.2834855 ], [ 72.8390315, 19.2841819 ], [ 72.8391342, 19.2844949 ], [ 72.8395732, 19.285015 ], [ 72.8400635, 19.2857247 ], [ 72.8404465, 19.2862933 ], [ 72.8404184, 19.2864564 ], [ 72.8401849, 19.2878229 ], [ 72.8399888, 19.2883827 ], [ 72.839816, 19.2887661 ], [ 72.8393677, 19.2889865 ], [ 72.8391762, 19.2890615 ], [ 72.8389007, 19.289132 ], [ 72.838755, 19.2885292 ], [ 72.8382161, 19.2885097 ], [ 72.8383586, 19.2893823 ], [ 72.8381159, 19.2893969 ], [ 72.8372721, 19.289534 ], [ 72.8369175, 19.2894291 ], [ 72.8368667, 19.2892393 ], [ 72.8363572, 19.2889275 ], [ 72.8331581, 19.2881435 ], [ 72.8335835, 19.2896087 ], [ 72.832941, 19.2904676 ], [ 72.8327373, 19.2913198 ], [ 72.8331791, 19.2917857 ], [ 72.8335388, 19.2921942 ], [ 72.8336145, 19.2929347 ], [ 72.8347911, 19.2929359 ], [ 72.8347491, 19.2934296 ], [ 72.8349545, 19.2934384 ], [ 72.8347818, 19.2939453 ], [ 72.8347781, 19.2947724 ], [ 72.8348106, 19.2950256 ], [ 72.8349, 19.2952866 ], [ 72.8351358, 19.2953326 ], [ 72.8352253, 19.2955475 ], [ 72.8354042, 19.2956319 ], [ 72.8354367, 19.2957547 ], [ 72.8358839, 19.2958007 ] ] ] } },
{ "type": "Feature", "properties": { "land_type": "Wetland", "source": "OpenStreetMap (Overpass, Dahisar extract)", "priority": 100 }, "geometry": { "type": "Polygon", "coordinates": [ [ [ 72.8370951, 19.2877946 ], [ 72.8373706, 19.2893991 ], [ 72.8383186, 19.2893285 ], [ 72.8381925, 19.2883632 ], [ 72.8380477, 19.2876712 ], [ 72.8370951, 19.2877946 ] ] ] } },
{ "type": "Feature", "properties": { "land_type": "Park", "source": "OpenStreetMap (Overpass, Dahisar extract)", "priority": 85 }, "geometry": { "type": "Polygon", "coordinates": [ [ [ 72.8796909, 19.2659813 ], [ 72.8802676, 19.2655128 ], [ 72.8802649, 19.2654495 ], [ 72.8799966, 19.2653761 ], [ 72.8795916, 19.2655533 ], [ 72.8793932, 19.2656825 ], [ 72.8796909, 19.2659813 ] ] ] } },
{ "type": "Feature", "properties": { "land_type": "Unknown", "source": "OpenStreetMap (Overpass, Dahisar extract)", "priority": 0 }, "geometry": { "type": "Polygon", "coordinates": [ [ [ 72.8460239, 19.2927626 ], [ 72.8460589, 19.2926419 ], [ 72.8459408, 19.2920103 ], [ 72.845719, 19.2908262 ], [ 72.8454577, 19.2895062 ], [ 72.8452702, 19.2884008 ], [ 72.8452006, 19.2881006 ], [ 72.8452331, 19.2868381 ], [ 72.8449846, 19.2863011 ], [ 72.8448383, 19.2855099 ], [ 72.8450984, 19.2843461 ], [ 72.8454165, 19.2838551 ], [ 72.845586, 19.283237 ], [ 72.8456371, 19.2824085 ], [ 72.8446711, 19.282163 ], [ 72.8445295, 19.2814682 ], [ 72.8443414, 19.2815099 ], [ 72.8437632, 19.2818145 ], [ 72.843345, 19.2820223 ], [ 72.8423739, 19.2825035 ], [ 72.8414421, 19.2831165 ], [ 72.8410924, 19.2833678 ], [ 72.840802, 19.2838025 ], [ 72.8404525, 19.2842945 ], [ 72.8403722, 19.2847165 ], [ 72.8406571, 19.2852366 ], [ 72.8408829, 19.2857663 ], [ 72.8409266, 19.2859004 ], [ 72.8413663, 19.2859961 ], [ 72.8415364, 19.2862447 ], [ 72.8414813, 19.2866811 ], [ 72.8415629, 19.2871007 ], [ 72.8417459, 19.2874912 ], [ 72.84177, 19.2887908 ], [ 72.8420638, 19.2893886 ], [ 72.842354, 19.2904573 ], [ 72.8424555, 19.2912839 ], [ 72.8425044, 19.291594 ], [ 72.8425122, 19.2918769 ], [ 72.8425248, 19.2920091 ], [ 72.8426556, 19.2926474 ], [ 72.8426887, 19.2927123 ], [ 72.8426934, 19.2927375 ], [ 72.8426979, 19.2927594 ], [ 72.8426757, 19.2928622 ], [ 72.8427203, 19.2931123 ], [ 72.8433233, 19.293038 ], [ 72.843449, 19.2930411 ], [ 72.84457, 19.2933564 ], [ 72.8453986, 19.2932074 ], [ 72.8460239, 19.2927626 ] ] ] } },
{ "type": "Feature", "properties": { "land_type": "Commercial", "source": "OpenStreetMap (Overpass, Dahisar extract)", "priority": 55 }, "geometry": { "type": "Polygon", "coordinates": [ [ [ 72.8766415, 19.2690766 ], [ 72.8766204, 19.2687359 ], [ 72.8763323, 19.2687519 ], [ 72.8763535, 19.2690926 ], [ 72.8764794, 19.2690856 ], [ 72.8766415, 19.2690766 ] ] ] } },
{ "type": "Feature", "properties": { "land_type": "Forest", "source": "OpenStreetMap (Overpass, Dahisar extract)", "priority": 90 }, "geometry": { "type": "Polygon", "coordinates": [ [ [ 72.8641996, 19.2831618 ], [ 72.8646794, 19.283288 ], [ 72.8647325, 19.2832101 ], [ 72.8646911, 19.2828452 ], [ 72.8643255, 19.2825605 ], [ 72.8641996, 19.2831618 ] ] ] } },
{ "type": "Feature", "properties": { "land_type": "Residential", "source": "OpenStreetMap (Overpass, Dahisar extract)", "priority": 50 }, "geometry": { "type": "Polygon", "coordinates": [ [ [ 72.882753, 19.2726277 ], [ 72.8825197, 19.2734768 ], [ 72.8826732, 19.2737811 ], [ 72.8828942, 19.2738101 ], [ 72.882928, 19.2739289 ], [ 72.8831368, 19.2739492 ], [ 72.8831797, 19.273784 ], [ 72.8831061, 19.2737608 ], [ 72.8831153, 19.2736797 ], [ 72.8830293, 19.2736362 ], [ 72.8833117, 19.2729465 ], [ 72.8830324, 19.2726886 ], [ 72.882753, 19.2726277 ] ] ] } },
{ "type": "Feature", "properties": { "land_type": "Park", "source": "OpenStreetMap (Overpass, Dahisar extract)", "priority": 85 }, "geometry": { "type": "Polygon", "coordinates": [ [ [ 72.8606615, 19.2722376 ], [ 72.8609022, 19.2721053 ], [ 72.8606148, 19.2717498 ], [ 72.8606007, 19.2717726 ], [ 72.8606091, 19.271834 ], [ 72.860629, 19.2720251 ], [ 72.860636, 19.2722055 ], [ 72.8606346, 19.2722243 ], [ 72.860646, 19.2722416 ], [ 72.8606615, 19.2722376 ] ] ] } },
{ "type": "Feature", "properties": { "land_type": "Unknown", "source": "OpenStreetMap (Overpass, Dahisar extract)", "priority": 0 }, "geometry": { "type": "Polygon", "coordinates": [ [ [ 72.8574451, 19.2743264 ], [ 72.8579665, 19.2743345 ], [ 72.858445, 19.2740306 ], [ 72.8584407, 19.2731354 ], [ 72.8583699, 19.2731799 ], [ 72.8581597, 19.2735364 ], [ 72.8575352, 19.2736154 ], [ 72.8574451, 19.2743264 ] ] ] } },
{ "type": "Feature", "properties": { "land_type": "Unknown", "source": "OpenStreetMap (Overpass, Dahisar extract)", "priority": 0 }, "geometry": { "type": "Polygon", "coordinates": [ [ [ 72.8584579, 19.2740297 ], [ 72.8590029, 19.2736874 ], [ 72.8590394, 19.2735476 ], [ 72.859063, 19.2734281 ], [ 72.8590801, 19.2732985 ], [ 72.8590544, 19.2731668 ], [ 72.8589621, 19.2730817 ], [ 72.8586145, 19.2729156 ], [ 72.8584557, 19.2731101 ], [ 72.8584579, 19.2740297 ] ] ] } },
{ "type": "Feature", "properties": { "land_type": "Unknown", "source": "OpenStreetMap (Overpass, Dahisar extract)", "priority": 0 }, "geometry": { "type": "Polygon", "coordinates": [ [ [ 72.8591038, 19.2731466 ], [ 72.8596359, 19.2727921 ], [ 72.8592883, 19.272387 ], [ 72.8586574, 19.2728772 ], [ 72.8589085, 19.2729886 ], [ 72.8590201, 19.2730615 ], [ 72.8591038, 19.2731466 ] ] ] } },
{ "type": "Feature", "properties": { "land_type": "Park", "source": "OpenStreetMap (Overpass, Dahisar extract)", "priority": 85 }, "geometry": { "type": "Polygon", "coordinates": [ [ [ 72.8591252, 19.2736023 ], [ 72.8597368, 19.2731628 ], [ 72.8597325, 19.2728589 ], [ 72.8596702, 19.2727941 ], [ 72.8591574, 19.2731425 ], [ 72.8591917, 19.2731729 ], [ 72.8592025, 19.2732519 ], [ 72.8591681, 19.2734463 ], [ 72.8591252, 19.2736023 ] ] ] } },
{ "type": "Feature", "properties": { "land_type": "Park", "source": "OpenStreetMap (Overpass, Dahisar extract)", "priority": 85 }, "geometry": { "type": "Polygon", "coordinates": [ [ [ 72.8645503, 19.2720296 ], [ 72.864664, 19.2721713 ], [ 72.8647542, 19.272299 ], [ 72.8648507, 19.2724792 ], [ 72.8648593, 19.2725866 ], [ 72.8651447, 19.2725562 ], [ 72.8651104, 19.2721369 ], [ 72.8649559, 19.2719303 ], [ 72.8647842, 19.2718311 ], [ 72.864516, 19.2717298 ], [ 72.8642671, 19.2716609 ], [ 72.8639388, 19.2715536 ], [ 72.8636598, 19.2714867 ], [ 72.8630204, 19.2713186 ], [ 72.8629861, 19.2715313 ], [ 72.86328, 19.2716224 ], [ 72.8632693, 19.2717156 ], [ 72.8633272, 19.2717743 ], [ 72.8633165, 19.2718209 ], [ 72.8633723, 19.2718432 ], [ 72.8634495, 19.271746 ], [ 72.8635354, 19.2717379 ], [ 72.8636319, 19.2717723 ], [ 72.8637457, 19.271825 ], [ 72.86381, 19.2719364 ], [ 72.8639989, 19.2718574 ], [ 72.8641641, 19.2717966 ], [ 72.8642671, 19.2717581 ], [ 72.8643551, 19.2717642 ], [ 72.864413, 19.2718371 ], [ 72.8645503, 19.2720296 ] ] ] } },
{ "type": "Feature", "properties": { "land_type": "Park", "source": "OpenStreetMap (Overpass, Dahisar extract)", "priority": 85 }, "geometry": { "type": "Polygon", "coordinates": [ [ [ 72.8631084, 19.2731387 ], [ 72.8635254, 19.2729795 ], [ 72.8634079, 19.2727054 ], [ 72.8629909, 19.2728647 ], [ 72.8631084, 19.2731387 ] ] ] } },
{ "type": "Feature", "properties": { "land_type": "Park", "source": "OpenStreetMap (Overpass, Dahisar extract)", "priority": 85 }, "geometry": { "type": "Polygon", "coordinates": [ [ [ 72.8599742, 19.2738957 ], [ 72.8602418, 19.2736962 ], [ 72.8600264, 19.2734387 ], [ 72.8597588, 19.2736382 ], [ 72.8599742, 19.2738957 ] ] ] } },
{ "type": "Feature", "properties": { "land_type": "Park", "source": "OpenStreetMap (Overpass, Dahisar extract)", "priority": 85 }, "geometry": { "type": "Polygon", "coordinates": [ [ [ 72.8632414, 19.2752916 ], [ 72.863956, 19.2751458 ], [ 72.863898, 19.2741776 ], [ 72.8627329, 19.2746536 ], [ 72.8632414, 19.2752916 ] ] ] } },
{ "type": "Feature", "properties": { "land_type": "Unknown", "source": "OpenStreetMap (Overpass, Dahisar extract)", "priority": 0 }, "geometry": { "type": "Polygon", "coordinates": [ [ [ 72.8630622, 19.2757774 ], [ 72.8631984, 19.2757404 ], [ 72.8631457, 19.2755676 ], [ 72.8629858, 19.2756618 ], [ 72.8630622, 19.2757774 ] ] ] } },
{ "type": "Feature", "properties": { "land_type": "Park", "source": "OpenStreetMap (Overpass, Dahisar extract)", "priority": 85 }, "geometry": { "type": "Polygon", "coordinates": [ [ [ 72.8644644, 19.2768877 ], [ 72.8648186, 19.2767032 ], [ 72.8645129, 19.27626 ], [ 72.8641436, 19.2764887 ], [ 72.8644644, 19.2768877 ] ] ] } },
{ "type": "Feature", "properties": { "land_type": "Park", "source": "OpenStreetMap (Overpass, Dahisar extract)", "priority": 85 }, "geometry": { "type": "Polygon", "coordinates": [ [ [ 72.8638678, 19.2764771 ], [ 72.8643628, 19.2761262 ], [ 72.8640583, 19.2761086 ], [ 72.8637015, 19.2761597 ], [ 72.8633784, 19.2762338 ], [ 72.8635372, 19.2764383 ], [ 72.8637473, 19.2763078 ], [ 72.8638678, 19.2764771 ] ] ] } },
{ "type": "Feature", "properties": { "land_type": "Park", "source": "OpenStreetMap (Overpass, Dahisar extract)", "priority": 85 }, "geometry": { "type": "Polygon", "coordinates": [ [ [ 72.8627508, 19.277544 ], [ 72.8630093, 19.2778253 ], [ 72.8632488, 19.2776292 ], [ 72.8629904, 19.2773479 ], [ 72.8627508, 19.277544 ] ] ] } },
{ "type": "Feature", "properties": { "land_type": "Park", "source": "OpenStreetMap (Overpass, Dahisar extract)", "priority": 85 }, "geometry": { "type": "Polygon", "coordinates": [ [ [ 72.8608115, 19.275909 ], [ 72.8611842, 19.2762061 ], [ 72.8615631, 19.2758585 ], [ 72.8612438, 19.2755269 ], [ 72.8608115, 19.275909 ] ] ] } },
{ "type": "Feature", "properties": { "land_type": "Park", "source": "OpenStreetMap (Overpass, Dahisar extract)", "priority": 85 }, "geometry": { "type": "Polygon", "coordinates": [ [ [ 72.8585726, 19.2784981 ], [ 72.8587095, 19.2785536 ], [ 72.8587767, 19.2784007 ], [ 72.8591811, 19.2775538 ], [ 72.8590261, 19.277489 ], [ 72.8590155, 19.2775127 ], [ 72.8585726, 19.2784981 ] ] ] } },
{ "type": "Feature", "properties": { "land_type": "Park", "source": "OpenStreetMap (Overpass, Dahisar extract)", "priority": 85 }, "geometry": { "type": "Polygon", "coordinates": [ [ [ 72.8601927, 19.2768505 ], [ 72.8601518, 19.2768999 ], [ 72.8599783, 19.2771096 ], [ 72.8602445, 19.2773059 ], [ 72.860459, 19.2770469 ], [ 72.8601927, 19.2768505 ] ] ] } },
{ "type": "Feature", "properties": { "land_type": "Park", "source": "OpenStreetMap (Overpass, Dahisar extract)", "priority": 85 }, "geometry": { "type": "Polygon", "coordinates": [ [ [ 72.8590218, 19.2774431 ], [ 72.8592088, 19.277526 ], [ 72.8596917, 19.2767524 ], [ 72.8595665, 19.276668 ], [ 72.8590218, 19.2774431 ] ] ] } },
{ "type": "Feature", "properties": { "land_type": "Park", "source": "OpenStreetMap (Overpass, Dahisar extract)", "priority": 85 }, "geometry": { "type": "Polygon", "coordinates": [ [ [ 72.8602985, 19.2773139 ], [ 72.8606149, 19.2775381 ], [ 72.8607962, 19.2773101 ], [ 72.8604798, 19.2770859 ], [ 72.8602985, 19.2773139 ] ] ] } },
{ "type": "Feature", "properties": { "land_type": "Park", "source": "OpenStreetMap (Overpass, Dahisar extract)", "priority": 85 }, "geometry": { "type": "Polygon", "coordinates": [ [ [ 72.8604765, 19.2776722 ], [ 72.8606432, 19.2777815 ], [ 72.860723, 19.277673 ], [ 72.8605562, 19.2775638 ], [ 72.8604765, 19.2776722 ] ] ] } },
{ "type": "Feature", "properties": { "land_type": "Park", "source": "OpenStreetMap (Overpass, Dahisar extract)", "priority": 85 }, "geometry": { "type": "Polygon", "coordinates": [ [ [ 72.8591483, 19.279927 ], [ 72.8593334, 19.2799945 ], [ 72.8593599, 19.2799298 ], [ 72.8593641, 19.279895 ], [ 72.8593408, 19.279861 ], [ 72.8591968, 19.2798084 ], [ 72.8591483, 19.279927 ] ] ] } },
{ "type": "Feature", "properties": { "land_type": "Park", "source": "OpenStreetMap (Overpass, Dahisar extract)", "priority": 85 }, "geometry": { "type": "Polygon", "coordinates": [ [ [ 72.8585978, 19.2797182 ], [ 72.8587159, 19.2797637 ], [ 72.8587841, 19.2796142 ], [ 72.8586697, 19.2795623 ], [ 72.8586421, 19.2795676 ], [ 72.8585978, 19.2797182 ] ] ] } },
{ "type": "Feature", "properties": { "land_type": "Park", "source": "OpenStreetMap (Overpass, Dahisar extract)", "priority": 85 }, "geometry": { "type": "Polygon", "coordinates": [ [ [ 72.8586867, 19.2807688 ], [ 72.8589352, 19.2808032 ], [ 72.8590061, 19.2804091 ], [ 72.8587446, 19.2803686 ], [ 72.8586867, 19.2807688 ] ] ] } },
{ "type": "Feature", "properties": { "land_type": "Park", "source": "OpenStreetMap (Overpass, Dahisar extract)", "priority": 85 }, "geometry": { "type": "Polygon", "coordinates": [ [ [ 72.8587558, 19.2803121 ], [ 72.8590108, 19.2803597 ], [ 72.8590818, 19.2799551 ], [ 72.8588324, 19.2798951 ], [ 72.8587558, 19.2803121 ] ] ] } },
{ "type": "Feature", "properties": { "land_type": "Park", "source": "OpenStreetMap (Overpass, Dahisar extract)", "priority": 85 }, "geometry": { "type": "Polygon", "coordinates": [ [ [ 72.8614172, 19.2813691 ], [ 72.8615009, 19.2813974 ], [ 72.8616339, 19.2810875 ], [ 72.8613517, 19.2809863 ], [ 72.8612918, 19.2811824 ], [ 72.8612809, 19.2812182 ], [ 72.8614472, 19.2812577 ], [ 72.8614172, 19.2813691 ] ] ] } },
{ "type": "Feature", "properties": { "land_type": "Park", "source": "OpenStreetMap (Overpass, Dahisar extract)", "priority": 85 }, "geometry": { "type": "Polygon", "coordinates": [ [ [ 72.860448, 19.2810015 ], [ 72.8607285, 19.28107 ], [ 72.8610626, 19.2811516 ], [ 72.8611753, 19.280771 ], [ 72.8605748, 19.2805165 ], [ 72.860448, 19.2810015 ] ] ] } },
{ "type": "Feature", "properties": { "land_type": "Park", "source": "OpenStreetMap (Overpass, Dahisar extract)", "priority": 85 }, "geometry": { "type": "Polygon", "coordinates": [ [ [ 72.8617767, 19.2792555 ], [ 72.8614379, 19.2790643 ], [ 72.8613051, 19.2792739 ], [ 72.8616438, 19.2794652 ], [ 72.8616889, 19.2793941 ], [ 72.8617767, 19.2792555 ] ] ] } },
{ "type": "Feature", "properties": { "land_type": "Park", "source": "OpenStreetMap (Overpass, Dahisar extract)", "priority": 85 }, "geometry": { "type": "Polygon", "coordinates": [ [ [ 72.8614446, 19.2790542 ], [ 72.861786, 19.2792462 ], [ 72.8620022, 19.2789709 ], [ 72.8616208, 19.2787017 ], [ 72.8614446, 19.2790542 ] ] ] } },
{ "type": "Feature", "properties": { "land_type": "Park", "source": "OpenStreetMap (Overpass, Dahisar extract)", "priority": 85 }, "geometry": { "type": "Polygon", "coordinates": [ [ [ 72.8627266, 19.281815 ], [ 72.863075, 19.2820325 ], [ 72.863315, 19.2816946 ], [ 72.8629501, 19.2814771 ], [ 72.8627266, 19.281815 ] ] ] } },
{ "type": "Feature", "properties": { "land_type": "Park", "source": "OpenStreetMap (Overpass, Dahisar extract)", "priority": 85 }, "geometry": { "type": "Polygon", "coordinates": [ [ [ 72.8630787, 19.2820405 ], [ 72.8632198, 19.2821292 ], [ 72.8633157, 19.2821208 ], [ 72.8635272, 19.2818212 ], [ 72.8633177, 19.2816981 ], [ 72.8630787, 19.2820405 ] ] ] } },
{ "type": "Feature", "properties": { "land_type": "Park", "source": "OpenStreetMap (Overpass, Dahisar extract)", "priority": 85 }, "geometry": { "type": "Polygon", "coordinates": [ [ [ 72.8634452, 19.2801312 ], [ 72.8642459, 19.280587 ], [ 72.8643499, 19.2804928 ], [ 72.8636096, 19.2799004 ], [ 72.8634452, 19.2801312 ] ] ] } },
{ "type": "Feature", "properties": { "land_type": "Unknown", "source": "OpenStreetMap (Overpass, Dahisar extract)", "priority": 0 }, "geometry": { "type": "Polygon", "coordinates": [ [ [ 72.8628152, 19.2796727 ], [ 72.8635082, 19.2800315 ], [ 72.8636601, 19.2798229 ], [ 72.8630577, 19.2793011 ], [ 72.8628152, 19.2796727 ] ] ] } },
{ "type": "Feature", "properties": { "land_type": "Park", "source": "OpenStreetMap (Overpass, Dahisar extract)", "priority": 85 }, "geometry": { "type": "Polygon", "coordinates": [ [ [ 72.8622939, 19.2806152 ], [ 72.8623119, 19.2806253 ], [ 72.8624751, 19.2807164 ], [ 72.8625614, 19.2805675 ], [ 72.8625734, 19.2805739 ], [ 72.8629348, 19.2807641 ], [ 72.8631554, 19.2804175 ], [ 72.8628204, 19.280251 ], [ 72.8625515, 19.2801173 ], [ 72.8622939, 19.2806152 ] ] ] } },
{ "type": "Feature", "properties": { "land_type": "Unknown", "source": "OpenStreetMap (Overpass, Dahisar extract)", "priority": 0 }, "geometry": { "type": "Polygon", "coordinates": [ [ [ 72.8700402, 19.2697908 ], [ 72.8702016, 19.2707342 ], [ 72.8708424, 19.2706139 ], [ 72.8707362, 19.2697435 ], [ 72.8700402, 19.2697908 ] ] ] } },
{ "type": "Feature", "properties": { "land_type": "Residential", "source": "OpenStreetMap (Overpass, Dahisar extract)", "priority": 50 }, "geometry": { "type": "Polygon", "coordinates": [ [ [ 72.8593678, 19.2872104 ], [ 72.8593684, 19.2877162 ], [ 72.8595266, 19.2877125 ], [ 72.8596551, 19.2877095 ], [ 72.8596568, 19.287573 ], [ 72.8599405, 19.2875791 ], [ 72.8599778, 19.2872663 ], [ 72.8593678, 19.2872104 ] ] ] } },
{ "type": "Feature", "properties": { "land_type": "Residential", "source": "OpenStreetMap (Overpass, Dahisar extract)", "priority": 50 }, "geometry": { "type": "Polygon", "coordinates": [ [ [ 72.8737941, 19.2939138 ], [ 72.8739858, 19.2937126 ], [ 72.8739628, 19.293554 ], [ 72.8737609, 19.2932944 ], [ 72.8736863, 19.2932023 ], [ 72.8732852, 19.293311 ], [ 72.8730727, 19.2930977 ], [ 72.8728516, 19.2932521 ], [ 72.8733083, 19.2937679 ], [ 72.8734509, 19.2936462 ], [ 72.8734857, 19.2936908 ], [ 72.8735827, 19.2936369 ], [ 72.8737941, 19.2939138 ] ] ] } },
{ "type": "Feature", "properties": { "land_type": "Residential", "source": "OpenStreetMap (Overpass, Dahisar extract)", "priority": 50 }, "geometry": { "type": "Polygon", "coordinates": [ [ [ 72.8739472, 19.2719274 ], [ 72.8740186, 19.2722588 ], [ 72.8740178, 19.2724741 ], [ 72.8740251, 19.272604 ], [ 72.8740684, 19.2726908 ], [ 72.8745073, 19.2728957 ], [ 72.8747041, 19.2730041 ], [ 72.8748832, 19.2730183 ], [ 72.8750068, 19.2729579 ], [ 72.8750168, 19.2725546 ], [ 72.8749177, 19.2722347 ], [ 72.8748528, 19.2721548 ], [ 72.8747981, 19.2720189 ], [ 72.8743914, 19.2720145 ], [ 72.8739691, 19.2718545 ], [ 72.8739472, 19.2719274 ] ] ] } },
{ "type": "Feature", "properties": { "land_type": "Residential", "source": "OpenStreetMap (Overpass, Dahisar extract)", "priority": 50 }, "geometry": { "type": "Polygon", "coordinates": [ [ [ 72.8703127, 19.2943613 ], [ 72.8704893, 19.2945453 ], [ 72.8710381, 19.2941311 ], [ 72.87084, 19.2939229 ], [ 72.8703127, 19.2943613 ] ] ] } },
{ "type": "Feature", "properties": { "land_type": "Residential", "source": "OpenStreetMap (Overpass, Dahisar extract)", "priority": 50 }, "geometry": { "type": "Polygon", "coordinates": [ [ [ 72.8777304, 19.2797134 ], [ 72.8778856, 19.2798884 ], [ 72.8781641, 19.2798514 ], [ 72.8787973, 19.279376 ], [ 72.8787398, 19.2791793 ], [ 72.878632, 19.279059 ], [ 72.8777304, 19.2797134 ] ] ] } },
{ "type": "Feature", "properties": { "land_type": "Residential", "source": "OpenStreetMap (Overpass, Dahisar extract)", "priority": 50 }, "geometry": { "type": "Polygon", "coordinates": [ [ [ 72.8582383, 19.2933678 ], [ 72.8585988, 19.2935917 ], [ 72.858733, 19.2934778 ], [ 72.8588617, 19.2933397 ], [ 72.8589755, 19.2931901 ], [ 72.8591178, 19.292979 ], [ 72.8591124, 19.2929521 ], [ 72.858985, 19.2928677 ], [ 72.8587655, 19.2930097 ], [ 72.8585974, 19.2931261 ], [ 72.8583901, 19.2932732 ], [ 72.8582383, 19.2933678 ] ] ] } },
{ "type": "Feature", "properties": { "land_type": "Residential", "source": "OpenStreetMap (Overpass, Dahisar extract)", "priority": 50 }, "geometry": { "type": "Polygon", "coordinates": [ [ [ 72.8629555, 19.2833546 ], [ 72.8629563, 19.2833065 ], [ 72.862664, 19.2831631 ], [ 72.8624065, 19.2831639 ], [ 72.8624101, 19.283374 ], [ 72.8629555, 19.2833546 ] ] ] } },
{ "type": "Feature", "properties": { "land_type": "Residential", "source": "OpenStreetMap (Overpass, Dahisar extract)", "priority": 50 }, "geometry": { "type": "Polygon", "coordinates": [ [ [ 72.8627731, 19.2768962 ], [ 72.8623923, 19.2773145 ], [ 72.8626945, 19.2775562 ], [ 72.8631213, 19.2772121 ], [ 72.8627731, 19.2768962 ] ] ] } },
{ "type": "Feature", "properties": { "land_type": "Residential", "source": "OpenStreetMap (Overpass, Dahisar extract)", "priority": 50 }, "geometry": { "type": "Polygon", "coordinates": [ [ [ 72.8500313, 19.2934298 ], [ 72.8496524, 19.2933855 ], [ 72.8496328, 19.2934231 ], [ 72.8494048, 19.2934118 ], [ 72.8493376, 19.2939392 ], [ 72.8499581, 19.2940019 ], [ 72.8500313, 19.2934298 ] ] ] } },
{ "type": "Feature", "properties": { "land_type": "Residential", "source": "OpenStreetMap (Overpass, Dahisar extract)", "priority": 50 }, "geometry": { "type": "Polygon", "coordinates": [ [ [ 72.8668174, 19.2784519 ], [ 72.8670365, 19.2783405 ], [ 72.8668103, 19.2779996 ], [ 72.8665859, 19.2781312 ], [ 72.8668174, 19.2784519 ] ] ] } },
{ "type": "Feature", "properties": { "land_type": "Residential", "source": "OpenStreetMap (Overpass, Dahisar extract)", "priority": 50 }, "geometry": { "type": "Polygon", "coordinates": [ [ [ 72.8673326, 19.2945837 ], [ 72.8674155, 19.2945039 ], [ 72.8673594, 19.2944233 ], [ 72.8673507, 19.2943487 ], [ 72.8672614, 19.2943353 ], [ 72.8670821, 19.2943748 ], [ 72.8669551, 19.2943643 ], [ 72.8667217, 19.2942987 ], [ 72.8666119, 19.2947425 ], [ 72.8667351, 19.2947791 ], [ 72.867067, 19.2947604 ], [ 72.8671437, 19.2948305 ], [ 72.8672283, 19.2947722 ], [ 72.8672833, 19.2947996 ], [ 72.8673585, 19.2947406 ], [ 72.8673332, 19.2947033 ], [ 72.8673326, 19.2945837 ] ] ] } },
{ "type": "Feature", "properties": { "land_type": "Residential", "source": "OpenStreetMap (Overpass, Dahisar extract)", "priority": 50 }, "geometry": { "type": "Polygon", "coordinates": [ [ [ 72.8784244, 19.2849807 ], [ 72.8786967, 19.284763 ], [ 72.878238, 19.2842567 ], [ 72.8779711, 19.2844833 ], [ 72.8784244, 19.2849807 ] ] ] } },
{ "type": "Feature", "properties": { "land_type": "Residential", "source": "OpenStreetMap (Overpass, Dahisar extract)", "priority": 50 }, "geometry": { "type": "Polygon", "coordinates": [ [ [ 72.87126, 19.2866547 ], [ 72.8716855, 19.2863149 ], [ 72.8711826, 19.2857679 ], [ 72.8707832, 19.2860697 ], [ 72.8710879, 19.2864535 ], [ 72.87126, 19.2866547 ] ] ] } },
{ "type": "Feature", "properties": { "land_type": "Residential", "source": "OpenStreetMap (Overpass, Dahisar extract)", "priority": 50 }, "geometry": { "type": "Polygon", "coordinates": [ [ [ 72.8491805, 19.290375 ], [ 72.8491716, 19.289951 ], [ 72.8488979, 19.2899072 ], [ 72.8486707, 19.2899937 ], [ 72.8486751, 19.2900947 ], [ 72.8487622, 19.2902113 ], [ 72.8491805, 19.290375 ] ] ] } },
{ "type": "Feature", "properties": { "land_type": "Residential", "source": "OpenStreetMap (Overpass, Dahisar extract)", "priority": 50 }, "geometry": { "type": "Polygon", "coordinates": [ [ [ 72.8552006, 19.293208 ], [ 72.8555721, 19.2932409 ], [ 72.8555882, 19.2931713 ], [ 72.8556365, 19.2931789 ], [ 72.8556847, 19.2930243 ], [ 72.8554099, 19.2928447 ], [ 72.8552275, 19.2929991 ], [ 72.8552006, 19.293208 ] ] ] } },
{ "type": "Feature", "properties": { "land_type": "Residential", "source": "OpenStreetMap (Overpass, Dahisar extract)", "priority": 50 }, "geometry": { "type": "Polygon", "coordinates": [ [ [ 72.8568023, 19.291554 ], [ 72.85653, 19.2914844 ], [ 72.8564281, 19.2918198 ], [ 72.8564589, 19.2919046 ], [ 72.8566588, 19.2919553 ], [ 72.8568023, 19.291554 ] ] ] } },
{ "type": "Feature", "properties": { "land_type": "Residential", "source": "OpenStreetMap (Overpass, Dahisar extract)", "priority": 50 }, "geometry": { "type": "Polygon", "coordinates": [ [ [ 72.8585393, 19.2900637 ], [ 72.8585607, 19.2901232 ], [ 72.8585915, 19.2901161 ], [ 72.8586288, 19.2901075 ], [ 72.858731, 19.290084 ], [ 72.8587994, 19.2901144 ], [ 72.8589074, 19.2900943 ], [ 72.8593292, 19.2900156 ], [ 72.8591897, 19.2893422 ], [ 72.8586774, 19.2894726 ], [ 72.8587082, 19.2895308 ], [ 72.8587579, 19.2897245 ], [ 72.8587096, 19.2897346 ], [ 72.8587498, 19.2900144 ], [ 72.8585393, 19.2900637 ] ] ] } },
{ "type": "Feature", "properties": { "land_type": "Residential", "source": "OpenStreetMap (Overpass, Dahisar extract)", "priority": 50 }, "geometry": { "type": "Polygon", "coordinates": [ [ [ 72.8493332, 19.2904377 ], [ 72.8494444, 19.2904556 ], [ 72.8494759, 19.2904489 ], [ 72.8495044, 19.2904336 ], [ 72.8495206, 19.2904096 ], [ 72.8497208, 19.2898359 ], [ 72.8497416, 19.2897705 ], [ 72.8495452, 19.2897167 ], [ 72.8495144, 19.2897247 ], [ 72.8493973, 19.2897821 ], [ 72.8493488, 19.2898112 ], [ 72.8493373, 19.2898308 ], [ 72.8491871, 19.2903143 ], [ 72.849242, 19.2903491 ], [ 72.849352, 19.2903782 ], [ 72.8493332, 19.2904377 ] ] ] } },
{ "type": "Feature", "properties": { "land_type": "Residential", "source": "OpenStreetMap (Overpass, Dahisar extract)", "priority": 50 }, "geometry": { "type": "Polygon", "coordinates": [ [ [ 72.8592499, 19.2906645 ], [ 72.8594103, 19.2904896 ], [ 72.8593153, 19.2904037 ], [ 72.8591684, 19.2902922 ], [ 72.8589074, 19.2900943 ], [ 72.8587994, 19.2901144 ], [ 72.858731, 19.290084 ], [ 72.8585915, 19.2901161 ], [ 72.8592499, 19.2906645 ] ] ] } },
{ "type": "Feature", "properties": { "land_type": "Residential", "source": "OpenStreetMap (Overpass, Dahisar extract)", "priority": 50 }, "geometry": { "type": "Polygon", "coordinates": [ [ [ 72.8473958, 19.2943735 ], [ 72.8479108, 19.2944228 ], [ 72.8478277, 19.2940937 ], [ 72.847825, 19.294019 ], [ 72.847774, 19.2940254 ], [ 72.8475729, 19.2940671 ], [ 72.8473301, 19.2941583 ], [ 72.8473958, 19.2943735 ] ] ] } },
{ "type": "Feature", "properties": { "land_type": "Residential", "source": "OpenStreetMap (Overpass, Dahisar extract)", "priority": 50 }, "geometry": { "type": "Polygon", "coordinates": [ [ [ 72.8625355, 19.272694 ], [ 72.8621094, 19.2719433 ], [ 72.8618709, 19.2720493 ], [ 72.8613524, 19.2722808 ], [ 72.8617335, 19.2730405 ], [ 72.8625355, 19.272694 ] ] ] } },
{ "type": "Feature", "properties": { "land_type": "Residential", "source": "OpenStreetMap (Overpass, Dahisar extract)", "priority": 50 }, "geometry": { "type": "Polygon", "coordinates": [ [ [ 72.8510082, 19.2909839 ], [ 72.8512386, 19.2910324 ], [ 72.8511515, 19.2907415 ], [ 72.851083, 19.2907474 ], [ 72.8508853, 19.2902228 ], [ 72.8510818, 19.2901748 ], [ 72.8510967, 19.2901543 ], [ 72.851117, 19.2900392 ], [ 72.8511313, 19.2897584 ], [ 72.8511347, 19.2897341 ], [ 72.8510283, 19.2895429 ], [ 72.8510161, 19.2894767 ], [ 72.8508087, 19.2894652 ], [ 72.8507596, 19.2892648 ], [ 72.8505824, 19.2892299 ], [ 72.8502667, 19.2892721 ], [ 72.8502057, 19.2902007 ], [ 72.8504998, 19.2902672 ], [ 72.8504835, 19.2904642 ], [ 72.8505919, 19.2905051 ], [ 72.8506422, 19.2905799 ], [ 72.8507044, 19.2906726 ], [ 72.8507274, 19.2907353 ], [ 72.850867, 19.2907878 ], [ 72.8508643, 19.2909464 ], [ 72.8510082, 19.2909839 ] ] ] } },
{ "type": "Feature", "properties": { "land_type": "Residential", "source": "OpenStreetMap (Overpass, Dahisar extract)", "priority": 50 }, "geometry": { "type": "Polygon", "coordinates": [ [ [ 72.88088, 19.2842802 ], [ 72.880939, 19.2843544 ], [ 72.8810417, 19.2842901 ], [ 72.8810733, 19.2842853 ], [ 72.8811254, 19.2842923 ], [ 72.8812187, 19.2843103 ], [ 72.8812306, 19.2843126 ], [ 72.8813331, 19.2843427 ], [ 72.8814451, 19.2839971 ], [ 72.8813582, 19.2839653 ], [ 72.8811887, 19.2839149 ], [ 72.8811309, 19.2838583 ], [ 72.8811019, 19.2838985 ], [ 72.8811671, 19.2839836 ], [ 72.8811197, 19.2841194 ], [ 72.8811032, 19.2841478 ], [ 72.8810855, 19.2841622 ], [ 72.88088, 19.2842802 ] ] ] } },
{ "type": "Feature", "properties": { "land_type": "Residential", "source": "OpenStreetMap (Overpass, Dahisar extract)", "priority": 50 }, "geometry": { "type": "Polygon", "coordinates": [ [ [ 72.8714146, 19.2748462 ], [ 72.8717046, 19.2747283 ], [ 72.8714647, 19.2742025 ], [ 72.8711746, 19.2743204 ], [ 72.8714146, 19.2748462 ] ] ] } },
{ "type": "Feature", "properties": { "land_type": "Residential", "source": "OpenStreetMap (Overpass, Dahisar extract)", "priority": 50 }, "geometry": { "type": "Polygon", "coordinates": [ [ [ 72.872901, 19.2866961 ], [ 72.8727609, 19.2867292 ], [ 72.8727757, 19.2870679 ], [ 72.8737055, 19.2870339 ], [ 72.873687, 19.2866779 ], [ 72.8732683, 19.2866876 ], [ 72.872901, 19.2866961 ] ] ] } },
{ "type": "Feature", "properties": { "land_type": "Residential", "source": "OpenStreetMap (Overpass, Dahisar extract)", "priority": 50 }, "geometry": { "type": "Polygon", "coordinates": [ [ [ 72.8736166, 19.2857271 ], [ 72.8733127, 19.2854318 ], [ 72.8732282, 19.2854494 ], [ 72.8725228, 19.2859269 ], [ 72.873024, 19.2866132 ], [ 72.872901, 19.2866961 ], [ 72.8732683, 19.2866876 ], [ 72.873687, 19.2866779 ], [ 72.8736823, 19.2866066 ], [ 72.8736863, 19.2863277 ], [ 72.8735672, 19.2857759 ], [ 72.8736166, 19.2857271 ] ] ] } },
{ "type": "Feature", "properties": { "land_type": "Residential", "source": "OpenStreetMap (Overpass, Dahisar extract)", "priority": 50 }, "geometry": { "type": "Polygon", "coordinates": [ [ [ 72.8721928, 19.2776816 ], [ 72.8723336, 19.2776375 ], [ 72.8729083, 19.2775045 ], [ 72.8728586, 19.2773033 ], [ 72.8726917, 19.277343 ], [ 72.8725726, 19.2773254 ], [ 72.8725784, 19.277354 ], [ 72.8723122, 19.2774124 ], [ 72.872311, 19.2773188 ], [ 72.87222, 19.2773199 ], [ 72.872185, 19.2774797 ], [ 72.8721928, 19.2776816 ] ] ] } },
{ "type": "Feature", "properties": { "land_type": "Residential", "source": "OpenStreetMap (Overpass, Dahisar extract)", "priority": 50 }, "geometry": { "type": "Polygon", "coordinates": [ [ [ 72.8628779, 19.2915424 ], [ 72.8628557, 19.2915915 ], [ 72.8628953, 19.2916248 ], [ 72.8624144, 19.2921306 ], [ 72.86266, 19.292186 ], [ 72.8629222, 19.2922455 ], [ 72.8629343, 19.2922101 ], [ 72.8630214, 19.2922031 ], [ 72.8633045, 19.2921474 ], [ 72.8633723, 19.2915845 ], [ 72.863177, 19.2915677 ], [ 72.863114, 19.2916019 ], [ 72.8629691, 19.2916069 ], [ 72.8628779, 19.2915424 ] ] ] } },
{ "type": "Feature", "properties": { "land_type": "Residential", "source": "OpenStreetMap (Overpass, Dahisar extract)", "priority": 50 }, "geometry": { "type": "Polygon", "coordinates": [ [ [ 72.8828723, 19.2842328 ], [ 72.8828825, 19.2843015 ], [ 72.8828918, 19.2843643 ], [ 72.8828572, 19.2843694 ], [ 72.8828649, 19.2844538 ], [ 72.8828179, 19.2844988 ], [ 72.8828487, 19.2847533 ], [ 72.8830628, 19.2847191 ], [ 72.8830913, 19.2847475 ], [ 72.8836944, 19.2845185 ], [ 72.8833386, 19.2841142 ], [ 72.8836952, 19.2838336 ], [ 72.8836074, 19.2837333 ], [ 72.8833806, 19.2839179 ], [ 72.8831599, 19.2840975 ], [ 72.883183, 19.2841862 ], [ 72.8828723, 19.2842328 ] ] ] } },
{ "type": "Feature", "properties": { "land_type": "Residential", "source": "OpenStreetMap (Overpass, Dahisar extract)", "priority": 50 }, "geometry": { "type": "Polygon", "coordinates": [ [ [ 72.8814177, 19.2813302 ], [ 72.8810998, 19.2817046 ], [ 72.8811704, 19.2818264 ], [ 72.8817744, 19.2819607 ], [ 72.881909, 19.2818056 ], [ 72.8814935, 19.2814351 ], [ 72.8815099, 19.2814135 ], [ 72.8814177, 19.2813302 ] ] ] } },
{ "type": "Feature", "properties": { "land_type": "Residential", "source": "OpenStreetMap (Overpass, Dahisar extract)", "priority": 50 }, "geometry": { "type": "Polygon", "coordinates": [ [ [ 72.87126, 19.2866547 ], [ 72.8710879, 19.2864535 ], [ 72.8707832, 19.2860697 ], [ 72.8702125, 19.2864511 ], [ 72.8704817, 19.286797 ], [ 72.8706475, 19.2866994 ], [ 72.8708378, 19.2869399 ], [ 72.87126, 19.2866547 ] ] ] } },
{ "type": "Feature", "properties": { "land_type": "Residential", "source": "OpenStreetMap (Overpass, Dahisar extract)", "priority": 50 }, "geometry": { "type": "Polygon", "coordinates": [ [ [ 72.8665578, 19.2862244 ], [ 72.8669188, 19.286446 ], [ 72.8670603, 19.2862288 ], [ 72.8670014, 19.286093 ], [ 72.8666887, 19.2860295 ], [ 72.8665578, 19.2862244 ] ] ] } },
{ "type": "Feature", "properties": { "land_type": "Residential", "source": "OpenStreetMap (Overpass, Dahisar extract)", "priority": 50 }, "geometry": { "type": "Polygon", "coordinates": [ [ [ 72.8706625, 19.2780962 ], [ 72.8706184, 19.2779584 ], [ 72.8705883, 19.2778391 ], [ 72.8696304, 19.2777208 ], [ 72.8694555, 19.2784588 ], [ 72.869305, 19.2791645 ], [ 72.8702863, 19.2793842 ], [ 72.8706143, 19.279456 ], [ 72.8709129, 19.2795226 ], [ 72.870807, 19.2787132 ], [ 72.8707369, 19.2783047 ], [ 72.8706625, 19.2780962 ] ] ] } },
{ "type": "Feature", "properties": { "land_type": "Residential", "source": "OpenStreetMap (Overpass, Dahisar extract)", "priority": 50 }, "geometry": { "type": "Polygon", "coordinates": [ [ [ 72.8757379, 19.2817024 ], [ 72.8754871, 19.281815 ], [ 72.8757205, 19.2822771 ], [ 72.8757929, 19.2822682 ], [ 72.8758452, 19.2822442 ], [ 72.8759873, 19.2821644 ], [ 72.8759726, 19.2821333 ], [ 72.8759558, 19.2821424 ], [ 72.8757352, 19.2817451 ], [ 72.875754, 19.2817385 ], [ 72.8757379, 19.2817024 ] ] ] } },
{ "type": "Feature", "properties": { "land_type": "Residential", "source": "OpenStreetMap (Overpass, Dahisar extract)", "priority": 50 }, "geometry": { "type": "Polygon", "coordinates": [ [ [ 72.8510226, 19.29432 ], [ 72.8509712, 19.2940919 ], [ 72.8505066, 19.2941668 ], [ 72.8504797, 19.2944059 ], [ 72.8510226, 19.29432 ] ] ] } },
{ "type": "Feature", "properties": { "land_type": "Residential", "source": "OpenStreetMap (Overpass, Dahisar extract)", "priority": 50 }, "geometry": { "type": "Polygon", "coordinates": [ [ [ 72.8668124, 19.2810756 ], [ 72.8670077, 19.28126 ], [ 72.867849, 19.2804947 ], [ 72.8676444, 19.2803028 ], [ 72.8674875, 19.2804408 ], [ 72.8674503, 19.2803994 ], [ 72.8673985, 19.2804546 ], [ 72.867437, 19.2804922 ], [ 72.8668124, 19.2810756 ] ] ] } },
{ "type": "Feature", "properties": { "land_type": "Residential", "source": "OpenStreetMap (Overpass, Dahisar extract)", "priority": 50 }, "geometry": { "type": "Polygon", "coordinates": [ [ [ 72.866167, 19.2804241 ], [ 72.8668124, 19.2810756 ], [ 72.867437, 19.2804922 ], [ 72.8673985, 19.2804546 ], [ 72.8670911, 19.2801607 ], [ 72.8667684, 19.2798516 ], [ 72.866167, 19.2804241 ] ] ] } },
{ "type": "Feature", "properties": { "land_type": "Residential", "source": "OpenStreetMap (Overpass, Dahisar extract)", "priority": 50 }, "geometry": { "type": "Polygon", "coordinates": [ [ [ 72.8680644, 19.2792474 ], [ 72.8679741, 19.2795756 ], [ 72.8682335, 19.2798666 ], [ 72.8683764, 19.279329 ], [ 72.8680644, 19.2792474 ] ] ] } },
{ "type": "Feature", "properties": { "land_type": "Residential", "source": "OpenStreetMap (Overpass, Dahisar extract)", "priority": 50 }, "geometry": { "type": "Polygon", "coordinates": [ [ [ 72.8677279, 19.279345 ], [ 72.8679741, 19.2795756 ], [ 72.8680644, 19.2792474 ], [ 72.8677655, 19.2791871 ], [ 72.8677279, 19.279345 ] ] ] } },
{ "type": "Feature", "properties": { "land_type": "Residential", "source": "OpenStreetMap (Overpass, Dahisar extract)", "priority": 50 }, "geometry": { "type": "Polygon", "coordinates": [ [ [ 72.8682335, 19.2798666 ], [ 72.8684816, 19.2801398 ], [ 72.8685764, 19.2797612 ], [ 72.8686696, 19.2793893 ], [ 72.8683764, 19.279329 ], [ 72.8682335, 19.2798666 ] ] ] } },
{ "type": "Feature", "properties": { "land_type": "Residential", "source": "OpenStreetMap (Overpass, Dahisar extract)", "priority": 50 }, "geometry": { "type": "Polygon", "coordinates": [ [ [ 72.8684816, 19.2801398 ], [ 72.8687191, 19.2802425 ], [ 72.8688293, 19.2798208 ], [ 72.8685764, 19.2797612 ], [ 72.8684816, 19.2801398 ] ] ] } },
{ "type": "Feature", "properties": { "land_type": "Residential", "source": "OpenStreetMap (Overpass, Dahisar extract)", "priority": 50 }, "geometry": { "type": "Polygon", "coordinates": [ [ [ 72.8688293, 19.2798208 ], [ 72.8689203, 19.2794501 ], [ 72.8686696, 19.2793893 ], [ 72.8685764, 19.2797612 ], [ 72.8688293, 19.2798208 ] ] ] } },
{ "type": "Feature", "properties": { "land_type": "Residential", "source": "OpenStreetMap (Overpass, Dahisar extract)", "priority": 50 }, "geometry": { "type": "Polygon", "coordinates": [ [ [ 72.8687771, 19.2803566 ], [ 72.8690334, 19.2804215 ], [ 72.8691452, 19.2799131 ], [ 72.8692514, 19.2795028 ], [ 72.8690097, 19.2794488 ], [ 72.8688917, 19.2799076 ], [ 72.8688479, 19.2800767 ], [ 72.8687771, 19.2803566 ] ] ] } },
{ "type": "Feature", "properties": { "land_type": "Residential", "source": "OpenStreetMap (Overpass, Dahisar extract)", "priority": 50 }, "geometry": { "type": "Polygon", "coordinates": [ [ [ 72.8687702, 19.2804656 ], [ 72.8692602, 19.2809743 ], [ 72.8694388, 19.2808446 ], [ 72.8691385, 19.2805328 ], [ 72.8688034, 19.2804298 ], [ 72.8687702, 19.2804656 ] ] ] } },
{ "type": "Feature", "properties": { "land_type": "Residential", "source": "OpenStreetMap (Overpass, Dahisar extract)", "priority": 50 }, "geometry": { "type": "Polygon", "coordinates": [ [ [ 72.874643, 19.2814638 ], [ 72.8754208, 19.2808613 ], [ 72.875339, 19.2807537 ], [ 72.8750963, 19.2807233 ], [ 72.8751191, 19.2808435 ], [ 72.8748817, 19.2810068 ], [ 72.8746122, 19.2811524 ], [ 72.8744713, 19.2812018 ], [ 72.8744781, 19.281217 ], [ 72.8745156, 19.2813031 ], [ 72.8745558, 19.2812904 ], [ 72.874643, 19.2814638 ] ] ] } },
{ "type": "Feature", "properties": { "land_type": "Residential", "source": "OpenStreetMap (Overpass, Dahisar extract)", "priority": 50 }, "geometry": { "type": "Polygon", "coordinates": [ [ [ 72.8604184, 19.2878242 ], [ 72.8601745, 19.2876771 ], [ 72.8600295, 19.2878127 ], [ 72.8596551, 19.2877095 ], [ 72.8595266, 19.2877125 ], [ 72.8595524, 19.2879163 ], [ 72.8596866, 19.288043 ], [ 72.8598018, 19.2881287 ], [ 72.8599969, 19.2881862 ], [ 72.8600281, 19.2881274 ], [ 72.8603737, 19.2881235 ], [ 72.8603859, 19.2879995 ], [ 72.8604184, 19.2878242 ] ] ] } },
{ "type": "Feature", "properties": { "land_type": "Residential", "source": "OpenStreetMap (Overpass, Dahisar extract)", "priority": 50 }, "geometry": { "type": "Polygon", "coordinates": [ [ [ 72.8775394, 19.2792438 ], [ 72.8774852, 19.2790494 ], [ 72.8776776, 19.2790264 ], [ 72.8776668, 19.2788166 ], [ 72.8773321, 19.278823 ], [ 72.8772711, 19.2788217 ], [ 72.8772277, 19.2784814 ], [ 72.8768022, 19.2785403 ], [ 72.8766775, 19.2787731 ], [ 72.8767832, 19.2790929 ], [ 72.8769729, 19.2793449 ], [ 72.876901, 19.2794366 ], [ 72.8770393, 19.2796046 ], [ 72.8775394, 19.2792438 ] ] ] } },
{ "type": "Feature", "properties": { "land_type": "Residential", "source": "OpenStreetMap (Overpass, Dahisar extract)", "priority": 50 }, "geometry": { "type": "Polygon", "coordinates": [ [ [ 72.8695173, 19.2741945 ], [ 72.8691457, 19.2735881 ], [ 72.8686316, 19.272949 ], [ 72.8682956, 19.2724823 ], [ 72.8677173, 19.2729737 ], [ 72.8679266, 19.2732344 ], [ 72.8673666, 19.2736855 ], [ 72.867148, 19.2735091 ], [ 72.866525, 19.2738555 ], [ 72.8671864, 19.2750345 ], [ 72.867356, 19.2752682 ], [ 72.8675814, 19.2753411 ], [ 72.8678235, 19.275269 ], [ 72.8681755, 19.2750783 ], [ 72.8683908, 19.2749414 ], [ 72.8695173, 19.2741945 ] ] ] } },
{ "type": "Feature", "properties": { "land_type": "Residential", "source": "OpenStreetMap (Overpass, Dahisar extract)", "priority": 50 }, "geometry": { "type": "Polygon", "coordinates": [ [ [ 72.8801376, 19.270003 ], [ 72.8806675, 19.2703284 ], [ 72.8809483, 19.2699607 ], [ 72.8810934, 19.2699469 ], [ 72.8811328, 19.2698841 ], [ 72.8811288, 19.2698333 ], [ 72.8810762, 19.2697885 ], [ 72.8811258, 19.2697736 ], [ 72.8811627, 19.2697649 ], [ 72.8811698, 19.2697589 ], [ 72.8811686, 19.2697515 ], [ 72.8811168, 19.2696754 ], [ 72.8811919, 19.2695331 ], [ 72.8811054, 19.2694797 ], [ 72.8809982, 19.2694186 ], [ 72.8808182, 19.2693331 ], [ 72.8808328, 19.269312 ], [ 72.8807612, 19.2692804 ], [ 72.880531, 19.2691812 ], [ 72.8801376, 19.270003 ] ] ] } },
{ "type": "Feature", "properties": { "land_type": "Residential", "source": "OpenStreetMap (Overpass, Dahisar extract)", "priority": 50 }, "geometry": { "type": "Polygon", "coordinates": [ [ [ 72.856163, 19.2946049 ], [ 72.856079, 19.294411 ], [ 72.8558688, 19.2943478 ], [ 72.8557412, 19.2945476 ], [ 72.8558501, 19.2947445 ], [ 72.856163, 19.2946049 ] ] ] } },
{ "type": "Feature", "properties": { "land_type": "Unknown", "source": "OpenStreetMap (Overpass, Dahisar extract)", "priority": 0 }, "geometry": { "type": "Polygon", "coordinates": [ [ [ 72.8558501, 19.2947445 ], [ 72.8559451, 19.2949061 ], [ 72.8562611, 19.2947724 ], [ 72.856163, 19.2946049 ], [ 72.8558501, 19.2947445 ] ] ] } },
{ "type": "Feature", "properties": { "land_type": "Residential", "source": "OpenStreetMap (Overpass, Dahisar extract)", "priority": 50 }, "geometry": { "type": "Polygon", "coordinates": [ [ [ 72.8676361, 19.2713695 ], [ 72.8678714, 19.2716401 ], [ 72.8685658, 19.2723575 ], [ 72.8689663, 19.2717742 ], [ 72.86937, 19.2711018 ], [ 72.8695385, 19.2708569 ], [ 72.869771, 19.2704868 ], [ 72.8693293, 19.2701271 ], [ 72.8692239, 19.2700526 ], [ 72.8688273, 19.2702762 ], [ 72.8680794, 19.270912 ], [ 72.8676361, 19.2713695 ] ] ] } },
{ "type": "Feature", "properties": { "land_type": "Residential", "source": "OpenStreetMap (Overpass, Dahisar extract)", "priority": 50 }, "geometry": { "type": "Polygon", "coordinates": [ [ [ 72.8708442, 19.2906224 ], [ 72.8709488, 19.2907869 ], [ 72.8711647, 19.2907236 ], [ 72.8712331, 19.2902907 ], [ 72.8712345, 19.2900274 ], [ 72.8710575, 19.290011 ], [ 72.8710145, 19.2896894 ], [ 72.8708415, 19.2897224 ], [ 72.8707222, 19.2898224 ], [ 72.8707973, 19.2900072 ], [ 72.8708335, 19.2900844 ], [ 72.8708174, 19.2901844 ], [ 72.8708845, 19.2902262 ], [ 72.870914, 19.2903856 ], [ 72.8708442, 19.2906224 ] ] ] } },
{ "type": "Feature", "properties": { "land_type": "Forest", "source": "OpenStreetMap (Overpass, Dahisar extract)", "priority": 90 }, "geometry": { "type": "Polygon", "coordinates": [ [ [ 72.8779163, 19.2910474 ], [ 72.8782878, 19.2914803 ], [ 72.8783642, 19.2916271 ], [ 72.8787008, 19.2920005 ], [ 72.8789731, 19.2916524 ], [ 72.8783038, 19.2908601 ], [ 72.8782435, 19.2907968 ], [ 72.8782113, 19.2907968 ], [ 72.8781778, 19.2908006 ], [ 72.8779163, 19.2910474 ] ] ] } },
{ "type": "Feature", "properties": { "land_type": "Residential", "source": "OpenStreetMap (Overpass, Dahisar extract)", "priority": 50 }, "geometry": { "type": "Polygon", "coordinates": [ [ [ 72.8602715, 19.2932169 ], [ 72.8602956, 19.2931865 ], [ 72.8603399, 19.2932182 ], [ 72.8606403, 19.2928878 ], [ 72.86036, 19.2926777 ], [ 72.8603184, 19.2927182 ], [ 72.8600905, 19.2925617 ], [ 72.8600397, 19.2925685 ], [ 72.8598718, 19.2927443 ], [ 72.8599002, 19.2928659 ], [ 72.8599498, 19.2929343 ], [ 72.8602715, 19.2932169 ] ] ] } },
{ "type": "Feature", "properties": { "land_type": "Residential", "source": "OpenStreetMap (Overpass, Dahisar extract)", "priority": 50 }, "geometry": { "type": "Polygon", "coordinates": [ [ [ 72.8799395, 19.2671072 ], [ 72.8800987, 19.2673064 ], [ 72.8799324, 19.2674583 ], [ 72.8799525, 19.2675077 ], [ 72.8799914, 19.2676035 ], [ 72.8803387, 19.2681297 ], [ 72.8805178, 19.2683176 ], [ 72.8806494, 19.2682162 ], [ 72.8805529, 19.2680947 ], [ 72.8806512, 19.2680964 ], [ 72.8808374, 19.2675887 ], [ 72.8809719, 19.2671678 ], [ 72.8810946, 19.2667045 ], [ 72.8811505, 19.2663865 ], [ 72.8811649, 19.2662663 ], [ 72.8808993, 19.2660249 ], [ 72.8808358, 19.266099 ], [ 72.880669, 19.2662937 ], [ 72.8805431, 19.2664406 ], [ 72.880421, 19.2665616 ], [ 72.8800082, 19.2670111 ], [ 72.8799395, 19.2671072 ] ] ] } },
{ "type": "Feature", "properties": { "land_type": "Residential", "source": "OpenStreetMap (Overpass, Dahisar extract)", "priority": 50 }, "geometry": { "type": "Polygon", "coordinates": [ [ [ 72.8805722, 19.2805558 ], [ 72.88039, 19.2803602 ], [ 72.8803226, 19.2803578 ], [ 72.8798509, 19.2806523 ], [ 72.8799458, 19.2809793 ], [ 72.8800273, 19.2810605 ], [ 72.8803307, 19.281117 ], [ 72.8803246, 19.2809691 ], [ 72.8803548, 19.2808116 ], [ 72.8803778, 19.2807136 ], [ 72.8804681, 19.2806365 ], [ 72.8805722, 19.2805558 ] ] ] } },
{ "type": "Feature", "properties": { "land_type": "Residential", "source": "OpenStreetMap (Overpass, Dahisar extract)", "priority": 50 }, "geometry": { "type": "Polygon", "coordinates": [ [ [ 72.8758595, 19.269535 ], [ 72.8755292, 19.2694983 ], [ 72.8753774, 19.2698963 ], [ 72.875713, 19.2699728 ], [ 72.8757929, 19.269712 ], [ 72.8758206, 19.2696149 ], [ 72.8758563, 19.2695963 ], [ 72.8758595, 19.269535 ] ] ] } },
{ "type": "Feature", "properties": { "land_type": "Residential", "source": "OpenStreetMap (Overpass, Dahisar extract)", "priority": 50 }, "geometry": { "type": "Polygon", "coordinates": [ [ [ 72.8730776, 19.2949188 ], [ 72.8730444, 19.2948786 ], [ 72.8730911, 19.2947939 ], [ 72.873149, 19.2946888 ], [ 72.8731507, 19.2945939 ], [ 72.8730675, 19.2944786 ], [ 72.8731134, 19.2944339 ], [ 72.8728798, 19.294206 ], [ 72.8726125, 19.2944283 ], [ 72.8726927, 19.2945892 ], [ 72.8727391, 19.2946822 ], [ 72.8728118, 19.2950179 ], [ 72.8728623, 19.2950956 ], [ 72.8730776, 19.2949188 ] ] ] } },
{ "type": "Feature", "properties": { "land_type": "Residential", "source": "OpenStreetMap (Overpass, Dahisar extract)", "priority": 50 }, "geometry": { "type": "Polygon", "coordinates": [ [ [ 72.8721951, 19.2943255 ], [ 72.8723706, 19.2945016 ], [ 72.8723013, 19.2945776 ], [ 72.8724209, 19.2947084 ], [ 72.8726927, 19.2945892 ], [ 72.8726125, 19.2944283 ], [ 72.872365, 19.2941673 ], [ 72.8721951, 19.2943255 ] ] ] } },
{ "type": "Feature", "properties": { "land_type": "Residential", "source": "OpenStreetMap (Overpass, Dahisar extract)", "priority": 50 }, "geometry": { "type": "Polygon", "coordinates": [ [ [ 72.872365, 19.2941673 ], [ 72.8726125, 19.2944283 ], [ 72.8728798, 19.294206 ], [ 72.8731134, 19.2944339 ], [ 72.8732513, 19.2945621 ], [ 72.8732795, 19.2945483 ], [ 72.8734133, 19.2946767 ], [ 72.8736098, 19.2945044 ], [ 72.8733267, 19.2942034 ], [ 72.8728815, 19.2936916 ], [ 72.872365, 19.2941673 ] ] ] } },
{ "type": "Feature", "properties": { "land_type": "Residential", "source": "OpenStreetMap (Overpass, Dahisar extract)", "priority": 50 }, "geometry": { "type": "Polygon", "coordinates": [ [ [ 72.8721414, 19.2936785 ], [ 72.8724243, 19.2940097 ], [ 72.8728068, 19.29368 ], [ 72.8725365, 19.2933862 ], [ 72.8721414, 19.2936785 ] ] ] } },
{ "type": "Feature", "properties": { "land_type": "Residential", "source": "OpenStreetMap (Overpass, Dahisar extract)", "priority": 50 }, "geometry": { "type": "Polygon", "coordinates": [ [ [ 72.8636125, 19.2836353 ], [ 72.863891, 19.2839894 ], [ 72.8641434, 19.2841742 ], [ 72.8647861, 19.2842955 ], [ 72.8648586, 19.2843092 ], [ 72.865041, 19.2843495 ], [ 72.8652244, 19.2838563 ], [ 72.864381, 19.2836478 ], [ 72.8636786, 19.2835439 ], [ 72.8636125, 19.2836353 ] ] ] } },
{ "type": "Feature", "properties": { "land_type": "Residential", "source": "OpenStreetMap (Overpass, Dahisar extract)", "priority": 50 }, "geometry": { "type": "Polygon", "coordinates": [ [ [ 72.8516166, 19.2928744 ], [ 72.8516135, 19.2923093 ], [ 72.851466, 19.2922704 ], [ 72.8512318, 19.2923903 ], [ 72.8510136, 19.2924139 ], [ 72.8509701, 19.2924341 ], [ 72.8509046, 19.2924645 ], [ 72.8510065, 19.2928291 ], [ 72.8516166, 19.2928744 ] ] ] } },
{ "type": "Feature", "properties": { "land_type": "Residential", "source": "OpenStreetMap (Overpass, Dahisar extract)", "priority": 50 }, "geometry": { "type": "Polygon", "coordinates": [ [ [ 72.872596, 19.2695702 ], [ 72.872646, 19.2695837 ], [ 72.8729107, 19.2695997 ], [ 72.8731369, 19.2695972 ], [ 72.873262, 19.2695685 ], [ 72.8733139, 19.2695575 ], [ 72.8733023, 19.2695297 ], [ 72.8733166, 19.2694478 ], [ 72.87333, 19.2693153 ], [ 72.8732039, 19.269322 ], [ 72.8731852, 19.2693077 ], [ 72.8729876, 19.2693212 ], [ 72.8728311, 19.2692959 ], [ 72.872697, 19.269252 ], [ 72.8725691, 19.2692081 ], [ 72.872596, 19.2695702 ] ] ] } },
{ "type": "Feature", "properties": { "land_type": "Residential", "source": "OpenStreetMap (Overpass, Dahisar extract)", "priority": 50 }, "geometry": { "type": "Polygon", "coordinates": [ [ [ 72.8530918, 19.2948978 ], [ 72.8531284, 19.2941739 ], [ 72.8528593, 19.2941831 ], [ 72.8528471, 19.2948904 ], [ 72.8530918, 19.2948978 ] ] ] } },
{ "type": "Feature", "properties": { "land_type": "Residential", "source": "OpenStreetMap (Overpass, Dahisar extract)", "priority": 50 }, "geometry": { "type": "Polygon", "coordinates": [ [ [ 72.8639594, 19.2843442 ], [ 72.8639573, 19.2846886 ], [ 72.8639153, 19.2848726 ], [ 72.864272, 19.2849207 ], [ 72.8642953, 19.2843468 ], [ 72.8639594, 19.2843442 ] ] ] } },
{ "type": "Feature", "properties": { "land_type": "Residential", "source": "OpenStreetMap (Overpass, Dahisar extract)", "priority": 50 }, "geometry": { "type": "Polygon", "coordinates": [ [ [ 72.8558589, 19.2923618 ], [ 72.8553933, 19.2923577 ], [ 72.8553671, 19.2925857 ], [ 72.8551493, 19.2925574 ], [ 72.8551326, 19.2926454 ], [ 72.8554115, 19.2926731 ], [ 72.8554099, 19.2928447 ], [ 72.8556847, 19.2930243 ], [ 72.8558765, 19.2926014 ], [ 72.8558589, 19.2923618 ] ] ] } },
{ "type": "Feature", "properties": { "land_type": "Residential", "source": "OpenStreetMap (Overpass, Dahisar extract)", "priority": 50 }, "geometry": { "type": "Polygon", "coordinates": [ [ [ 72.8709615, 19.2739853 ], [ 72.8704377, 19.2742041 ], [ 72.8705577, 19.2744578 ], [ 72.871077, 19.2742594 ], [ 72.8709615, 19.2739853 ] ] ] } },
{ "type": "Feature", "properties": { "land_type": "Residential", "source": "OpenStreetMap (Overpass, Dahisar extract)", "priority": 50 }, "geometry": { "type": "Polygon", "coordinates": [ [ [ 72.8704284, 19.2712191 ], [ 72.8701455, 19.2712516 ], [ 72.8701769, 19.2714605 ], [ 72.8706933, 19.2719177 ], [ 72.8713133, 19.2713605 ], [ 72.871209, 19.2712668 ], [ 72.8706124, 19.271221 ], [ 72.8704284, 19.2712191 ] ] ] } },
{ "type": "Feature", "properties": { "land_type": "Residential", "source": "OpenStreetMap (Overpass, Dahisar extract)", "priority": 50 }, "geometry": { "type": "Polygon", "coordinates": [ [ [ 72.8630542, 19.284792 ], [ 72.8639379, 19.2858509 ], [ 72.8642043, 19.2857261 ], [ 72.8638153, 19.2852163 ], [ 72.8639716, 19.2849381 ], [ 72.8638626, 19.284777 ], [ 72.8639455, 19.2846918 ], [ 72.8639525, 19.2844853 ], [ 72.8639234, 19.2842161 ], [ 72.8638715, 19.2840919 ], [ 72.8630542, 19.284792 ] ] ] } },
{ "type": "Feature", "properties": { "land_type": "Residential", "source": "OpenStreetMap (Overpass, Dahisar extract)", "priority": 50 }, "geometry": { "type": "Polygon", "coordinates": [ [ [ 72.8737398, 19.2819478 ], [ 72.8738596, 19.2819747 ], [ 72.8741477, 19.2818088 ], [ 72.8742626, 19.281728 ], [ 72.8742423, 19.2816848 ], [ 72.874044, 19.2812303 ], [ 72.8736227, 19.2813296 ], [ 72.873507, 19.2814359 ], [ 72.873649, 19.2817599 ], [ 72.873605, 19.2819602 ], [ 72.8736807, 19.2820156 ], [ 72.8737398, 19.2819478 ] ] ] } },
{ "type": "Feature", "properties": { "land_type": "Residential", "source": "OpenStreetMap (Overpass, Dahisar extract)", "priority": 50 }, "geometry": { "type": "Polygon", "coordinates": [ [ [ 72.8672169, 19.2933252 ], [ 72.8667348, 19.2936946 ], [ 72.8673336, 19.2943297 ], [ 72.8677778, 19.2940111 ], [ 72.8672169, 19.2933252 ] ] ] } },
{ "type": "Feature", "properties": { "land_type": "Residential", "source": "OpenStreetMap (Overpass, Dahisar extract)", "priority": 50 }, "geometry": { "type": "Polygon", "coordinates": [ [ [ 72.8577632, 19.2832877 ], [ 72.8574699, 19.2832633 ], [ 72.8575262, 19.2827805 ], [ 72.8571811, 19.2827341 ], [ 72.8570443, 19.2835721 ], [ 72.8573912, 19.283627 ], [ 72.8574431, 19.2834076 ], [ 72.8577033, 19.2834709 ], [ 72.8577632, 19.2832877 ] ] ] } },
{ "type": "Feature", "properties": { "land_type": "Residential", "source": "OpenStreetMap (Overpass, Dahisar extract)", "priority": 50 }, "geometry": { "type": "Polygon", "coordinates": [ [ [ 72.8558283, 19.2943141 ], [ 72.8558369, 19.2940584 ], [ 72.855738, 19.2940753 ], [ 72.8556407, 19.2939005 ], [ 72.8552617, 19.2937998 ], [ 72.8552214, 19.2938205 ], [ 72.8551482, 19.2946178 ], [ 72.855468, 19.29463 ], [ 72.8554904, 19.2943027 ], [ 72.8558283, 19.2943141 ] ] ] } },
{ "type": "Feature", "properties": { "land_type": "Residential", "source": "OpenStreetMap (Overpass, Dahisar extract)", "priority": 50 }, "geometry": { "type": "Polygon", "coordinates": [ [ [ 72.8639039, 19.2863434 ], [ 72.8637242, 19.2861712 ], [ 72.8637573, 19.2861375 ], [ 72.8635678, 19.2860236 ], [ 72.8633085, 19.2862793 ], [ 72.8636026, 19.2864919 ], [ 72.8637671, 19.2863316 ], [ 72.863844, 19.2864042 ], [ 72.8639039, 19.2863434 ] ] ] } },
{ "type": "Feature", "properties": { "land_type": "Residential", "source": "OpenStreetMap (Overpass, Dahisar extract)", "priority": 50 }, "geometry": { "type": "Polygon", "coordinates": [ [ [ 72.8806609, 19.2645146 ], [ 72.8805844, 19.2645032 ], [ 72.8804798, 19.2644791 ], [ 72.8803712, 19.2644779 ], [ 72.8802773, 19.2644893 ], [ 72.8802196, 19.2645045 ], [ 72.8801968, 19.2645247 ], [ 72.8801593, 19.2645893 ], [ 72.8801459, 19.2647311 ], [ 72.8801231, 19.2649792 ], [ 72.8803994, 19.2651159 ], [ 72.8806609, 19.2645146 ] ] ] } },
{ "type": "Feature", "properties": { "land_type": "Residential", "source": "OpenStreetMap (Overpass, Dahisar extract)", "priority": 50 }, "geometry": { "type": "Polygon", "coordinates": [ [ [ 72.8566024, 19.2928683 ], [ 72.8566661, 19.2928848 ], [ 72.8567026, 19.2933246 ], [ 72.8570067, 19.2933028 ], [ 72.8570601, 19.293046 ], [ 72.8573038, 19.293031 ], [ 72.8574599, 19.2929555 ], [ 72.8575038, 19.2927919 ], [ 72.8571793, 19.2925908 ], [ 72.8570758, 19.2927 ], [ 72.8569722, 19.2927937 ], [ 72.8566121, 19.2928052 ], [ 72.8566024, 19.2928683 ] ] ] } },
{ "type": "Feature", "properties": { "land_type": "Residential", "source": "OpenStreetMap (Overpass, Dahisar extract)", "priority": 50 }, "geometry": { "type": "Polygon", "coordinates": [ [ [ 72.8632963, 19.2902204 ], [ 72.8633781, 19.2901841 ], [ 72.8633185, 19.2901249 ], [ 72.8633129, 19.2899568 ], [ 72.8633981, 19.2898795 ], [ 72.8634623, 19.2898167 ], [ 72.8634388, 19.2895783 ], [ 72.8629945, 19.2895261 ], [ 72.8629885, 19.2895254 ], [ 72.8629539, 19.2899467 ], [ 72.8632491, 19.2899551 ], [ 72.8632963, 19.2902204 ] ] ] } },
{ "type": "Feature", "properties": { "land_type": "Residential", "source": "OpenStreetMap (Overpass, Dahisar extract)", "priority": 50 }, "geometry": { "type": "Polygon", "coordinates": [ [ [ 72.8609678, 19.2884455 ], [ 72.8611445, 19.2884932 ], [ 72.8611908, 19.288506 ], [ 72.8611826, 19.2885947 ], [ 72.8610646, 19.2886948 ], [ 72.8614391, 19.2890098 ], [ 72.8617105, 19.2887178 ], [ 72.8619151, 19.2887946 ], [ 72.862028, 19.2886487 ], [ 72.8620561, 19.2886157 ], [ 72.8620305, 19.2883824 ], [ 72.8616826, 19.2881188 ], [ 72.86144, 19.2885002 ], [ 72.8612172, 19.2884693 ], [ 72.8610027, 19.2883959 ], [ 72.8609678, 19.2884455 ] ] ] } },
{ "type": "Feature", "properties": { "land_type": "Residential", "source": "OpenStreetMap (Overpass, Dahisar extract)", "priority": 50 }, "geometry": { "type": "Polygon", "coordinates": [ [ [ 72.8838417, 19.2802514 ], [ 72.8839718, 19.2797605 ], [ 72.8841982, 19.2797962 ], [ 72.8842549, 19.2794672 ], [ 72.8846017, 19.2794588 ], [ 72.8847999, 19.2793169 ], [ 72.8845451, 19.2790346 ], [ 72.8844194, 19.2789494 ], [ 72.8843087, 19.279032 ], [ 72.8840539, 19.2789813 ], [ 72.8839359, 19.2792294 ], [ 72.8839687, 19.2794917 ], [ 72.8839245, 19.2795233 ], [ 72.883716, 19.2796396 ], [ 72.8833977, 19.2796105 ], [ 72.8833576, 19.2793687 ], [ 72.8832761, 19.279551 ], [ 72.8832412, 19.2796472 ], [ 72.8838417, 19.2802514 ] ] ] } },
{ "type": "Feature", "properties": { "land_type": "Residential", "source": "OpenStreetMap (Overpass, Dahisar extract)", "priority": 50 }, "geometry": { "type": "Polygon", "coordinates": [ [ [ 72.8686336, 19.2863838 ], [ 72.8688992, 19.2867205 ], [ 72.8697226, 19.286642 ], [ 72.8696649, 19.2865749 ], [ 72.8697843, 19.2864977 ], [ 72.8698473, 19.2865623 ], [ 72.8699345, 19.2865002 ], [ 72.869386, 19.2858268 ], [ 72.8686336, 19.2863838 ] ] ] } },
{ "type": "Feature", "properties": { "land_type": "Residential", "source": "OpenStreetMap (Overpass, Dahisar extract)", "priority": 50 }, "geometry": { "type": "Polygon", "coordinates": [ [ [ 72.8575233, 19.2897942 ], [ 72.8580758, 19.289941 ], [ 72.8581288, 19.2897999 ], [ 72.8576423, 19.2894163 ], [ 72.8575233, 19.2897942 ] ] ] } },
{ "type": "Feature", "properties": { "land_type": "Residential", "source": "OpenStreetMap (Overpass, Dahisar extract)", "priority": 50 }, "geometry": { "type": "Polygon", "coordinates": [ [ [ 72.8749083, 19.2648817 ], [ 72.8746699, 19.2645733 ], [ 72.8742135, 19.2640349 ], [ 72.8740471, 19.2639896 ], [ 72.8736184, 19.2640741 ], [ 72.8732738, 19.2641573 ], [ 72.873253, 19.264286 ], [ 72.8728025, 19.2646764 ], [ 72.8723854, 19.2648388 ], [ 72.8720913, 19.2649193 ], [ 72.8718157, 19.2650174 ], [ 72.8719492, 19.2653218 ], [ 72.8720747, 19.2655183 ], [ 72.872128, 19.2655008 ], [ 72.8722305, 19.2656627 ], [ 72.8726135, 19.2657869 ], [ 72.8749083, 19.2648817 ] ] ] } },
{ "type": "Feature", "properties": { "land_type": "Residential", "source": "OpenStreetMap (Overpass, Dahisar extract)", "priority": 50 }, "geometry": { "type": "Polygon", "coordinates": [ [ [ 72.8533854, 19.2949348 ], [ 72.8534838, 19.294939 ], [ 72.8534893, 19.294805 ], [ 72.8535285, 19.2947122 ], [ 72.8540414, 19.2947681 ], [ 72.8541577, 19.2937154 ], [ 72.8541877, 19.293455 ], [ 72.8541591, 19.2934481 ], [ 72.8541578, 19.2934286 ], [ 72.8540887, 19.2934192 ], [ 72.8540887, 19.2933854 ], [ 72.8536939, 19.2933471 ], [ 72.8536873, 19.2932757 ], [ 72.8535721, 19.2932651 ], [ 72.8534166, 19.2931653 ], [ 72.8531281, 19.2930571 ], [ 72.8530533, 19.293599 ], [ 72.8527243, 19.293573 ], [ 72.8528267, 19.2939667 ], [ 72.8529715, 19.2939778 ], [ 72.8531284, 19.2941739 ], [ 72.8530918, 19.2948978 ], [ 72.8530894, 19.2949456 ], [ 72.853361, 19.2949673 ], [ 72.8533619, 19.2949567 ], [ 72.8533836, 19.294958 ], [ 72.8533854, 19.2949348 ] ] ] } },
{ "type": "Feature", "properties": { "land_type": "Residential", "source": "OpenStreetMap (Overpass, Dahisar extract)", "priority": 50 }, "geometry": { "type": "Polygon", "coordinates": [ [ [ 72.8641545, 19.2929033 ], [ 72.8641103, 19.2931357 ], [ 72.8642862, 19.2931761 ], [ 72.8643011, 19.2931339 ], [ 72.864318, 19.2931375 ], [ 72.8647888, 19.2932572 ], [ 72.8648546, 19.2932719 ], [ 72.8648687, 19.2931552 ], [ 72.8647973, 19.2930736 ], [ 72.8645163, 19.2930009 ], [ 72.8641545, 19.2929033 ] ] ] } },
{ "type": "Feature", "properties": { "land_type": "Residential", "source": "OpenStreetMap (Overpass, Dahisar extract)", "priority": 50 }, "geometry": { "type": "Polygon", "coordinates": [ [ [ 72.8733397, 19.2759665 ], [ 72.8733777, 19.2761743 ], [ 72.8742774, 19.2760562 ], [ 72.8742137, 19.2758452 ], [ 72.8733397, 19.2759665 ] ] ] } },
{ "type": "Feature", "properties": { "land_type": "Residential", "source": "OpenStreetMap (Overpass, Dahisar extract)", "priority": 50 }, "geometry": { "type": "Polygon", "coordinates": [ [ [ 72.8580583, 19.2896931 ], [ 72.8585789, 19.2895283 ], [ 72.8584933, 19.2892715 ], [ 72.8590242, 19.2890976 ], [ 72.8589461, 19.2888692 ], [ 72.8583413, 19.2889924 ], [ 72.8583192, 19.2890483 ], [ 72.8579621, 19.2892415 ], [ 72.8580583, 19.2896931 ] ] ] } },
{ "type": "Feature", "properties": { "land_type": "Residential", "source": "OpenStreetMap (Overpass, Dahisar extract)", "priority": 50 }, "geometry": { "type": "Polygon", "coordinates": [ [ [ 72.8777001, 19.2647892 ], [ 72.8775337, 19.2649668 ], [ 72.8773536, 19.2651581 ], [ 72.8770719, 19.2654278 ], [ 72.8766173, 19.2658906 ], [ 72.8768071, 19.2660396 ], [ 72.8769359, 19.2661195 ], [ 72.8771163, 19.2658897 ], [ 72.8773775, 19.2656236 ], [ 72.8775185, 19.2654781 ], [ 72.8776397, 19.2653503 ], [ 72.8777647, 19.2652075 ], [ 72.8778484, 19.2652368 ], [ 72.8779969, 19.265141 ], [ 72.8780138, 19.2651223 ], [ 72.8780326, 19.2650656 ], [ 72.8780551, 19.2650381 ], [ 72.8780908, 19.2650274 ], [ 72.8781247, 19.2650318 ], [ 72.8783324, 19.2650993 ], [ 72.8783662, 19.2650079 ], [ 72.8781632, 19.2649354 ], [ 72.8784066, 19.2644804 ], [ 72.8781743, 19.2643759 ], [ 72.8781553, 19.2644147 ], [ 72.8781221, 19.2643998 ], [ 72.8777444, 19.2648161 ], [ 72.8777001, 19.2647892 ] ] ] } },
{ "type": "Feature", "properties": { "land_type": "Residential", "source": "OpenStreetMap (Overpass, Dahisar extract)", "priority": 50 }, "geometry": { "type": "Polygon", "coordinates": [ [ [ 72.8796695, 19.2716526 ], [ 72.8797187, 19.2718104 ], [ 72.8797966, 19.2718323 ], [ 72.879925, 19.2718486 ], [ 72.8799405, 19.2718199 ], [ 72.8800445, 19.2718411 ], [ 72.8801213, 19.2716121 ], [ 72.8801145, 19.2715201 ], [ 72.8798774, 19.2713521 ], [ 72.8796299, 19.2713695 ], [ 72.8795951, 19.2716333 ], [ 72.8796695, 19.2716526 ] ] ] } },
{ "type": "Feature", "properties": { "land_type": "Residential", "source": "OpenStreetMap (Overpass, Dahisar extract)", "priority": 50 }, "geometry": { "type": "Polygon", "coordinates": [ [ [ 72.8629524, 19.2702385 ], [ 72.8659779, 19.2714133 ], [ 72.8678877, 19.2701372 ], [ 72.8710012, 19.2694449 ], [ 72.8733166, 19.2694478 ], [ 72.875076, 19.2689219 ], [ 72.8752114, 19.2687127 ], [ 72.8760167, 19.2674678 ], [ 72.8762584, 19.2671856 ], [ 72.8765753, 19.2669361 ], [ 72.874435, 19.2642063 ], [ 72.874013, 19.263666 ], [ 72.8734891, 19.2626321 ], [ 72.8719861, 19.2595635 ], [ 72.8670854, 19.26301 ], [ 72.8655488, 19.2650732 ], [ 72.8654134, 19.2653553 ], [ 72.8629524, 19.2702385 ] ] ] } },
{ "type": "Feature", "properties": { "land_type": "Open Land", "source": "OpenStreetMap (Overpass, Dahisar extract)", "priority": 30 }, "geometry": { "type": "Polygon", "coordinates": [ [ [ 72.8651349, 19.2948788 ], [ 72.8653654, 19.295052 ], [ 72.8658041, 19.2947197 ], [ 72.8653733, 19.2941829 ], [ 72.8650745, 19.2944097 ], [ 72.8650881, 19.2945185 ], [ 72.8651349, 19.2948788 ] ] ] } },
{ "type": "Feature", "properties": { "land_type": "Residential", "source": "OpenStreetMap (Overpass, Dahisar extract)", "priority": 50 }, "geometry": { "type": "Polygon", "coordinates": [ [ [ 72.8611583, 19.2891646 ], [ 72.861178, 19.289238 ], [ 72.8612261, 19.2892733 ], [ 72.8612282, 19.2893659 ], [ 72.8613982, 19.2893709 ], [ 72.8614517, 19.2893796 ], [ 72.8614657, 19.2894913 ], [ 72.8613609, 19.2894957 ], [ 72.8613881, 19.2896596 ], [ 72.8617584, 19.2895772 ], [ 72.8619591, 19.2895627 ], [ 72.8619425, 19.2895217 ], [ 72.8619296, 19.289489 ], [ 72.8619705, 19.2894685 ], [ 72.8618186, 19.2890836 ], [ 72.8617716, 19.2890605 ], [ 72.8616902, 19.2890851 ], [ 72.8615756, 19.2890499 ], [ 72.8615539, 19.2889375 ], [ 72.861459, 19.2890195 ], [ 72.8613472, 19.2889688 ], [ 72.8612144, 19.2889416 ], [ 72.8611888, 19.289115 ], [ 72.8611583, 19.2891646 ] ] ] } },
{ "type": "Feature", "properties": { "land_type": "Park", "source": "OpenStreetMap (Overpass, Dahisar extract)", "priority": 85 }, "geometry": { "type": "Polygon", "coordinates": [ [ [ 72.8639981, 19.295224 ], [ 72.8641729, 19.2954353 ], [ 72.8645439, 19.2951618 ], [ 72.8643691, 19.2949505 ], [ 72.8639981, 19.295224 ] ] ] } },
{ "type": "Feature", "properties": { "land_type": "Park", "source": "OpenStreetMap (Overpass, Dahisar extract)", "priority": 85 }, "geometry": { "type": "Polygon", "coordinates": [ [ [ 72.864649, 19.2947395 ], [ 72.8648307, 19.294959 ], [ 72.8651119, 19.2947516 ], [ 72.8649301, 19.2945321 ], [ 72.864649, 19.2947395 ] ] ] } },
{ "type": "Feature", "properties": { "land_type": "Park", "source": "OpenStreetMap (Overpass, Dahisar extract)", "priority": 85 }, "geometry": { "type": "Polygon", "coordinates": [ [ [ 72.8617212, 19.2895676 ], [ 72.8617302, 19.2894771 ], [ 72.8616163, 19.2892435 ], [ 72.8614972, 19.2891745 ], [ 72.8615486, 19.2892606 ], [ 72.8615828, 19.2893795 ], [ 72.8616722, 19.2895005 ], [ 72.8617212, 19.2895676 ] ] ] } },
{ "type": "Feature", "properties": { "land_type": "Park", "source": "OpenStreetMap (Overpass, Dahisar extract)", "priority": 85 }, "geometry": { "type": "Polygon", "coordinates": [ [ [ 72.864071, 19.2790354 ], [ 72.8643511, 19.2792621 ], [ 72.8646696, 19.2789624 ], [ 72.8645256, 19.2788071 ], [ 72.8644282, 19.2787022 ], [ 72.864071, 19.2790354 ] ] ] } },
{ "type": "Feature", "properties": { "land_type": "Park", "source": "OpenStreetMap (Overpass, Dahisar extract)", "priority": 85 }, "geometry": { "type": "Polygon", "coordinates": [ [ [ 72.8424623, 19.2934912 ], [ 72.8424489, 19.2935393 ], [ 72.8424676, 19.2935824 ], [ 72.8426452, 19.293712 ], [ 72.8426926, 19.2937492 ], [ 72.8430253, 19.2939988 ], [ 72.8431004, 19.2940261 ], [ 72.8434003, 19.2940605 ], [ 72.8438906, 19.294117 ], [ 72.8444131, 19.2942137 ], [ 72.8449849, 19.2942692 ], [ 72.8450761, 19.2942051 ], [ 72.8450882, 19.2939672 ], [ 72.8447073, 19.2938406 ], [ 72.8443666, 19.2935242 ], [ 72.84457, 19.2933564 ], [ 72.843449, 19.2930411 ], [ 72.8433233, 19.293038 ], [ 72.8427203, 19.2931123 ], [ 72.8426621, 19.2931204 ], [ 72.8424623, 19.2934912 ] ] ] } },
{ "type": "Feature", "properties": { "land_type": "Open Land", "source": "OpenStreetMap (Overpass, Dahisar extract)", "priority": 30 }, "geometry": { "type": "Polygon", "coordinates": [ [ [ 72.8518839, 19.2907526 ], [ 72.8519034, 19.291137 ], [ 72.8518697, 19.2912436 ], [ 72.8522343, 19.2913639 ], [ 72.8522307, 19.2911067 ], [ 72.8523015, 19.2908094 ], [ 72.8520998, 19.2907693 ], [ 72.8520184, 19.2908227 ], [ 72.8518839, 19.2907526 ] ] ] } },
{ "type": "Feature", "properties": { "land_type": "Open Land", "source": "OpenStreetMap (Overpass, Dahisar extract)", "priority": 30 }, "geometry": { "type": "Polygon", "coordinates": [ [ [ 72.8502949, 19.2907791 ], [ 72.8505391, 19.2908659 ], [ 72.8506422, 19.2905799 ], [ 72.8505919, 19.2905051 ], [ 72.8504835, 19.2904642 ], [ 72.8503923, 19.2904484 ], [ 72.8502949, 19.2907791 ] ] ] } },
{ "type": "Feature", "properties": { "land_type": "Open Land", "source": "OpenStreetMap (Overpass, Dahisar extract)", "priority": 30 }, "geometry": { "type": "Polygon", "coordinates": [ [ [ 72.8517454, 19.2920546 ], [ 72.851736, 19.2921266 ], [ 72.8518407, 19.2921388 ], [ 72.8524682, 19.2921677 ], [ 72.8525083, 19.29156 ], [ 72.8517812, 19.2913651 ], [ 72.8517739, 19.2914084 ], [ 72.8517505, 19.2915023 ], [ 72.8517454, 19.2920546 ] ] ] } },
{ "type": "Feature", "properties": { "land_type": "Open Land", "source": "OpenStreetMap (Overpass, Dahisar extract)", "priority": 30 }, "geometry": { "type": "Polygon", "coordinates": [ [ [ 72.8788527, 19.2644532 ], [ 72.8785955, 19.2650981 ], [ 72.8790361, 19.2652837 ], [ 72.879407, 19.2648325 ], [ 72.8789192, 19.2644976 ], [ 72.8788527, 19.2644532 ] ] ] } },
{ "type": "Feature", "properties": { "land_type": "Open Land", "source": "OpenStreetMap (Overpass, Dahisar extract)", "priority": 30 }, "geometry": { "type": "Polygon", "coordinates": [ [ [ 72.8804128, 19.2655809 ], [ 72.8808358, 19.266099 ], [ 72.8808993, 19.2660249 ], [ 72.8811662, 19.2657135 ], [ 72.8806738, 19.2655151 ], [ 72.880577, 19.2654238 ], [ 72.8804128, 19.2655809 ] ] ] } },
{ "type": "Feature", "properties": { "land_type": "Open Land", "source": "OpenStreetMap (Overpass, Dahisar extract)", "priority": 30 }, "geometry": { "type": "Polygon", "coordinates": [ [ [ 72.8777444, 19.2648161 ], [ 72.8781221, 19.2643998 ], [ 72.8779523, 19.2643519 ], [ 72.8776581, 19.2643783 ], [ 72.87749, 19.2645899 ], [ 72.8777001, 19.2647892 ], [ 72.8777444, 19.2648161 ] ] ] } },
{ "type": "Feature", "properties": { "land_type": "Open Land", "source": "OpenStreetMap (Overpass, Dahisar extract)", "priority": 30 }, "geometry": { "type": "Polygon", "coordinates": [ [ [ 72.8788662, 19.286228 ], [ 72.878753, 19.2863349 ], [ 72.8786864, 19.28627 ], [ 72.8785863, 19.2863475 ], [ 72.8784649, 19.2862078 ], [ 72.8783361, 19.2863091 ], [ 72.878635, 19.2866287 ], [ 72.8787564, 19.2865449 ], [ 72.8788779, 19.2866617 ], [ 72.8791814, 19.2864325 ], [ 72.8791088, 19.2863483 ], [ 72.8790345, 19.2863978 ], [ 72.8789741, 19.2863415 ], [ 72.8788975, 19.2864008 ], [ 72.8788253, 19.2863177 ], [ 72.8788963, 19.2862627 ], [ 72.8788662, 19.286228 ] ] ] } },
{ "type": "Feature", "properties": { "land_type": "Park", "source": "OpenStreetMap (Overpass, Dahisar extract)", "priority": 85 }, "geometry": { "type": "Polygon", "coordinates": [ [ [ 72.8748179, 19.2786476 ], [ 72.8754748, 19.2781516 ], [ 72.8751878, 19.2778129 ], [ 72.8745308, 19.2783088 ], [ 72.8748179, 19.2786476 ] ] ] } },
{ "type": "Feature", "properties": { "land_type": "Open Land", "source": "OpenStreetMap (Overpass, Dahisar extract)", "priority": 30 }, "geometry": { "type": "Polygon", "coordinates": [ [ [ 72.8716187, 19.2837963 ], [ 72.8702097, 19.2848249 ], [ 72.8702713, 19.284904 ], [ 72.8703025, 19.284944 ], [ 72.8703496, 19.2850044 ], [ 72.8717708, 19.2839654 ], [ 72.8717144, 19.2839027 ], [ 72.871681, 19.2838656 ], [ 72.8716187, 19.2837963 ] ] ] } },
{ "type": "Feature", "properties": { "land_type": "Open Land", "source": "OpenStreetMap (Overpass, Dahisar extract)", "priority": 30 }, "geometry": { "type": "Polygon", "coordinates": [ [ [ 72.8605341, 19.2933707 ], [ 72.8593438, 19.2945774 ], [ 72.8593699, 19.2946004 ], [ 72.8593841, 19.2946128 ], [ 72.8594074, 19.2946333 ], [ 72.8594305, 19.2946536 ], [ 72.8594673, 19.2946859 ], [ 72.8606578, 19.2934794 ], [ 72.8606379, 19.2934619 ], [ 72.8606307, 19.2934555 ], [ 72.8605934, 19.2934227 ], [ 72.8605723, 19.2934042 ], [ 72.8605341, 19.2933707 ] ] ] } }
]
}
