{
"type": "FeatureCollection",
"name": "osm_railways",
"crs": { "type": "name", "properties": { "name": "urn:ogc:def:crs:OGC:1.3:CRS84" } },
"features": [
{ "type": "Feature", "properties": { "electrified": "contact_line", "frequency": "50", "gauge": "1676", "railway": "rail", "service": "spur", "voltage": "25000", "osm_id": 48808476, "osm_type": "way", "name": null, "oneway": null, "passenger_lines": null, "usage": null, "area": null, "bench": null, "bin": null, "check_date:shelter": null, "lit": null, "public_transport": null, "ref": null, "shelter": null, "train": null, "wheelchair": null, "addr:city": null, "building": null, "construction": null, "internet_access": null, "layer": null, "source": null, "wikidata": null, "wikipedia": null, "railway:signal:direction": null, "bridge": null, "check_date": null, "construction:electrified": null, "construction:frequency": null, "construction:railway": null, "construction:voltage": null, "highspeed": null, "maxspeed": null, "name:de": null, "name:en": null, "name:zh": null, "name:zh-Hant": null, "start_date": null, "tunnel": null, "opening_date": null, "bridge:structure": null }, "geometry": { "type": "LineString", "coordinates": [ [ 72.8817437, 19.0666956 ], [ 72.8812306, 19.0662986 ], [ 72.8809739, 19.0660821 ], [ 72.8808223, 19.0659141 ], [ 72.8807627, 19.0658434 ], [ 72.8806038, 19.0656214 ], [ 72.8803258, 19.0650966 ], [ 72.8799712, 19.0645926 ], [ 72.8795154, 19.0638723 ], [ 72.879313, 19.0633928 ], [ 72.8791863, 19.0629545 ], [ 72.8791299, 19.0624829 ], [ 72.8791273, 19.0620063 ], [ 72.8791541, 19.0616615 ], [ 72.8792104, 19.0613396 ], [ 72.8793016, 19.0609568 ], [ 72.8802742, 19.0585056 ] ] } },
{ "type": "Feature", "properties": { "electrified": null, "frequency": null, "gauge": "1676", "railway": "rail", "service": "yard", "voltage": null, "osm_id": 48864158, "osm_type": "way", "name": null, "oneway": null, "passenger_lines": null, "usage": null, "area": null, "bench": null, "bin": null, "check_date:shelter": null, "lit": null, "public_transport": null, "ref": null, "shelter": null, "train": null, "wheelchair": null, "addr:city": null, "building": null, "construction": null, "internet_access": null, "layer": null, "source": null, "wikidata": null, "wikipedia": null, "railway:signal:direction": null, "bridge": null, "check_date": null, "construction:electrified": null, "construction:frequency": null, "construction:railway": null, "construction:voltage": null, "highspeed": null, "maxspeed": null, "name:de": null, "name:en": null, "name:zh": null, "name:zh-Hant": null, "start_date": null, "tunnel": null, "opening_date": null, "bridge:structure": null }, "geometry": { "type": "LineString", "coordinates": [ [ 72.8953248, 19.0750768 ], [ 72.8951756, 19.0746709 ], [ 72.8951233, 19.0745252 ], [ 72.8948634, 19.0741523 ], [ 72.8945697, 19.0738149 ], [ 72.894397, 19.0736357 ], [ 72.8942459, 19.073521 ], [ 72.8940308, 19.0733775 ], [ 72.8939454, 19.0733244 ], [ 72.8938213, 19.0732611 ], [ 72.8935404, 19.0731012 ], [ 72.8934421, 19.0730452 ], [ 72.893225, 19.0728871 ], [ 72.8931082, 19.0727854 ], [ 72.8888183, 19.0690513 ] ] } },
{ "type": "Feature", "properties": { "electrified": null, "frequency": null, "gauge": "1676", "railway": "disused", "service": "yard", "voltage": null, "osm_id": 48864247, "osm_type": "way", "name": null, "oneway": null, "passenger_lines": null, "usage": null, "area": null, "bench": null, "bin": null, "check_date:shelter": null, "lit": null, "public_transport": null, "ref": null, "shelter": null, "train": null, "wheelchair": null, "addr:city": null, "building": null, "construction": null, "internet_access": null, "layer": null, "source": null, "wikidata": null, "wikipedia": null, "railway:signal:direction": null, "bridge": null, "check_date": null, "construction:electrified": null, "construction:frequency": null, "construction:railway": null, "construction:voltage": null, "highspeed": null, "maxspeed": null, "name:de": null, "name:en": null, "name:zh": null, "name:zh-Hant": null, "start_date": null, "tunnel": null, "opening_date": null, "bridge:structure": null }, "geometry": { "type": "LineString", "coordinates": [ [ 72.8931151, 19.0737666 ], [ 72.8926181, 19.0733973 ], [ 72.891575, 19.0726014 ], [ 72.8908713, 19.0720846 ], [ 72.8900167, 19.0715727 ], [ 72.889518, 19.0713751 ], [ 72.8891338, 19.0713355 ], [ 72.8883486, 19.0713205 ], [ 72.8883101, 19.0713198 ], [ 72.8879863, 19.0712587 ], [ 72.8879409, 19.0712447 ], [ 72.8875994, 19.0711294 ], [ 72.8873807, 19.0709989 ] ] } },
{ "type": "Feature", "properties": { "electrified": null, "frequency": null, "gauge": null, "railway": "rail", "service": "siding", "voltage": null, "osm_id": 107213213, "osm_type": "way", "name": null, "oneway": null, "passenger_lines": null, "usage": null, "area": null, "bench": null, "bin": null, "check_date:shelter": null, "lit": null, "public_transport": null, "ref": null, "shelter": null, "train": null, "wheelchair": null, "addr:city": null, "building": null, "construction": null, "internet_access": null, "layer": null, "source": null, "wikidata": null, "wikipedia": null, "railway:signal:direction": null, "bridge": null, "check_date": null, "construction:electrified": null, "construction:frequency": null, "construction:railway": null, "construction:voltage": null, "highspeed": null, "maxspeed": null, "name:de": null, "name:en": null, "name:zh": null, "name:zh-Hant": null, "start_date": null, "tunnel": null, "opening_date": null, "bridge:structure": null }, "geometry": { "type": "LineString", "coordinates": [ [ 72.8861039, 19.0709523 ], [ 72.8865883, 19.071463 ], [ 72.8868073, 19.0718894 ], [ 72.886888, 19.0725233 ], [ 72.8869297, 19.07283 ], [ 72.8869988, 19.0731514 ], [ 72.887012, 19.0732262 ], [ 72.8871684, 19.0736943 ], [ 72.8874134, 19.0741229 ], [ 72.8876299, 19.0743576 ], [ 72.8877497, 19.0744875 ], [ 72.8882423, 19.0749703 ], [ 72.8895422, 19.0759883 ], [ 72.8897606, 19.0761299 ], [ 72.8900341, 19.0762447 ], [ 72.8903447, 19.076354 ], [ 72.8905471, 19.0764092 ], [ 72.8906375, 19.0764337 ], [ 72.8910488, 19.0765146 ] ] } },
{ "type": "Feature", "properties": { "electrified": "contact_line", "frequency": "50", "gauge": "1676", "railway": "rail", "service": null, "voltage": "25000", "osm_id": 107213220, "osm_type": "way", "name": "Central Line", "oneway": "yes", "passenger_lines": "4", "usage": "main", "area": null, "bench": null, "bin": null, "check_date:shelter": null, "lit": null, "public_transport": null, "ref": null, "shelter": null, "train": null, "wheelchair": null, "addr:city": null, "building": null, "construction": null, "internet_access": null, "layer": null, "source": null, "wikidata": null, "wikipedia": null, "railway:signal:direction": null, "bridge": null, "check_date": null, "construction:electrified": null, "construction:frequency": null, "construction:railway": null, "construction:voltage": null, "highspeed": null, "maxspeed": null, "name:de": null, "name:en": null, "name:zh": null, "name:zh-Hant": null, "start_date": null, "tunnel": null, "opening_date": null, "bridge:structure": null }, "geometry": { "type": "LineString", "coordinates": [ [ 72.8667505, 19.0515951 ], [ 72.8687442, 19.0544759 ], [ 72.8715483, 19.0585063 ], [ 72.871984, 19.0590846 ], [ 72.8725712, 19.0598165 ], [ 72.8731627, 19.0604767 ], [ 72.8736028, 19.0609389 ], [ 72.8741023, 19.0614161 ], [ 72.8745818, 19.0618517 ], [ 72.8758098, 19.0628529 ], [ 72.8763046, 19.0632069 ], [ 72.8771401, 19.063866 ], [ 72.878128, 19.064709 ], [ 72.8788976, 19.0653324 ], [ 72.8813504, 19.0672332 ], [ 72.8826507, 19.068211 ], [ 72.8846756, 19.0697512 ], [ 72.8861981, 19.0709241 ], [ 72.8947395, 19.0774865 ], [ 72.8959688, 19.0784324 ], [ 72.8962208, 19.0786435 ], [ 72.8964344, 19.0788475 ], [ 72.8969237, 19.0792793 ], [ 72.8972161, 19.0795234 ], [ 72.8977757, 19.0799257 ], [ 72.899126, 19.0808368 ], [ 72.8993535, 19.0809816 ], [ 72.9004663, 19.0816901 ], [ 72.9014465, 19.0822588 ] ] } },
{ "type": "Feature", "properties": { "electrified": "contact_line", "frequency": "50", "gauge": "1676", "railway": "rail", "service": "yard", "voltage": "25000", "osm_id": 107213225, "osm_type": "way", "name": null, "oneway": null, "passenger_lines": null, "usage": null, "area": null, "bench": null, "bin": null, "check_date:shelter": null, "lit": null, "public_transport": null, "ref": null, "shelter": null, "train": null, "wheelchair": null, "addr:city": null, "building": null, "construction": null, "internet_access": null, "layer": null, "source": null, "wikidata": null, "wikipedia": null, "railway:signal:direction": null, "bridge": null, "check_date": null, "construction:electrified": null, "construction:frequency": null, "construction:railway": null, "construction:voltage": null, "highspeed": null, "maxspeed": null, "name:de": null, "name:en": null, "name:zh": null, "name:zh-Hant": null, "start_date": null, "tunnel": null, "opening_date": null, "bridge:structure": null }, "geometry": { "type": "LineString", "coordinates": [ [ 72.8947395, 19.0774865 ], [ 72.8944184, 19.0772782 ], [ 72.8942514, 19.0771735 ], [ 72.8939414, 19.0769859 ], [ 72.8936149, 19.0768561 ], [ 72.8933561, 19.0767788 ], [ 72.8931411, 19.0767506 ], [ 72.8928755, 19.0767318 ], [ 72.892658, 19.0767151 ], [ 72.8925136, 19.076704 ], [ 72.8920546, 19.0766925 ], [ 72.8918067, 19.0766463 ], [ 72.8915547, 19.0765807 ], [ 72.8914015, 19.0765336 ], [ 72.8911985, 19.0764731 ], [ 72.8907734, 19.0763053 ], [ 72.8904431, 19.0761151 ], [ 72.889835, 19.0756442 ], [ 72.8887817, 19.0748445 ], [ 72.8886875, 19.0747719 ], [ 72.8884587, 19.0745408 ], [ 72.8883319, 19.0743916 ], [ 72.8882779, 19.074318 ], [ 72.8881783, 19.0741334 ], [ 72.8880748, 19.0739377 ], [ 72.8880326, 19.0738295 ], [ 72.8880063, 19.0737365 ], [ 72.8879678, 19.0736306 ], [ 72.8878436, 19.0733205 ], [ 72.8877677, 19.0730107 ], [ 72.8875843, 19.0726646 ], [ 72.8873108, 19.0721486 ] ] } },
{ "type": "Feature", "properties": { "electrified": null, "frequency": null, "gauge": "1676", "railway": "rail", "service": "siding", "voltage": null, "osm_id": 107213230, "osm_type": "way", "name": null, "oneway": null, "passenger_lines": null, "usage": null, "area": null, "bench": null, "bin": null, "check_date:shelter": null, "lit": null, "public_transport": null, "ref": null, "shelter": null, "train": null, "wheelchair": null, "addr:city": null, "building": null, "construction": null, "internet_access": null, "layer": null, "source": null, "wikidata": null, "wikipedia": null, "railway:signal:direction": null, "bridge": null, "check_date": null, "construction:electrified": null, "construction:frequency": null, "construction:railway": null, "construction:voltage": null, "highspeed": null, "maxspeed": null, "name:de": null, "name:en": null, "name:zh": null, "name:zh-Hant": null, "start_date": null, "tunnel": null, "opening_date": null, "bridge:structure": null }, "geometry": { "type": "LineString", "coordinates": [ [ 72.8939414, 19.0769859 ], [ 72.8936431, 19.0768072 ], [ 72.892145, 19.075906 ], [ 72.8919415, 19.0756936 ], [ 72.8917208, 19.0753909 ], [ 72.8916039, 19.0752387 ], [ 72.8913742, 19.0750085 ], [ 72.8911285, 19.074795 ], [ 72.8898408, 19.0737973 ], [ 72.8895254, 19.0736175 ], [ 72.8887029, 19.0732259 ], [ 72.8884996, 19.0731274 ], [ 72.8882937, 19.0730319 ], [ 72.887951, 19.0728045 ], [ 72.8877661, 19.0725956 ], [ 72.8875917, 19.0723986 ], [ 72.8874882, 19.0722764 ], [ 72.8872932, 19.0719826 ] ] } },
{ "type": "Feature", "properties": { "electrified": null, "frequency": null, "gauge": null, "railway": "rail", "service": "siding", "voltage": null, "osm_id": 107213262, "osm_type": "way", "name": null, "oneway": null, "passenger_lines": null, "usage": null, "area": null, "bench": null, "bin": null, "check_date:shelter": null, "lit": null, "public_transport": null, "ref": null, "shelter": null, "train": null, "wheelchair": null, "addr:city": null, "building": null, "construction": null, "internet_access": null, "layer": null, "source": null, "wikidata": null, "wikipedia": null, "railway:signal:direction": null, "bridge": null, "check_date": null, "construction:electrified": null, "construction:frequency": null, "construction:railway": null, "construction:voltage": null, "highspeed": null, "maxspeed": null, "name:de": null, "name:en": null, "name:zh": null, "name:zh-Hant": null, "start_date": null, "tunnel": null, "opening_date": null, "bridge:structure": null }, "geometry": { "type": "LineString", "coordinates": [ [ 72.8928755, 19.0767318 ], [ 72.8920435, 19.0767161 ], [ 72.8918288, 19.0766867 ], [ 72.8915602, 19.0766467 ], [ 72.8913673, 19.0765927 ], [ 72.8912058, 19.0765473 ], [ 72.8910488, 19.0765146 ], [ 72.8906894, 19.0763766 ], [ 72.8905983, 19.0763339 ], [ 72.8902126, 19.0760777 ], [ 72.8886199, 19.0748386 ], [ 72.8883489, 19.0745774 ], [ 72.8881586, 19.0743065 ], [ 72.8879631, 19.0738729 ], [ 72.8875143, 19.0726865 ], [ 72.8873108, 19.0721486 ], [ 72.8871913, 19.07197 ], [ 72.886905, 19.0715948 ] ] } },
{ "type": "Feature", "properties": { "electrified": "contact_line", "frequency": "50", "gauge": "1676", "railway": "rail", "service": null, "voltage": "25000", "osm_id": 122303799, "osm_type": "way", "name": "Mumbai-Pune Railway", "oneway": "yes", "passenger_lines": "4", "usage": "main", "area": null, "bench": null, "bin": null, "check_date:shelter": null, "lit": null, "public_transport": null, "ref": null, "shelter": null, "train": null, "wheelchair": null, "addr:city": null, "building": null, "construction": null, "internet_access": null, "layer": null, "source": null, "wikidata": null, "wikipedia": null, "railway:signal:direction": null, "bridge": null, "check_date": null, "construction:electrified": null, "construction:frequency": null, "construction:railway": null, "construction:voltage": null, "highspeed": null, "maxspeed": null, "name:de": null, "name:en": null, "name:zh": null, "name:zh-Hant": null, "start_date": null, "tunnel": null, "opening_date": null, "bridge:structure": null }, "geometry": { "type": "LineString", "coordinates": [ [ 72.8791914, 19.0649607 ], [ 72.878403, 19.064377 ], [ 72.8780632, 19.0641302 ], [ 72.8773159, 19.0637126 ], [ 72.8768052, 19.0633857 ], [ 72.8763898, 19.0631047 ], [ 72.8759018, 19.0627479 ], [ 72.8752351, 19.0622204 ], [ 72.8747022, 19.0617816 ], [ 72.8741997, 19.061326 ], [ 72.873724, 19.0608764 ], [ 72.8732493, 19.06038 ], [ 72.8726728, 19.0597562 ], [ 72.8720873, 19.0590137 ], [ 72.8716557, 19.0584301 ], [ 72.8688809, 19.0544187 ], [ 72.8669077, 19.0515704 ] ] } },
{ "type": "Feature", "properties": { "electrified": "contact_line", "frequency": "50", "gauge": "1676", "railway": "rail", "service": null, "voltage": "25000", "osm_id": 122303805, "osm_type": "way", "name": "Central Railway (Harbour Line)", "oneway": "yes", "passenger_lines": "2", "usage": "main", "area": null, "bench": null, "bin": null, "check_date:shelter": null, "lit": null, "public_transport": null, "ref": null, "shelter": null, "train": null, "wheelchair": null, "addr:city": null, "building": null, "construction": null, "internet_access": null, "layer": null, "source": null, "wikidata": null, "wikipedia": null, "railway:signal:direction": null, "bridge": null, "check_date": null, "construction:electrified": null, "construction:frequency": null, "construction:railway": null, "construction:voltage": null, "highspeed": null, "maxspeed": null, "name:de": null, "name:en": null, "name:zh": null, "name:zh-Hant": null, "start_date": null, "tunnel": null, "opening_date": null, "bridge:structure": null }, "geometry": { "type": "LineString", "coordinates": [ [ 72.8608623, 19.0328003 ], [ 72.8610357, 19.0332921 ], [ 72.8612361, 19.0337923 ], [ 72.8614572, 19.0342647 ], [ 72.8616963, 19.034703 ], [ 72.8620899, 19.0353093 ], [ 72.8625317, 19.0359325 ], [ 72.8629145, 19.036438 ], [ 72.8632934, 19.0369305 ], [ 72.8634471, 19.0371044 ], [ 72.864284, 19.0380505 ], [ 72.8650125, 19.0388739 ], [ 72.8655982, 19.0395435 ], [ 72.8664369, 19.040452 ], [ 72.8670949, 19.0412347 ], [ 72.867811, 19.0421956 ], [ 72.8684092, 19.043225 ], [ 72.8686693, 19.0438563 ], [ 72.8688464, 19.0443761 ], [ 72.8690904, 19.0451646 ], [ 72.8692353, 19.0457655 ], [ 72.8693372, 19.0464196 ], [ 72.8694043, 19.0475022 ], [ 72.869364, 19.0484935 ], [ 72.869297, 19.048955 ], [ 72.8692219, 19.0496294 ], [ 72.8691226, 19.0502505 ], [ 72.8690582, 19.0508057 ], [ 72.8690073, 19.0512368 ], [ 72.8689831, 19.0516906 ], [ 72.868988, 19.0518312 ], [ 72.8689939, 19.0519973 ], [ 72.8690073, 19.0526261 ], [ 72.8690502, 19.0529861 ], [ 72.86907, 19.0530973 ], [ 72.8690931, 19.0532269 ], [ 72.8691494, 19.053521 ], [ 72.8692322, 19.0539157 ], [ 72.8694691, 19.0546153 ], [ 72.8697909, 19.055416 ], [ 72.8699969, 19.0558139 ], [ 72.8703059, 19.0563687 ], [ 72.8705504, 19.0567532 ], [ 72.8717022, 19.0584129 ], [ 72.8721247, 19.0589924 ], [ 72.8726781, 19.059667 ], [ 72.872973, 19.0600122 ], [ 72.8733876, 19.0604612 ], [ 72.8737599, 19.0608502 ], [ 72.8742333, 19.0613007 ], [ 72.8747271, 19.0617465 ], [ 72.8752714, 19.0621919 ], [ 72.8759525, 19.0627215 ], [ 72.8762678, 19.0629596 ], [ 72.876589, 19.0631865 ], [ 72.8768443, 19.0633609 ], [ 72.8773327, 19.0636535 ], [ 72.8780928, 19.0640973 ], [ 72.8784258, 19.0643098 ], [ 72.8786549, 19.0644751 ], [ 72.8792339, 19.0649266 ], [ 72.8803649, 19.0658165 ], [ 72.8805066, 19.0659213 ], [ 72.8806676, 19.0660342 ], [ 72.8808316, 19.06614 ], [ 72.8810164, 19.0662516 ], [ 72.8811923, 19.0663581 ], [ 72.8817437, 19.0666956 ], [ 72.8819299, 19.0668179 ], [ 72.8822339, 19.0670019 ], [ 72.8825289, 19.0671517 ], [ 72.8827406, 19.0672435 ] ] } },
{ "type": "Feature", "properties": { "electrified": "contact_line", "frequency": "50", "gauge": "1676", "railway": "rail", "service": null, "voltage": "25000", "osm_id": 122303807, "osm_type": "way", "name": "Central Railway (Slow)", "oneway": "yes", "passenger_lines": "4", "usage": null, "area": null, "bench": null, "bin": null, "check_date:shelter": null, "lit": null, "public_transport": null, "ref": null, "shelter": null, "train": null, "wheelchair": null, "addr:city": null, "building": null, "construction": null, "internet_access": null, "layer": null, "source": null, "wikidata": null, "wikipedia": null, "railway:signal:direction": null, "bridge": null, "check_date": null, "construction:electrified": null, "construction:frequency": null, "construction:railway": null, "construction:voltage": null, "highspeed": null, "maxspeed": null, "name:de": null, "name:en": null, "name:zh": null, "name:zh-Hant": null, "start_date": null, "tunnel": null, "opening_date": null, "bridge:structure": null }, "geometry": { "type": "LineString", "coordinates": [ [ 72.8847157, 19.0697172 ], [ 72.8842287, 19.069339 ], [ 72.8840126, 19.0691752 ], [ 72.8835331, 19.0687599 ], [ 72.8831429, 19.0684176 ], [ 72.8822605, 19.0676017 ], [ 72.881878, 19.0672747 ], [ 72.8814613, 19.0669411 ], [ 72.8808683, 19.0664744 ], [ 72.8790797, 19.0650734 ] ] } },
{ "type": "Feature", "properties": { "electrified": "contact_line", "frequency": "50", "gauge": "1676", "railway": "rail", "service": null, "voltage": "25000", "osm_id": 122303808, "osm_type": "way", "name": "Central Railway (Slow)", "oneway": "yes", "passenger_lines": null, "usage": null, "area": null, "bench": null, "bin": null, "check_date:shelter": null, "lit": null, "public_transport": null, "ref": null, "shelter": null, "train": null, "wheelchair": null, "addr:city": null, "building": null, "construction": null, "internet_access": null, "layer": null, "source": null, "wikidata": null, "wikipedia": null, "railway:signal:direction": null, "bridge": null, "check_date": null, "construction:electrified": null, "construction:frequency": null, "construction:railway": null, "construction:voltage": null, "highspeed": null, "maxspeed": null, "name:de": null, "name:en": null, "name:zh": null, "name:zh-Hant": null, "start_date": null, "tunnel": null, "opening_date": null, "bridge:structure": null }, "geometry": { "type": "LineString", "coordinates": [ [ 72.8803436, 19.0662207 ], [ 72.8806258, 19.0665096 ], [ 72.8813504, 19.0672332 ] ] } },
{ "type": "Feature", "properties": { "electrified": "contact_line", "frequency": "50", "gauge": "1676", "railway": "rail", "service": "yard", "voltage": "25000", "osm_id": 122303809, "osm_type": "way", "name": null, "oneway": "yes", "passenger_lines": null, "usage": null, "area": null, "bench": null, "bin": null, "check_date:shelter": null, "lit": null, "public_transport": null, "ref": null, "shelter": null, "train": null, "wheelchair": null, "addr:city": null, "building": null, "construction": null, "internet_access": null, "layer": null, "source": null, "wikidata": null, "wikipedia": null, "railway:signal:direction": null, "bridge": null, "check_date": null, "construction:electrified": null, "construction:frequency": null, "construction:railway": null, "construction:voltage": null, "highspeed": null, "maxspeed": null, "name:de": null, "name:en": null, "name:zh": null, "name:zh-Hant": null, "start_date": null, "tunnel": null, "opening_date": null, "bridge:structure": null }, "geometry": { "type": "LineString", "coordinates": [ [ 72.8828787, 19.0682227 ], [ 72.8806537, 19.0664721 ], [ 72.8803436, 19.0662207 ] ] } },
{ "type": "Feature", "properties": { "electrified": "contact_line", "frequency": "50", "gauge": "1676", "railway": "rail", "service": null, "voltage": "25000", "osm_id": 122303811, "osm_type": "way", "name": "Central Railway (Slow)", "oneway": "yes", "passenger_lines": null, "usage": null, "area": null, "bench": null, "bin": null, "check_date:shelter": null, "lit": null, "public_transport": null, "ref": null, "shelter": null, "train": null, "wheelchair": null, "addr:city": null, "building": null, "construction": null, "internet_access": null, "layer": null, "source": null, "wikidata": null, "wikipedia": null, "railway:signal:direction": null, "bridge": null, "check_date": null, "construction:electrified": null, "construction:frequency": null, "construction:railway": null, "construction:voltage": null, "highspeed": null, "maxspeed": null, "name:de": null, "name:en": null, "name:zh": null, "name:zh-Hant": null, "start_date": null, "tunnel": null, "opening_date": null, "bridge:structure": null }, "geometry": { "type": "LineString", "coordinates": [ [ 72.8831493, 19.0684931 ], [ 72.8826827, 19.0681304 ], [ 72.8810516, 19.0668396 ], [ 72.8806258, 19.0665096 ] ] } },
{ "type": "Feature", "properties": { "electrified": null, "frequency": null, "gauge": null, "railway": "abandoned", "service": null, "voltage": null, "osm_id": 122303869, "osm_type": "way", "name": null, "oneway": null, "passenger_lines": null, "usage": null, "area": null, "bench": null, "bin": null, "check_date:shelter": null, "lit": null, "public_transport": null, "ref": null, "shelter": null, "train": null, "wheelchair": null, "addr:city": null, "building": null, "construction": null, "internet_access": null, "layer": null, "source": null, "wikidata": null, "wikipedia": null, "railway:signal:direction": null, "bridge": null, "check_date": null, "construction:electrified": null, "construction:frequency": null, "construction:railway": null, "construction:voltage": null, "highspeed": null, "maxspeed": null, "name:de": null, "name:en": null, "name:zh": null, "name:zh-Hant": null, "start_date": null, "tunnel": null, "opening_date": null, "bridge:structure": null }, "geometry": { "type": "LineString", "coordinates": [ [ 72.8806823, 19.0655645 ], [ 72.8820598, 19.0666512 ], [ 72.882317, 19.0668277 ], [ 72.8825515, 19.0669396 ], [ 72.8826174, 19.0669566 ], [ 72.8828521, 19.067017 ], [ 72.8832505, 19.0670945 ], [ 72.8838863, 19.0671156 ], [ 72.8844549, 19.0670902 ], [ 72.8847099, 19.0670708 ], [ 72.8849132, 19.0670444 ] ] } },
{ "type": "Feature", "properties": { "electrified": "contact_line", "frequency": "50", "gauge": "1676", "railway": "rail", "service": null, "voltage": "25000", "osm_id": 122303871, "osm_type": "way", "name": null, "oneway": null, "passenger_lines": null, "usage": null, "area": null, "bench": null, "bin": null, "check_date:shelter": null, "lit": null, "public_transport": null, "ref": null, "shelter": null, "train": null, "wheelchair": null, "addr:city": null, "building": null, "construction": null, "internet_access": null, "layer": null, "source": null, "wikidata": null, "wikipedia": null, "railway:signal:direction": null, "bridge": null, "check_date": null, "construction:electrified": null, "construction:frequency": null, "construction:railway": null, "construction:voltage": null, "highspeed": null, "maxspeed": null, "name:de": null, "name:en": null, "name:zh": null, "name:zh-Hant": null, "start_date": null, "tunnel": null, "opening_date": null, "bridge:structure": null }, "geometry": { "type": "LineString", "coordinates": [ [ 72.8806258, 19.0665096 ], [ 72.878982, 19.0652271 ], [ 72.8781737, 19.0646116 ], [ 72.877844, 19.0643647 ], [ 72.8774011, 19.064046 ], [ 72.8771401, 19.063866 ] ] } },
{ "type": "Feature", "properties": { "electrified": "contact_line", "frequency": "50", "gauge": "1676", "railway": "rail", "service": null, "voltage": "25000", "osm_id": 122303874, "osm_type": "way", "name": null, "oneway": null, "passenger_lines": null, "usage": null, "area": null, "bench": null, "bin": null, "check_date:shelter": null, "lit": null, "public_transport": null, "ref": null, "shelter": null, "train": null, "wheelchair": null, "addr:city": null, "building": null, "construction": null, "internet_access": null, "layer": null, "source": null, "wikidata": null, "wikipedia": null, "railway:signal:direction": null, "bridge": null, "check_date": null, "construction:electrified": null, "construction:frequency": null, "construction:railway": null, "construction:voltage": null, "highspeed": null, "maxspeed": null, "name:de": null, "name:en": null, "name:zh": null, "name:zh-Hant": null, "start_date": null, "tunnel": null, "opening_date": null, "bridge:structure": null }, "geometry": { "type": "LineString", "coordinates": [ [ 72.8774011, 19.064046 ], [ 72.8777227, 19.0642322 ], [ 72.8778392, 19.0643067 ], [ 72.8780613, 19.0644689 ], [ 72.878213, 19.064587 ], [ 72.8790144, 19.0652016 ], [ 72.8803436, 19.0662207 ] ] } },
{ "type": "Feature", "properties": { "electrified": "contact_line", "frequency": "50", "gauge": "1676", "railway": "rail", "service": "siding", "voltage": "25000", "osm_id": 122303880, "osm_type": "way", "name": null, "oneway": null, "passenger_lines": null, "usage": null, "area": null, "bench": null, "bin": null, "check_date:shelter": null, "lit": null, "public_transport": null, "ref": null, "shelter": null, "train": null, "wheelchair": null, "addr:city": null, "building": null, "construction": null, "internet_access": null, "layer": null, "source": null, "wikidata": null, "wikipedia": null, "railway:signal:direction": null, "bridge": null, "check_date": null, "construction:electrified": null, "construction:frequency": null, "construction:railway": null, "construction:voltage": null, "highspeed": null, "maxspeed": null, "name:de": null, "name:en": null, "name:zh": null, "name:zh-Hant": null, "start_date": null, "tunnel": null, "opening_date": null, "bridge:structure": null }, "geometry": { "type": "LineString", "coordinates": [ [ 72.8810516, 19.0668396 ], [ 72.8814851, 19.0672494 ], [ 72.8816373, 19.0673829 ], [ 72.8832904, 19.0686524 ] ] } },
{ "type": "Feature", "properties": { "electrified": "contact_line", "frequency": "50", "gauge": "1676", "railway": "rail", "service": null, "voltage": "25000", "osm_id": 122303882, "osm_type": "way", "name": null, "oneway": null, "passenger_lines": null, "usage": null, "area": null, "bench": null, "bin": null, "check_date:shelter": null, "lit": null, "public_transport": null, "ref": null, "shelter": null, "train": null, "wheelchair": null, "addr:city": null, "building": null, "construction": null, "internet_access": null, "layer": null, "source": null, "wikidata": null, "wikipedia": null, "railway:signal:direction": null, "bridge": null, "check_date": null, "construction:electrified": null, "construction:frequency": null, "construction:railway": null, "construction:voltage": null, "highspeed": null, "maxspeed": null, "name:de": null, "name:en": null, "name:zh": null, "name:zh-Hant": null, "start_date": null, "tunnel": null, "opening_date": null, "bridge:structure": null }, "geometry": { "type": "LineString", "coordinates": [ [ 72.8772895, 19.0638446 ], [ 72.8776721, 19.0641326 ], [ 72.8780613, 19.0644689 ] ] } },
{ "type": "Feature", "properties": { "electrified": "contact_line", "frequency": "50", "gauge": "1676", "railway": "rail", "service": "yard", "voltage": "25000", "osm_id": 122303892, "osm_type": "way", "name": null, "oneway": null, "passenger_lines": null, "usage": null, "area": null, "bench": null, "bin": null, "check_date:shelter": null, "lit": null, "public_transport": null, "ref": null, "shelter": null, "train": null, "wheelchair": null, "addr:city": null, "building": null, "construction": null, "internet_access": null, "layer": null, "source": null, "wikidata": null, "wikipedia": null, "railway:signal:direction": null, "bridge": null, "check_date": null, "construction:electrified": null, "construction:frequency": null, "construction:railway": null, "construction:voltage": null, "highspeed": null, "maxspeed": null, "name:de": null, "name:en": null, "name:zh": null, "name:zh-Hant": null, "start_date": null, "tunnel": null, "opening_date": null, "bridge:structure": null }, "geometry": { "type": "LineString", "coordinates": [ [ 72.8953338, 19.0775666 ], [ 72.8951051, 19.0773321 ], [ 72.8942849, 19.0764387 ], [ 72.8927275, 19.0749175 ], [ 72.8924916, 19.074718 ], [ 72.8901349, 19.0728625 ], [ 72.8897873, 19.0726497 ], [ 72.8895217, 19.0724871 ], [ 72.8893058, 19.072355 ], [ 72.8890386, 19.0721914 ], [ 72.8881528, 19.0716491 ], [ 72.8879129, 19.0715082 ], [ 72.8876684, 19.0713403 ], [ 72.8868025, 19.0706767 ], [ 72.8865034, 19.0704395 ], [ 72.8858194, 19.0699224 ], [ 72.882993, 19.0677313 ], [ 72.8826026, 19.0673884 ], [ 72.8823205, 19.0671348 ] ] } },
{ "type": "Feature", "properties": { "electrified": "contact_line", "frequency": "50", "gauge": "1676", "railway": "rail", "service": "yard", "voltage": "25000", "osm_id": 125343375, "osm_type": "way", "name": null, "oneway": null, "passenger_lines": null, "usage": null, "area": null, "bench": null, "bin": null, "check_date:shelter": null, "lit": null, "public_transport": null, "ref": null, "shelter": null, "train": null, "wheelchair": null, "addr:city": null, "building": null, "construction": null, "internet_access": null, "layer": null, "source": null, "wikidata": null, "wikipedia": null, "railway:signal:direction": null, "bridge": null, "check_date": null, "construction:electrified": null, "construction:frequency": null, "construction:railway": null, "construction:voltage": null, "highspeed": null, "maxspeed": null, "name:de": null, "name:en": null, "name:zh": null, "name:zh-Hant": null, "start_date": null, "tunnel": null, "opening_date": null, "bridge:structure": null }, "geometry": { "type": "LineString", "coordinates": [ [ 72.8829708, 19.0677527 ], [ 72.8846853, 19.0690853 ], [ 72.885781, 19.0699521 ], [ 72.8861456, 19.0702253 ], [ 72.8864671, 19.0704785 ], [ 72.8873394, 19.0711604 ], [ 72.8876248, 19.0713628 ], [ 72.8879013, 19.071565 ], [ 72.8882226, 19.0717518 ], [ 72.8884775, 19.0719053 ], [ 72.8889208, 19.0721844 ], [ 72.8893049, 19.0724029 ], [ 72.8923929, 19.0748549 ], [ 72.8926262, 19.0750452 ], [ 72.894148, 19.0765517 ], [ 72.8947102, 19.0771629 ] ] } },
{ "type": "Feature", "properties": { "electrified": "contact_line", "frequency": "50", "gauge": "1676", "railway": "rail", "service": "yard", "voltage": "25000", "osm_id": 125343376, "osm_type": "way", "name": null, "oneway": null, "passenger_lines": null, "usage": null, "area": null, "bench": null, "bin": null, "check_date:shelter": null, "lit": null, "public_transport": null, "ref": null, "shelter": null, "train": null, "wheelchair": null, "addr:city": null, "building": null, "construction": null, "internet_access": null, "layer": null, "source": null, "wikidata": null, "wikipedia": null, "railway:signal:direction": null, "bridge": null, "check_date": null, "construction:electrified": null, "construction:frequency": null, "construction:railway": null, "construction:voltage": null, "highspeed": null, "maxspeed": null, "name:de": null, "name:en": null, "name:zh": null, "name:zh-Hant": null, "start_date": null, "tunnel": null, "opening_date": null, "bridge:structure": null }, "geometry": { "type": "LineString", "coordinates": [ [ 72.8830447, 19.0676472 ], [ 72.8835138, 19.068035 ], [ 72.886044, 19.070044 ], [ 72.8866032, 19.0704525 ], [ 72.8871418, 19.0708747 ], [ 72.8872513, 19.0709612 ], [ 72.8874908, 19.0711632 ], [ 72.8877727, 19.0713799 ], [ 72.887923, 19.0714784 ], [ 72.8881117, 19.0716009 ], [ 72.8884668, 19.0717686 ], [ 72.8884853, 19.0717758 ], [ 72.8892374, 19.072046 ], [ 72.8894514, 19.0721475 ], [ 72.8897818, 19.072324 ], [ 72.8899964, 19.0724596 ], [ 72.8903465, 19.0726599 ], [ 72.8905063, 19.07277 ], [ 72.89073, 19.0729323 ], [ 72.891693, 19.0736891 ], [ 72.8930823, 19.0747639 ] ] } },
{ "type": "Feature", "properties": { "electrified": null, "frequency": null, "gauge": "1676", "railway": "rail", "service": "yard", "voltage": null, "osm_id": 125343377, "osm_type": "way", "name": null, "oneway": null, "passenger_lines": null, "usage": null, "area": null, "bench": null, "bin": null, "check_date:shelter": null, "lit": null, "public_transport": null, "ref": null, "shelter": null, "train": null, "wheelchair": null, "addr:city": null, "building": null, "construction": null, "internet_access": null, "layer": null, "source": null, "wikidata": null, "wikipedia": null, "railway:signal:direction": null, "bridge": null, "check_date": null, "construction:electrified": null, "construction:frequency": null, "construction:railway": null, "construction:voltage": null, "highspeed": null, "maxspeed": null, "name:de": null, "name:en": null, "name:zh": null, "name:zh-Hant": null, "start_date": null, "tunnel": null, "opening_date": null, "bridge:structure": null }, "geometry": { "type": "LineString", "coordinates": [ [ 72.8946785, 19.0771977 ], [ 72.8940744, 19.076609 ], [ 72.8925333, 19.0750997 ], [ 72.8923277, 19.0749274 ], [ 72.8884775, 19.0719053 ] ] } },
{ "type": "Feature", "properties": { "electrified": null, "frequency": null, "gauge": null, "railway": "disused", "service": "siding", "voltage": null, "osm_id": 125343378, "osm_type": "way", "name": null, "oneway": null, "passenger_lines": null, "usage": null, "area": null, "bench": null, "bin": null, "check_date:shelter": null, "lit": null, "public_transport": null, "ref": null, "shelter": null, "train": null, "wheelchair": null, "addr:city": null, "building": null, "construction": null, "internet_access": null, "layer": null, "source": null, "wikidata": null, "wikipedia": null, "railway:signal:direction": null, "bridge": null, "check_date": null, "construction:electrified": null, "construction:frequency": null, "construction:railway": null, "construction:voltage": null, "highspeed": null, "maxspeed": null, "name:de": null, "name:en": null, "name:zh": null, "name:zh-Hant": null, "start_date": null, "tunnel": null, "opening_date": null, "bridge:structure": null }, "geometry": { "type": "LineString", "coordinates": [ [ 72.885781, 19.0699521 ], [ 72.8864334, 19.070516 ], [ 72.8875475, 19.071374 ], [ 72.8878788, 19.071624 ], [ 72.8881799, 19.0718825 ], [ 72.8922773, 19.0749931 ] ] } },
{ "type": "Feature", "properties": { "electrified": "contact_line", "frequency": "50", "gauge": "1676", "railway": "rail", "service": "siding", "voltage": "25000", "osm_id": 125343380, "osm_type": "way", "name": null, "oneway": null, "passenger_lines": null, "usage": null, "area": null, "bench": null, "bin": null, "check_date:shelter": null, "lit": null, "public_transport": null, "ref": null, "shelter": null, "train": null, "wheelchair": null, "addr:city": null, "building": null, "construction": null, "internet_access": null, "layer": null, "source": null, "wikidata": null, "wikipedia": null, "railway:signal:direction": null, "bridge": null, "check_date": null, "construction:electrified": null, "construction:frequency": null, "construction:railway": null, "construction:voltage": null, "highspeed": null, "maxspeed": null, "name:de": null, "name:en": null, "name:zh": null, "name:zh-Hant": null, "start_date": null, "tunnel": null, "opening_date": null, "bridge:structure": null }, "geometry": { "type": "LineString", "coordinates": [ [ 72.8829708, 19.0677527 ], [ 72.882585, 19.0674179 ], [ 72.8821623, 19.067032 ], [ 72.8817437, 19.0666956 ] ] } },
{ "type": "Feature", "properties": { "electrified": "contact_line", "frequency": "50", "gauge": "1676", "railway": "rail", "service": "siding", "voltage": "25000", "osm_id": 125343381, "osm_type": "way", "name": null, "oneway": null, "passenger_lines": null, "usage": null, "area": null, "bench": null, "bin": null, "check_date:shelter": null, "lit": null, "public_transport": null, "ref": null, "shelter": null, "train": null, "wheelchair": null, "addr:city": null, "building": null, "construction": null, "internet_access": null, "layer": null, "source": null, "wikidata": null, "wikipedia": null, "railway:signal:direction": null, "bridge": null, "check_date": null, "construction:electrified": null, "construction:frequency": null, "construction:railway": null, "construction:voltage": null, "highspeed": null, "maxspeed": null, "name:de": null, "name:en": null, "name:zh": null, "name:zh-Hant": null, "start_date": null, "tunnel": null, "opening_date": null, "bridge:structure": null }, "geometry": { "type": "LineString", "coordinates": [ [ 72.8866032, 19.0704525 ], [ 72.8860084, 19.0699421 ], [ 72.8834716, 19.0679452 ], [ 72.8830447, 19.0676472 ], [ 72.8825699, 19.0672994 ], [ 72.8823205, 19.0671348 ], [ 72.8821623, 19.067032 ] ] } },
{ "type": "Feature", "properties": { "electrified": null, "frequency": null, "gauge": "1676", "railway": "rail", "service": "yard", "voltage": null, "osm_id": 125343382, "osm_type": "way", "name": null, "oneway": null, "passenger_lines": null, "usage": null, "area": null, "bench": null, "bin": null, "check_date:shelter": null, "lit": null, "public_transport": null, "ref": null, "shelter": null, "train": null, "wheelchair": null, "addr:city": null, "building": null, "construction": null, "internet_access": null, "layer": null, "source": null, "wikidata": null, "wikipedia": null, "railway:signal:direction": null, "bridge": null, "check_date": null, "construction:electrified": null, "construction:frequency": null, "construction:railway": null, "construction:voltage": null, "highspeed": null, "maxspeed": null, "name:de": null, "name:en": null, "name:zh": null, "name:zh-Hant": null, "start_date": null, "tunnel": null, "opening_date": null, "bridge:structure": null }, "geometry": { "type": "LineString", "coordinates": [ [ 72.8950018, 19.0774451 ], [ 72.8948398, 19.07729 ], [ 72.8947102, 19.0771629 ], [ 72.8941144, 19.0765783 ], [ 72.8925721, 19.0750704 ], [ 72.8923588, 19.0748907 ], [ 72.8889208, 19.0721844 ] ] } },
{ "type": "Feature", "properties": { "electrified": "contact_line", "frequency": "50", "gauge": "1676", "railway": "rail", "service": null, "voltage": "25000", "osm_id": 235867416, "osm_type": "way", "name": "Central Railway (Harbour Line)", "oneway": "yes", "passenger_lines": "2", "usage": "main", "area": null, "bench": null, "bin": null, "check_date:shelter": null, "lit": null, "public_transport": null, "ref": null, "shelter": null, "train": null, "wheelchair": null, "addr:city": null, "building": null, "construction": null, "internet_access": null, "layer": null, "source": null, "wikidata": null, "wikipedia": null, "railway:signal:direction": null, "bridge": null, "check_date": null, "construction:electrified": null, "construction:frequency": null, "construction:railway": null, "construction:voltage": null, "highspeed": null, "maxspeed": null, "name:de": null, "name:en": null, "name:zh": null, "name:zh-Hant": null, "start_date": null, "tunnel": null, "opening_date": null, "bridge:structure": null }, "geometry": { "type": "LineString", "coordinates": [ [ 72.9075381, 19.0597141 ], [ 72.9024406, 19.0619536 ], [ 72.9013038, 19.06247 ], [ 72.9003088, 19.0629236 ], [ 72.9000132, 19.0630829 ], [ 72.8995555, 19.0633232 ], [ 72.8992153, 19.0634674 ], [ 72.8989451, 19.0635576 ], [ 72.8984048, 19.0637078 ], [ 72.8966527, 19.0641479 ], [ 72.8951965, 19.064506 ], [ 72.8923927, 19.0651891 ], [ 72.891521, 19.065417 ], [ 72.8901084, 19.0657601 ], [ 72.888988, 19.0660321 ], [ 72.8885727, 19.0661346 ] ] } },
{ "type": "Feature", "properties": { "electrified": "contact_line", "frequency": "50", "gauge": "1676", "railway": "rail", "service": "siding", "voltage": "25000", "osm_id": 260766032, "osm_type": "way", "name": null, "oneway": null, "passenger_lines": null, "usage": null, "area": null, "bench": null, "bin": null, "check_date:shelter": null, "lit": null, "public_transport": null, "ref": null, "shelter": null, "train": null, "wheelchair": null, "addr:city": null, "building": null, "construction": null, "internet_access": null, "layer": null, "source": null, "wikidata": null, "wikipedia": null, "railway:signal:direction": null, "bridge": null, "check_date": null, "construction:electrified": null, "construction:frequency": null, "construction:railway": null, "construction:voltage": null, "highspeed": null, "maxspeed": null, "name:de": null, "name:en": null, "name:zh": null, "name:zh-Hant": null, "start_date": null, "tunnel": null, "opening_date": null, "bridge:structure": null }, "geometry": { "type": "LineString", "coordinates": [ [ 72.8794329, 19.0648092 ], [ 72.8787891, 19.064358 ], [ 72.8783433, 19.0640547 ], [ 72.8773753, 19.0635168 ], [ 72.876739, 19.0631687 ], [ 72.8763236, 19.0628864 ], [ 72.8759867, 19.0626488 ], [ 72.875349, 19.0621455 ], [ 72.8748015, 19.0616893 ], [ 72.8742932, 19.0612269 ], [ 72.8739073, 19.0608539 ], [ 72.8732382, 19.0601752 ], [ 72.8727799, 19.0596698 ], [ 72.8722164, 19.0589452 ], [ 72.8717816, 19.0583609 ] ] } },
{ "type": "Feature", "properties": { "electrified": "contact_line", "frequency": "50", "gauge": "1676", "railway": "rail", "service": "siding", "voltage": "25000", "osm_id": 260766033, "osm_type": "way", "name": null, "oneway": null, "passenger_lines": null, "usage": null, "area": null, "bench": null, "bin": null, "check_date:shelter": null, "lit": null, "public_transport": null, "ref": null, "shelter": null, "train": null, "wheelchair": null, "addr:city": null, "building": null, "construction": null, "internet_access": null, "layer": null, "source": null, "wikidata": null, "wikipedia": null, "railway:signal:direction": null, "bridge": null, "check_date": null, "construction:electrified": null, "construction:frequency": null, "construction:railway": null, "construction:voltage": null, "highspeed": null, "maxspeed": null, "name:de": null, "name:en": null, "name:zh": null, "name:zh-Hant": null, "start_date": null, "tunnel": null, "opening_date": null, "bridge:structure": null }, "geometry": { "type": "LineString", "coordinates": [ [ 72.8809739, 19.0660821 ], [ 72.8794329, 19.0648092 ], [ 72.8799375, 19.0652169 ], [ 72.8792624, 19.0645469 ], [ 72.878916, 19.0642033 ] ] } },
{ "type": "Feature", "properties": { "electrified": "contact_line", "frequency": "50", "gauge": "1676", "railway": "rail", "service": "siding", "voltage": "25000", "osm_id": 260766035, "osm_type": "way", "name": null, "oneway": null, "passenger_lines": null, "usage": null, "area": null, "bench": null, "bin": null, "check_date:shelter": null, "lit": null, "public_transport": null, "ref": null, "shelter": null, "train": null, "wheelchair": null, "addr:city": null, "building": null, "construction": null, "internet_access": null, "layer": null, "source": null, "wikidata": null, "wikipedia": null, "railway:signal:direction": null, "bridge": null, "check_date": null, "construction:electrified": null, "construction:frequency": null, "construction:railway": null, "construction:voltage": null, "highspeed": null, "maxspeed": null, "name:de": null, "name:en": null, "name:zh": null, "name:zh-Hant": null, "start_date": null, "tunnel": null, "opening_date": null, "bridge:structure": null }, "geometry": { "type": "LineString", "coordinates": [ [ 72.8743193, 19.0612009 ], [ 72.8748347, 19.0616667 ], [ 72.8753763, 19.0621094 ], [ 72.8760127, 19.0626141 ], [ 72.8763294, 19.0628361 ], [ 72.8767529, 19.0631281 ], [ 72.8774139, 19.063495 ], [ 72.8778985, 19.063757 ], [ 72.8783758, 19.0640257 ], [ 72.8788136, 19.0643233 ], [ 72.8792476, 19.0646595 ], [ 72.8794329, 19.0648092 ], [ 72.8799375, 19.0652169 ] ] } },
{ "type": "Feature", "properties": { "electrified": null, "frequency": null, "gauge": "1676", "railway": "rail", "service": "yard", "voltage": null, "osm_id": 383026087, "osm_type": "way", "name": null, "oneway": null, "passenger_lines": null, "usage": null, "area": null, "bench": null, "bin": null, "check_date:shelter": null, "lit": null, "public_transport": null, "ref": null, "shelter": null, "train": null, "wheelchair": null, "addr:city": null, "building": null, "construction": null, "internet_access": null, "layer": null, "source": null, "wikidata": null, "wikipedia": null, "railway:signal:direction": null, "bridge": null, "check_date": null, "construction:electrified": null, "construction:frequency": null, "construction:railway": null, "construction:voltage": null, "highspeed": null, "maxspeed": null, "name:de": null, "name:en": null, "name:zh": null, "name:zh-Hant": null, "start_date": null, "tunnel": null, "opening_date": null, "bridge:structure": null }, "geometry": { "type": "LineString", "coordinates": [ [ 72.8951888, 19.0748278 ], [ 72.8950794, 19.0744208 ], [ 72.8950103, 19.0742212 ], [ 72.8949476, 19.0740782 ], [ 72.8948346, 19.0738761 ], [ 72.8946187, 19.0735693 ], [ 72.8942923, 19.0731374 ], [ 72.8941101, 19.0729133 ], [ 72.8938727, 19.0726784 ], [ 72.893728, 19.0726129 ], [ 72.8935923, 19.0724134 ], [ 72.8935747, 19.0723998 ], [ 72.8934544, 19.0723066 ], [ 72.8930565, 19.072033 ], [ 72.8927558, 19.071798 ], [ 72.8909944, 19.0702701 ], [ 72.8894501, 19.0689195 ], [ 72.8889934, 19.0685284 ] ] } },
{ "type": "Feature", "properties": { "electrified": null, "frequency": null, "gauge": "1676", "railway": "rail", "service": "yard", "voltage": null, "osm_id": 383026096, "osm_type": "way", "name": null, "oneway": null, "passenger_lines": null, "usage": null, "area": null, "bench": null, "bin": null, "check_date:shelter": null, "lit": null, "public_transport": null, "ref": null, "shelter": null, "train": null, "wheelchair": null, "addr:city": null, "building": null, "construction": null, "internet_access": null, "layer": null, "source": null, "wikidata": null, "wikipedia": null, "railway:signal:direction": null, "bridge": null, "check_date": null, "construction:electrified": null, "construction:frequency": null, "construction:railway": null, "construction:voltage": null, "highspeed": null, "maxspeed": null, "name:de": null, "name:en": null, "name:zh": null, "name:zh-Hant": null, "start_date": null, "tunnel": null, "opening_date": null, "bridge:structure": null }, "geometry": { "type": "LineString", "coordinates": [ [ 72.8942459, 19.073521 ], [ 72.8939984, 19.0732917 ], [ 72.8939862, 19.0732802 ], [ 72.8938611, 19.0731621 ], [ 72.8936726, 19.0730224 ], [ 72.8934872, 19.0728622 ], [ 72.89324, 19.072637 ], [ 72.893197, 19.0725978 ], [ 72.8889543, 19.0689178 ] ] } },
{ "type": "Feature", "properties": { "electrified": null, "frequency": null, "gauge": "1676", "railway": "rail", "service": "yard", "voltage": null, "osm_id": 383026100, "osm_type": "way", "name": null, "oneway": null, "passenger_lines": null, "usage": null, "area": null, "bench": null, "bin": null, "check_date:shelter": null, "lit": null, "public_transport": null, "ref": null, "shelter": null, "train": null, "wheelchair": null, "addr:city": null, "building": null, "construction": null, "internet_access": null, "layer": null, "source": null, "wikidata": null, "wikipedia": null, "railway:signal:direction": null, "bridge": null, "check_date": null, "construction:electrified": null, "construction:frequency": null, "construction:railway": null, "construction:voltage": null, "highspeed": null, "maxspeed": null, "name:de": null, "name:en": null, "name:zh": null, "name:zh-Hant": null, "start_date": null, "tunnel": null, "opening_date": null, "bridge:structure": null }, "geometry": { "type": "LineString", "coordinates": [ [ 72.8942923, 19.0731374 ], [ 72.8939905, 19.0727787 ], [ 72.8937562, 19.0726981 ], [ 72.8937762, 19.0726382 ], [ 72.8935097, 19.0725 ], [ 72.8934671, 19.0725032 ], [ 72.893366, 19.0724404 ], [ 72.893271, 19.072401 ], [ 72.8931614, 19.0723397 ], [ 72.8930168, 19.0722589 ], [ 72.892753, 19.0720701 ], [ 72.8924316, 19.0718162 ], [ 72.8888485, 19.0687032 ] ] } },
{ "type": "Feature", "properties": { "electrified": "contact_line", "frequency": "50", "gauge": "1676", "railway": "rail", "service": "siding", "voltage": "25000", "osm_id": 427199217, "osm_type": "way", "name": null, "oneway": null, "passenger_lines": null, "usage": null, "area": null, "bench": null, "bin": null, "check_date:shelter": null, "lit": null, "public_transport": null, "ref": null, "shelter": null, "train": null, "wheelchair": null, "addr:city": null, "building": null, "construction": null, "internet_access": null, "layer": null, "source": null, "wikidata": null, "wikipedia": null, "railway:signal:direction": null, "bridge": null, "check_date": null, "construction:electrified": null, "construction:frequency": null, "construction:railway": null, "construction:voltage": null, "highspeed": null, "maxspeed": null, "name:de": null, "name:en": null, "name:zh": null, "name:zh-Hant": null, "start_date": null, "tunnel": null, "opening_date": null, "bridge:structure": null }, "geometry": { "type": "LineString", "coordinates": [ [ 72.8779504, 19.0637006 ], [ 72.8786501, 19.0641161 ], [ 72.8790813, 19.064413 ], [ 72.8792624, 19.0645469 ] ] } },
{ "type": "Feature", "properties": { "electrified": null, "frequency": null, "gauge": null, "railway": "platform", "service": null, "voltage": null, "osm_id": 427199218, "osm_type": "way", "name": null, "oneway": null, "passenger_lines": null, "usage": null, "area": "yes", "bench": "yes", "bin": "yes", "check_date:shelter": "2025-12-16", "lit": "yes", "public_transport": "platform", "ref": "7;8", "shelter": "yes", "train": "yes", "wheelchair": null, "addr:city": null, "building": null, "construction": null, "internet_access": null, "layer": null, "source": null, "wikidata": null, "wikipedia": null, "railway:signal:direction": null, "bridge": null, "check_date": null, "construction:electrified": null, "construction:frequency": null, "construction:railway": null, "construction:voltage": null, "highspeed": null, "maxspeed": null, "name:de": null, "name:en": null, "name:zh": null, "name:zh-Hant": null, "start_date": null, "tunnel": null, "opening_date": null, "bridge:structure": null }, "geometry": { "type": "Polygon", "coordinates": [ [ [ 72.8783896, 19.0642645 ], [ 72.8784467, 19.0641913 ], [ 72.8784644, 19.0642047 ], [ 72.8791022, 19.0646874 ], [ 72.880219, 19.0655533 ], [ 72.8805289, 19.0657935 ], [ 72.8804804, 19.0658552 ], [ 72.8801655, 19.0656139 ], [ 72.8788567, 19.064611 ], [ 72.8784122, 19.0642812 ], [ 72.8783896, 19.0642645 ] ] ] } },
{ "type": "Feature", "properties": { "electrified": null, "frequency": null, "gauge": null, "railway": "platform", "service": null, "voltage": null, "osm_id": 427199219, "osm_type": "way", "name": null, "oneway": null, "passenger_lines": null, "usage": null, "area": "yes", "bench": "yes", "bin": "yes", "check_date:shelter": "2025-12-16", "lit": "yes", "public_transport": "platform", "ref": "1;2", "shelter": "yes", "train": "yes", "wheelchair": null, "addr:city": null, "building": null, "construction": null, "internet_access": null, "layer": null, "source": null, "wikidata": null, "wikipedia": null, "railway:signal:direction": null, "bridge": null, "check_date": null, "construction:electrified": null, "construction:frequency": null, "construction:railway": null, "construction:voltage": null, "highspeed": null, "maxspeed": null, "name:de": null, "name:en": null, "name:zh": null, "name:zh-Hant": null, "start_date": null, "tunnel": null, "opening_date": null, "bridge:structure": null }, "geometry": { "type": "Polygon", "coordinates": [ [ [ 72.878147, 19.0647042 ], [ 72.8782004, 19.064644 ], [ 72.8782181, 19.0646577 ], [ 72.8801854, 19.0661848 ], [ 72.8803832, 19.0663384 ], [ 72.8803237, 19.0664024 ], [ 72.8801384, 19.066259 ], [ 72.8786316, 19.0650923 ], [ 72.8781654, 19.0647189 ], [ 72.878147, 19.0647042 ] ] ] } },
{ "type": "Feature", "properties": { "electrified": null, "frequency": null, "gauge": null, "railway": "station", "service": null, "voltage": null, "osm_id": 427199220, "osm_type": "way", "name": "Kurla", "oneway": null, "passenger_lines": null, "usage": null, "area": null, "bench": "yes", "bin": null, "check_date:shelter": null, "lit": "yes", "public_transport": "station", "ref": "3;4", "shelter": "yes", "train": "yes", "wheelchair": "limited", "addr:city": null, "building": null, "construction": null, "internet_access": null, "layer": null, "source": null, "wikidata": null, "wikipedia": null, "railway:signal:direction": null, "bridge": null, "check_date": null, "construction:electrified": null, "construction:frequency": null, "construction:railway": null, "construction:voltage": null, "highspeed": null, "maxspeed": null, "name:de": null, "name:en": null, "name:zh": null, "name:zh-Hant": null, "start_date": null, "tunnel": null, "opening_date": null, "bridge:structure": null }, "geometry": { "type": "Polygon", "coordinates": [ [ [ 72.878223, 19.0645547 ], [ 72.8782702, 19.0644926 ], [ 72.8783136, 19.0645254 ], [ 72.8789992, 19.0650438 ], [ 72.8798175, 19.0656763 ], [ 72.8803143, 19.0660603 ], [ 72.8802735, 19.0661207 ], [ 72.8797646, 19.0657333 ], [ 72.878915, 19.0650865 ], [ 72.8782663, 19.064588 ], [ 72.878223, 19.0645547 ] ] ] } },
{ "type": "Feature", "properties": { "electrified": null, "frequency": null, "gauge": null, "railway": "platform", "service": null, "voltage": null, "osm_id": 427199221, "osm_type": "way", "name": null, "oneway": null, "passenger_lines": null, "usage": null, "area": "yes", "bench": "yes", "bin": "yes", "check_date:shelter": "2025-12-16", "lit": "yes", "public_transport": "platform", "ref": "5;6", "shelter": "yes", "train": "yes", "wheelchair": null, "addr:city": null, "building": null, "construction": null, "internet_access": null, "layer": null, "source": null, "wikidata": null, "wikipedia": null, "railway:signal:direction": null, "bridge": null, "check_date": null, "construction:electrified": null, "construction:frequency": null, "construction:railway": null, "construction:voltage": null, "highspeed": null, "maxspeed": null, "name:de": null, "name:en": null, "name:zh": null, "name:zh-Hant": null, "start_date": null, "tunnel": null, "opening_date": null, "bridge:structure": null }, "geometry": { "type": "Polygon", "coordinates": [ [ [ 72.8778184, 19.0641064 ], [ 72.8778574, 19.0640462 ], [ 72.8780628, 19.0641724 ], [ 72.8782627, 19.0643034 ], [ 72.8783975, 19.0643917 ], [ 72.878689, 19.0645998 ], [ 72.879108, 19.0649196 ], [ 72.8802149, 19.0657729 ], [ 72.8804153, 19.0659275 ], [ 72.8803728, 19.0659839 ], [ 72.8801673, 19.0658277 ], [ 72.8790361, 19.0649681 ], [ 72.8783297, 19.0644383 ], [ 72.8782135, 19.0643629 ], [ 72.8778184, 19.0641064 ] ] ] } },
{ "type": "Feature", "properties": { "electrified": null, "frequency": null, "gauge": null, "railway": "platform", "service": null, "voltage": null, "osm_id": 427200317, "osm_type": "way", "name": null, "oneway": null, "passenger_lines": null, "usage": null, "area": "yes", "bench": "yes", "bin": "yes", "check_date:shelter": null, "lit": "yes", "public_transport": "platform", "ref": "1", "shelter": "yes", "train": "yes", "wheelchair": null, "addr:city": null, "building": null, "construction": null, "internet_access": null, "layer": null, "source": null, "wikidata": null, "wikipedia": null, "railway:signal:direction": null, "bridge": null, "check_date": null, "construction:electrified": null, "construction:frequency": null, "construction:railway": null, "construction:voltage": null, "highspeed": null, "maxspeed": null, "name:de": null, "name:en": null, "name:zh": null, "name:zh-Hant": null, "start_date": null, "tunnel": null, "opening_date": null, "bridge:structure": null }, "geometry": { "type": "Polygon", "coordinates": [ [ [ 72.8915442, 19.0654949 ], [ 72.8894648, 19.0659897 ], [ 72.88901, 19.0661025 ], [ 72.8890273, 19.0661668 ], [ 72.889031, 19.0661805 ], [ 72.8915652, 19.0655729 ], [ 72.8915442, 19.0654949 ] ] ] } },
{ "type": "Feature", "properties": { "electrified": null, "frequency": null, "gauge": null, "railway": "construction", "service": null, "voltage": null, "osm_id": 626938775, "osm_type": "way", "name": "Mumbai BKC", "oneway": null, "passenger_lines": null, "usage": null, "area": null, "bench": null, "bin": null, "check_date:shelter": null, "lit": null, "public_transport": "station", "ref": null, "shelter": null, "train": "yes", "wheelchair": null, "addr:city": "Mumbai", "building": "yes", "construction": "train_station", "internet_access": "yes", "layer": "-1", "source": "Bullet Train India Mumbai-Ahmedabad Hi-Speed Rail Corridor", "wikidata": "Q7260132", "wikipedia": "en:Mumbai–Ahmedabad high-speed rail corridor", "railway:signal:direction": null, "bridge": null, "check_date": null, "construction:electrified": null, "construction:frequency": null, "construction:railway": null, "construction:voltage": null, "highspeed": null, "maxspeed": null, "name:de": null, "name:en": null, "name:zh": null, "name:zh-Hant": null, "start_date": null, "tunnel": null, "opening_date": null, "bridge:structure": null }, "geometry": { "type": "Polygon", "coordinates": [ [ [ 72.8668573, 19.0686237 ], [ 72.8665352, 19.0690931 ], [ 72.8628355, 19.0668252 ], [ 72.8631576, 19.0663558 ], [ 72.8668573, 19.0686237 ] ] ] } },
{ "type": "Feature", "properties": { "electrified": null, "frequency": null, "gauge": null, "railway": "rail", "service": "yard", "voltage": null, "osm_id": 627395695, "osm_type": "way", "name": null, "oneway": null, "passenger_lines": null, "usage": null, "area": null, "bench": null, "bin": null, "check_date:shelter": null, "lit": null, "public_transport": null, "ref": null, "shelter": null, "train": null, "wheelchair": null, "addr:city": null, "building": null, "construction": null, "internet_access": null, "layer": null, "source": null, "wikidata": null, "wikipedia": null, "railway:signal:direction": null, "bridge": null, "check_date": null, "construction:electrified": null, "construction:frequency": null, "construction:railway": null, "construction:voltage": null, "highspeed": null, "maxspeed": null, "name:de": null, "name:en": null, "name:zh": null, "name:zh-Hant": null, "start_date": null, "tunnel": null, "opening_date": null, "bridge:structure": null }, "geometry": { "type": "LineString", "coordinates": [ [ 72.8869514, 19.0736048 ], [ 72.8871418, 19.074076 ], [ 72.8873732, 19.0745062 ], [ 72.8874071, 19.0745617 ], [ 72.8875649, 19.0748195 ] ] } },
{ "type": "Feature", "properties": { "electrified": null, "frequency": null, "gauge": null, "railway": "rail", "service": "yard", "voltage": null, "osm_id": 627395697, "osm_type": "way", "name": null, "oneway": null, "passenger_lines": null, "usage": null, "area": null, "bench": null, "bin": null, "check_date:shelter": null, "lit": null, "public_transport": null, "ref": null, "shelter": null, "train": null, "wheelchair": null, "addr:city": null, "building": null, "construction": null, "internet_access": null, "layer": null, "source": null, "wikidata": null, "wikipedia": null, "railway:signal:direction": null, "bridge": null, "check_date": null, "construction:electrified": null, "construction:frequency": null, "construction:railway": null, "construction:voltage": null, "highspeed": null, "maxspeed": null, "name:de": null, "name:en": null, "name:zh": null, "name:zh-Hant": null, "start_date": null, "tunnel": null, "opening_date": null, "bridge:structure": null }, "geometry": { "type": "LineString", "coordinates": [ [ 72.8871422, 19.0734787 ], [ 72.8873616, 19.0738551 ], [ 72.8876138, 19.0741935 ], [ 72.8877061, 19.0742959 ], [ 72.8877532, 19.0743482 ], [ 72.8878619, 19.0744306 ] ] } },
{ "type": "Feature", "properties": { "electrified": null, "frequency": null, "gauge": null, "railway": "rail", "service": "yard", "voltage": null, "osm_id": 627395699, "osm_type": "way", "name": null, "oneway": null, "passenger_lines": null, "usage": null, "area": null, "bench": null, "bin": null, "check_date:shelter": null, "lit": null, "public_transport": null, "ref": null, "shelter": null, "train": null, "wheelchair": null, "addr:city": null, "building": null, "construction": null, "internet_access": null, "layer": null, "source": null, "wikidata": null, "wikipedia": null, "railway:signal:direction": null, "bridge": null, "check_date": null, "construction:electrified": null, "construction:frequency": null, "construction:railway": null, "construction:voltage": null, "highspeed": null, "maxspeed": null, "name:de": null, "name:en": null, "name:zh": null, "name:zh-Hant": null, "start_date": null, "tunnel": null, "opening_date": null, "bridge:structure": null }, "geometry": { "type": "LineString", "coordinates": [ [ 72.8878619, 19.0744306 ], [ 72.8883162, 19.0748689 ], [ 72.8896125, 19.0759034 ], [ 72.8897893, 19.0760399 ], [ 72.8900148, 19.0761784 ], [ 72.8903447, 19.076354 ] ] } },
{ "type": "Feature", "properties": { "electrified": null, "frequency": null, "gauge": null, "railway": "rail", "service": "yard", "voltage": null, "osm_id": 627395700, "osm_type": "way", "name": null, "oneway": null, "passenger_lines": null, "usage": null, "area": null, "bench": null, "bin": null, "check_date:shelter": null, "lit": null, "public_transport": null, "ref": null, "shelter": null, "train": null, "wheelchair": null, "addr:city": null, "building": null, "construction": null, "internet_access": null, "layer": null, "source": null, "wikidata": null, "wikipedia": null, "railway:signal:direction": null, "bridge": null, "check_date": null, "construction:electrified": null, "construction:frequency": null, "construction:railway": null, "construction:voltage": null, "highspeed": null, "maxspeed": null, "name:de": null, "name:en": null, "name:zh": null, "name:zh-Hant": null, "start_date": null, "tunnel": null, "opening_date": null, "bridge:structure": null }, "geometry": { "type": "LineString", "coordinates": [ [ 72.8869988, 19.0731514 ], [ 72.8871068, 19.0733862 ], [ 72.8871422, 19.0734787 ], [ 72.8872053, 19.073644 ], [ 72.8873737, 19.0739489 ], [ 72.88765, 19.0743076 ], [ 72.8876647, 19.0743222 ], [ 72.8883056, 19.0749562 ], [ 72.8895777, 19.0759442 ], [ 72.8896537, 19.0760229 ], [ 72.8897058, 19.0760569 ], [ 72.8900341, 19.0762447 ] ] } },
{ "type": "Feature", "properties": { "electrified": null, "frequency": null, "gauge": null, "railway": "rail", "service": "yard", "voltage": null, "osm_id": 627395702, "osm_type": "way", "name": null, "oneway": null, "passenger_lines": null, "usage": null, "area": null, "bench": null, "bin": null, "check_date:shelter": null, "lit": null, "public_transport": null, "ref": null, "shelter": null, "train": null, "wheelchair": null, "addr:city": null, "building": null, "construction": null, "internet_access": null, "layer": null, "source": null, "wikidata": null, "wikipedia": null, "railway:signal:direction": null, "bridge": null, "check_date": null, "construction:electrified": null, "construction:frequency": null, "construction:railway": null, "construction:voltage": null, "highspeed": null, "maxspeed": null, "name:de": null, "name:en": null, "name:zh": null, "name:zh-Hant": null, "start_date": null, "tunnel": null, "opening_date": null, "bridge:structure": null }, "geometry": { "type": "LineString", "coordinates": [ [ 72.8869297, 19.07283 ], [ 72.88697, 19.0731622 ], [ 72.8870444, 19.0735054 ], [ 72.8871143, 19.0736887 ], [ 72.8872361, 19.0739445 ], [ 72.8873511, 19.0741299 ], [ 72.8875789, 19.0744042 ], [ 72.8875904, 19.074418 ], [ 72.8878297, 19.0746549 ], [ 72.8882086, 19.0750203 ], [ 72.8895163, 19.0760337 ], [ 72.8896292, 19.076106 ], [ 72.8898073, 19.0761997 ], [ 72.8900013, 19.0762871 ], [ 72.8902832, 19.0763617 ], [ 72.8905471, 19.0764092 ] ] } },
{ "type": "Feature", "properties": { "electrified": null, "frequency": null, "gauge": null, "railway": "rail", "service": "yard", "voltage": null, "osm_id": 627395703, "osm_type": "way", "name": null, "oneway": null, "passenger_lines": null, "usage": null, "area": null, "bench": null, "bin": null, "check_date:shelter": null, "lit": null, "public_transport": null, "ref": null, "shelter": null, "train": null, "wheelchair": null, "addr:city": null, "building": null, "construction": null, "internet_access": null, "layer": null, "source": null, "wikidata": null, "wikipedia": null, "railway:signal:direction": null, "bridge": null, "check_date": null, "construction:electrified": null, "construction:frequency": null, "construction:railway": null, "construction:voltage": null, "highspeed": null, "maxspeed": null, "name:de": null, "name:en": null, "name:zh": null, "name:zh-Hant": null, "start_date": null, "tunnel": null, "opening_date": null, "bridge:structure": null }, "geometry": { "type": "LineString", "coordinates": [ [ 72.8873511, 19.0741299 ], [ 72.887546, 19.0744351 ], [ 72.8876058, 19.0745288 ], [ 72.8877573, 19.0746815 ], [ 72.88816, 19.0750515 ], [ 72.8894757, 19.076094 ], [ 72.8896449, 19.0762061 ], [ 72.8898524, 19.0763063 ], [ 72.8902517, 19.0764598 ], [ 72.8903315, 19.076482 ], [ 72.8904862, 19.0765323 ], [ 72.8905825, 19.0765543 ], [ 72.8908313, 19.0766111 ] ] } },
{ "type": "Feature", "properties": { "electrified": null, "frequency": null, "gauge": null, "railway": "rail", "service": "yard", "voltage": null, "osm_id": 627395704, "osm_type": "way", "name": null, "oneway": null, "passenger_lines": null, "usage": null, "area": null, "bench": null, "bin": null, "check_date:shelter": null, "lit": null, "public_transport": null, "ref": null, "shelter": null, "train": null, "wheelchair": null, "addr:city": null, "building": null, "construction": null, "internet_access": null, "layer": null, "source": null, "wikidata": null, "wikipedia": null, "railway:signal:direction": null, "bridge": null, "check_date": null, "construction:electrified": null, "construction:frequency": null, "construction:railway": null, "construction:voltage": null, "highspeed": null, "maxspeed": null, "name:de": null, "name:en": null, "name:zh": null, "name:zh-Hant": null, "start_date": null, "tunnel": null, "opening_date": null, "bridge:structure": null }, "geometry": { "type": "LineString", "coordinates": [ [ 72.8869187, 19.0733684 ], [ 72.8870699, 19.0738195 ], [ 72.8872262, 19.0741421 ], [ 72.8874046, 19.0743811 ], [ 72.8874923, 19.074476 ], [ 72.8876822, 19.0746815 ], [ 72.8880925, 19.0750573 ], [ 72.8894324, 19.0761311 ], [ 72.8895976, 19.0762317 ], [ 72.889778, 19.0763191 ], [ 72.8902517, 19.0764598 ] ] } },
{ "type": "Feature", "properties": { "electrified": null, "frequency": null, "gauge": null, "railway": "rail", "service": "yard", "voltage": null, "osm_id": 627395705, "osm_type": "way", "name": null, "oneway": null, "passenger_lines": null, "usage": null, "area": null, "bench": null, "bin": null, "check_date:shelter": null, "lit": null, "public_transport": null, "ref": null, "shelter": null, "train": null, "wheelchair": null, "addr:city": null, "building": null, "construction": null, "internet_access": null, "layer": null, "source": null, "wikidata": null, "wikipedia": null, "railway:signal:direction": null, "bridge": null, "check_date": null, "construction:electrified": null, "construction:frequency": null, "construction:railway": null, "construction:voltage": null, "highspeed": null, "maxspeed": null, "name:de": null, "name:en": null, "name:zh": null, "name:zh-Hant": null, "start_date": null, "tunnel": null, "opening_date": null, "bridge:structure": null }, "geometry": { "type": "LineString", "coordinates": [ [ 72.8871418, 19.074076 ], [ 72.8873241, 19.0743452 ], [ 72.8874526, 19.074503 ], [ 72.8874613, 19.0745123 ], [ 72.8876272, 19.0746891 ], [ 72.8880381, 19.0750831 ], [ 72.8893974, 19.0761832 ], [ 72.8895705, 19.0762957 ], [ 72.8897442, 19.0763852 ], [ 72.8899675, 19.0764726 ], [ 72.8903183, 19.0765448 ], [ 72.8903622, 19.0765557 ], [ 72.8905629, 19.0765856 ], [ 72.8905828, 19.0765875 ], [ 72.8908313, 19.0766111 ], [ 72.891129, 19.0766474 ] ] } },
{ "type": "Feature", "properties": { "electrified": null, "frequency": null, "gauge": null, "railway": "rail", "service": "yard", "voltage": null, "osm_id": 627395706, "osm_type": "way", "name": null, "oneway": null, "passenger_lines": null, "usage": null, "area": null, "bench": null, "bin": null, "check_date:shelter": null, "lit": null, "public_transport": null, "ref": null, "shelter": null, "train": null, "wheelchair": null, "addr:city": null, "building": null, "construction": null, "internet_access": null, "layer": null, "source": null, "wikidata": null, "wikipedia": null, "railway:signal:direction": null, "bridge": null, "check_date": null, "construction:electrified": null, "construction:frequency": null, "construction:railway": null, "construction:voltage": null, "highspeed": null, "maxspeed": null, "name:de": null, "name:en": null, "name:zh": null, "name:zh-Hant": null, "start_date": null, "tunnel": null, "opening_date": null, "bridge:structure": null }, "geometry": { "type": "LineString", "coordinates": [ [ 72.8875649, 19.0748195 ], [ 72.8893738, 19.0762357 ], [ 72.8895141, 19.076334 ], [ 72.8897126, 19.0764236 ], [ 72.8900893, 19.0765429 ], [ 72.8903014, 19.0765868 ], [ 72.890513, 19.0766296 ] ] } },
{ "type": "Feature", "properties": { "electrified": null, "frequency": null, "gauge": null, "railway": "rail", "service": "yard", "voltage": null, "osm_id": 627395707, "osm_type": "way", "name": null, "oneway": null, "passenger_lines": null, "usage": null, "area": null, "bench": null, "bin": null, "check_date:shelter": null, "lit": null, "public_transport": null, "ref": null, "shelter": null, "train": null, "wheelchair": null, "addr:city": null, "building": null, "construction": null, "internet_access": null, "layer": null, "source": null, "wikidata": null, "wikipedia": null, "railway:signal:direction": null, "bridge": null, "check_date": null, "construction:electrified": null, "construction:frequency": null, "construction:railway": null, "construction:voltage": null, "highspeed": null, "maxspeed": null, "name:de": null, "name:en": null, "name:zh": null, "name:zh-Hant": null, "start_date": null, "tunnel": null, "opening_date": null, "bridge:structure": null }, "geometry": { "type": "LineString", "coordinates": [ [ 72.8869981, 19.0738614 ], [ 72.8870792, 19.0740581 ], [ 72.8872233, 19.0743682 ], [ 72.8873621, 19.0745963 ], [ 72.8875253, 19.0748643 ], [ 72.8893318, 19.0762677 ], [ 72.8895096, 19.076366 ], [ 72.8897915, 19.0765003 ], [ 72.8901139, 19.0765972 ], [ 72.8902998, 19.0766213 ], [ 72.890513, 19.0766296 ], [ 72.8905732, 19.0766346 ], [ 72.8907794, 19.0766452 ], [ 72.891129, 19.0766474 ], [ 72.8913487, 19.0766525 ], [ 72.8918288, 19.0766867 ] ] } },
{ "type": "Feature", "properties": { "electrified": null, "frequency": null, "gauge": "1676", "railway": "rail", "service": "yard", "voltage": null, "osm_id": 627395708, "osm_type": "way", "name": null, "oneway": null, "passenger_lines": null, "usage": null, "area": null, "bench": null, "bin": null, "check_date:shelter": null, "lit": null, "public_transport": null, "ref": null, "shelter": null, "train": null, "wheelchair": null, "addr:city": null, "building": null, "construction": null, "internet_access": null, "layer": null, "source": null, "wikidata": null, "wikipedia": null, "railway:signal:direction": null, "bridge": null, "check_date": null, "construction:electrified": null, "construction:frequency": null, "construction:railway": null, "construction:voltage": null, "highspeed": null, "maxspeed": null, "name:de": null, "name:en": null, "name:zh": null, "name:zh-Hant": null, "start_date": null, "tunnel": null, "opening_date": null, "bridge:structure": null }, "geometry": { "type": "LineString", "coordinates": [ [ 72.8871129, 19.0742923 ], [ 72.8873085, 19.0746409 ], [ 72.8873144, 19.0746514 ], [ 72.8874887, 19.0749056 ], [ 72.8892882, 19.0763037 ], [ 72.8899627, 19.0768277 ] ] } },
{ "type": "Feature", "properties": { "electrified": null, "frequency": null, "gauge": "1676", "railway": "rail", "service": "yard", "voltage": null, "osm_id": 627395709, "osm_type": "way", "name": null, "oneway": null, "passenger_lines": null, "usage": null, "area": null, "bench": null, "bin": null, "check_date:shelter": null, "lit": null, "public_transport": null, "ref": null, "shelter": null, "train": null, "wheelchair": null, "addr:city": null, "building": null, "construction": null, "internet_access": null, "layer": null, "source": null, "wikidata": null, "wikipedia": null, "railway:signal:direction": null, "bridge": null, "check_date": null, "construction:electrified": null, "construction:frequency": null, "construction:railway": null, "construction:voltage": null, "highspeed": null, "maxspeed": null, "name:de": null, "name:en": null, "name:zh": null, "name:zh-Hant": null, "start_date": null, "tunnel": null, "opening_date": null, "bridge:structure": null }, "geometry": { "type": "LineString", "coordinates": [ [ 72.886888, 19.0725233 ], [ 72.8868786, 19.0730086 ], [ 72.8869187, 19.0733684 ], [ 72.886937, 19.0735257 ], [ 72.8869514, 19.0736048 ], [ 72.8869981, 19.0738614 ], [ 72.887028, 19.0740258 ], [ 72.8871129, 19.0742923 ], [ 72.8871363, 19.0743659 ], [ 72.8872717, 19.0746654 ], [ 72.8872865, 19.074698 ], [ 72.8874582, 19.0749401 ], [ 72.8892653, 19.0763493 ], [ 72.8899255, 19.0768642 ] ] } },
{ "type": "Feature", "properties": { "electrified": null, "frequency": null, "gauge": null, "railway": "disused", "service": "yard", "voltage": null, "osm_id": 627395710, "osm_type": "way", "name": null, "oneway": null, "passenger_lines": null, "usage": null, "area": null, "bench": null, "bin": null, "check_date:shelter": null, "lit": null, "public_transport": null, "ref": null, "shelter": null, "train": null, "wheelchair": null, "addr:city": null, "building": null, "construction": null, "internet_access": null, "layer": null, "source": null, "wikidata": null, "wikipedia": null, "railway:signal:direction": null, "bridge": null, "check_date": null, "construction:electrified": null, "construction:frequency": null, "construction:railway": null, "construction:voltage": null, "highspeed": null, "maxspeed": null, "name:de": null, "name:en": null, "name:zh": null, "name:zh-Hant": null, "start_date": null, "tunnel": null, "opening_date": null, "bridge:structure": null }, "geometry": { "type": "LineString", "coordinates": [ [ 72.8912733, 19.0725053 ], [ 72.8907654, 19.072286 ], [ 72.8905347, 19.072139 ], [ 72.8902745, 19.0719945 ], [ 72.8899017, 19.0717714 ], [ 72.8895342, 19.0715762 ], [ 72.8893411, 19.0714951 ], [ 72.8889762, 19.0713995 ] ] } },
{ "type": "Feature", "properties": { "electrified": null, "frequency": null, "gauge": "1676", "railway": "disused", "service": "yard", "voltage": null, "osm_id": 627395711, "osm_type": "way", "name": null, "oneway": null, "passenger_lines": null, "usage": null, "area": null, "bench": null, "bin": null, "check_date:shelter": null, "lit": null, "public_transport": null, "ref": null, "shelter": null, "train": null, "wheelchair": null, "addr:city": null, "building": null, "construction": null, "internet_access": null, "layer": null, "source": null, "wikidata": null, "wikipedia": null, "railway:signal:direction": null, "bridge": null, "check_date": null, "construction:electrified": null, "construction:frequency": null, "construction:railway": null, "construction:voltage": null, "highspeed": null, "maxspeed": null, "name:de": null, "name:en": null, "name:zh": null, "name:zh-Hant": null, "start_date": null, "tunnel": null, "opening_date": null, "bridge:structure": null }, "geometry": { "type": "LineString", "coordinates": [ [ 72.8883486, 19.0713205 ], [ 72.8888744, 19.0713886 ], [ 72.8889762, 19.0713995 ], [ 72.8891104, 19.0714139 ], [ 72.8893706, 19.0714494 ], [ 72.889604, 19.0715128 ], [ 72.8900948, 19.0717739 ], [ 72.8910685, 19.0723696 ], [ 72.8912733, 19.0725053 ], [ 72.8919261, 19.0729376 ], [ 72.8930496, 19.0738119 ] ] } },
{ "type": "Feature", "properties": { "electrified": null, "frequency": null, "gauge": "1676", "railway": "rail", "service": "yard", "voltage": null, "osm_id": 627395712, "osm_type": "way", "name": null, "oneway": null, "passenger_lines": null, "usage": null, "area": null, "bench": null, "bin": null, "check_date:shelter": null, "lit": null, "public_transport": null, "ref": null, "shelter": null, "train": null, "wheelchair": null, "addr:city": null, "building": null, "construction": null, "internet_access": null, "layer": null, "source": null, "wikidata": null, "wikipedia": null, "railway:signal:direction": null, "bridge": null, "check_date": null, "construction:electrified": null, "construction:frequency": null, "construction:railway": null, "construction:voltage": null, "highspeed": null, "maxspeed": null, "name:de": null, "name:en": null, "name:zh": null, "name:zh-Hant": null, "start_date": null, "tunnel": null, "opening_date": null, "bridge:structure": null }, "geometry": { "type": "LineString", "coordinates": [ [ 72.8874908, 19.0711632 ], [ 72.8877278, 19.0712815 ], [ 72.8879392, 19.0713491 ], [ 72.8880522, 19.0713909 ], [ 72.8883556, 19.071459 ], [ 72.8887653, 19.0715199 ], [ 72.8890005, 19.0715576 ], [ 72.8892736, 19.0716436 ], [ 72.88956, 19.0717673 ], [ 72.8898653, 19.0719071 ], [ 72.8907378, 19.0724072 ], [ 72.8916192, 19.0729341 ], [ 72.8922, 19.0733626 ], [ 72.8929037, 19.0739219 ] ] } },
{ "type": "Feature", "properties": { "electrified": null, "frequency": null, "gauge": "1676", "railway": "rail", "service": "yard", "voltage": null, "osm_id": 627395719, "osm_type": "way", "name": null, "oneway": null, "passenger_lines": null, "usage": null, "area": null, "bench": null, "bin": null, "check_date:shelter": null, "lit": null, "public_transport": null, "ref": null, "shelter": null, "train": null, "wheelchair": null, "addr:city": null, "building": null, "construction": null, "internet_access": null, "layer": null, "source": null, "wikidata": null, "wikipedia": null, "railway:signal:direction": null, "bridge": null, "check_date": null, "construction:electrified": null, "construction:frequency": null, "construction:railway": null, "construction:voltage": null, "highspeed": null, "maxspeed": null, "name:de": null, "name:en": null, "name:zh": null, "name:zh-Hant": null, "start_date": null, "tunnel": null, "opening_date": null, "bridge:structure": null }, "geometry": { "type": "LineString", "coordinates": [ [ 72.8937297, 19.0731054 ], [ 72.8933805, 19.0728868 ], [ 72.8931597, 19.0727281 ], [ 72.8931058, 19.0726894 ], [ 72.890015, 19.0700086 ], [ 72.8888643, 19.0690105 ] ] } },
{ "type": "Feature", "properties": { "electrified": null, "frequency": null, "gauge": "1676", "railway": "rail", "service": "yard", "voltage": null, "osm_id": 627395720, "osm_type": "way", "name": null, "oneway": null, "passenger_lines": null, "usage": null, "area": null, "bench": null, "bin": null, "check_date:shelter": null, "lit": null, "public_transport": null, "ref": null, "shelter": null, "train": null, "wheelchair": null, "addr:city": null, "building": null, "construction": null, "internet_access": null, "layer": null, "source": null, "wikidata": null, "wikipedia": null, "railway:signal:direction": null, "bridge": null, "check_date": null, "construction:electrified": null, "construction:frequency": null, "construction:railway": null, "construction:voltage": null, "highspeed": null, "maxspeed": null, "name:de": null, "name:en": null, "name:zh": null, "name:zh-Hant": null, "start_date": null, "tunnel": null, "opening_date": null, "bridge:structure": null }, "geometry": { "type": "LineString", "coordinates": [ [ 72.8939862, 19.0732802 ], [ 72.893816, 19.0731661 ], [ 72.8937297, 19.0731054 ], [ 72.8936163, 19.0730142 ], [ 72.8935361, 19.0729514 ], [ 72.8932002, 19.0726774 ], [ 72.8931547, 19.0726403 ], [ 72.8889125, 19.0689608 ] ] } },
{ "type": "Feature", "properties": { "electrified": null, "frequency": null, "gauge": "1676", "railway": "rail", "service": "yard", "voltage": null, "osm_id": 627395721, "osm_type": "way", "name": null, "oneway": null, "passenger_lines": null, "usage": null, "area": null, "bench": null, "bin": null, "check_date:shelter": null, "lit": null, "public_transport": null, "ref": null, "shelter": null, "train": null, "wheelchair": null, "addr:city": null, "building": null, "construction": null, "internet_access": null, "layer": null, "source": null, "wikidata": null, "wikipedia": null, "railway:signal:direction": null, "bridge": null, "check_date": null, "construction:electrified": null, "construction:frequency": null, "construction:railway": null, "construction:voltage": null, "highspeed": null, "maxspeed": null, "name:de": null, "name:en": null, "name:zh": null, "name:zh-Hant": null, "start_date": null, "tunnel": null, "opening_date": null, "bridge:structure": null }, "geometry": { "type": "LineString", "coordinates": [ [ 72.8934671, 19.0725032 ], [ 72.8933582, 19.0724434 ], [ 72.8931482, 19.072319 ], [ 72.8931228, 19.0723046 ], [ 72.8929448, 19.0721857 ], [ 72.8926341, 19.0719429 ], [ 72.890868, 19.0704109 ], [ 72.8893242, 19.0690608 ], [ 72.8889386, 19.0687225 ] ] } },
{ "type": "Feature", "properties": { "electrified": null, "frequency": null, "gauge": "1676", "railway": "rail", "service": "yard", "voltage": null, "osm_id": 627395722, "osm_type": "way", "name": null, "oneway": null, "passenger_lines": null, "usage": null, "area": null, "bench": null, "bin": null, "check_date:shelter": null, "lit": null, "public_transport": null, "ref": null, "shelter": null, "train": null, "wheelchair": null, "addr:city": null, "building": null, "construction": null, "internet_access": null, "layer": null, "source": null, "wikidata": null, "wikipedia": null, "railway:signal:direction": null, "bridge": null, "check_date": null, "construction:electrified": null, "construction:frequency": null, "construction:railway": null, "construction:voltage": null, "highspeed": null, "maxspeed": null, "name:de": null, "name:en": null, "name:zh": null, "name:zh-Hant": null, "start_date": null, "tunnel": null, "opening_date": null, "bridge:structure": null }, "geometry": { "type": "LineString", "coordinates": [ [ 72.8937562, 19.0726981 ], [ 72.893528, 19.0725396 ], [ 72.8934794, 19.072508 ], [ 72.8933772, 19.0724325 ], [ 72.8931727, 19.0722822 ], [ 72.892969, 19.0721538 ], [ 72.8926619, 19.0719137 ], [ 72.8908975, 19.0703832 ], [ 72.8893535, 19.0690329 ], [ 72.8889075, 19.0686358 ] ] } },
{ "type": "Feature", "properties": { "electrified": null, "frequency": null, "gauge": "1676", "railway": "rail", "service": "yard", "voltage": null, "osm_id": 627395723, "osm_type": "way", "name": null, "oneway": null, "passenger_lines": null, "usage": null, "area": null, "bench": null, "bin": null, "check_date:shelter": null, "lit": null, "public_transport": null, "ref": null, "shelter": null, "train": null, "wheelchair": null, "addr:city": null, "building": null, "construction": null, "internet_access": null, "layer": null, "source": null, "wikidata": null, "wikipedia": null, "railway:signal:direction": null, "bridge": null, "check_date": null, "construction:electrified": null, "construction:frequency": null, "construction:railway": null, "construction:voltage": null, "highspeed": null, "maxspeed": null, "name:de": null, "name:en": null, "name:zh": null, "name:zh-Hant": null, "start_date": null, "tunnel": null, "opening_date": null, "bridge:structure": null }, "geometry": { "type": "LineString", "coordinates": [ [ 72.893728, 19.0726129 ], [ 72.8935516, 19.0724346 ], [ 72.8934364, 19.072353 ], [ 72.8930199, 19.0720834 ], [ 72.8927161, 19.0718459 ], [ 72.8909532, 19.0703167 ], [ 72.8894091, 19.0689663 ], [ 72.8889526, 19.0685754 ] ] } },
{ "type": "Feature", "properties": { "electrified": null, "frequency": null, "gauge": "1676", "railway": "rail", "service": "yard", "voltage": null, "osm_id": 627395724, "osm_type": "way", "name": null, "oneway": null, "passenger_lines": null, "usage": null, "area": null, "bench": null, "bin": null, "check_date:shelter": null, "lit": null, "public_transport": null, "ref": null, "shelter": null, "train": null, "wheelchair": null, "addr:city": null, "building": null, "construction": null, "internet_access": null, "layer": null, "source": null, "wikidata": null, "wikipedia": null, "railway:signal:direction": null, "bridge": null, "check_date": null, "construction:electrified": null, "construction:frequency": null, "construction:railway": null, "construction:voltage": null, "highspeed": null, "maxspeed": null, "name:de": null, "name:en": null, "name:zh": null, "name:zh-Hant": null, "start_date": null, "tunnel": null, "opening_date": null, "bridge:structure": null }, "geometry": { "type": "LineString", "coordinates": [ [ 72.8890926, 19.0684521 ], [ 72.8891425, 19.0685006 ], [ 72.8892455, 19.0686011 ], [ 72.8894491, 19.0687666 ], [ 72.8927861, 19.07148 ], [ 72.8931297, 19.0717832 ], [ 72.8935629, 19.0722065 ], [ 72.8936794, 19.0723135 ], [ 72.8937853, 19.0724574 ], [ 72.8938895, 19.0724777 ], [ 72.8940718, 19.0727061 ] ] } },
{ "type": "Feature", "properties": { "electrified": "contact_line", "frequency": "50", "gauge": "1676", "railway": "rail", "service": null, "voltage": "25000", "osm_id": 643716982, "osm_type": "way", "name": "Central Railway (Harbour Line)", "oneway": "yes", "passenger_lines": "2", "usage": "main", "area": null, "bench": null, "bin": null, "check_date:shelter": null, "lit": null, "public_transport": null, "ref": null, "shelter": null, "train": null, "wheelchair": null, "addr:city": null, "building": null, "construction": null, "internet_access": null, "layer": null, "source": null, "wikidata": null, "wikipedia": null, "railway:signal:direction": null, "bridge": null, "check_date": null, "construction:electrified": null, "construction:frequency": null, "construction:railway": null, "construction:voltage": null, "highspeed": null, "maxspeed": null, "name:de": null, "name:en": null, "name:zh": null, "name:zh-Hant": null, "start_date": null, "tunnel": null, "opening_date": null, "bridge:structure": null }, "geometry": { "type": "LineString", "coordinates": [ [ 72.8804586, 19.0657153 ], [ 72.8793034, 19.0648111 ], [ 72.8787458, 19.0643733 ], [ 72.8784808, 19.0642 ], [ 72.8782657, 19.0640669 ], [ 72.8780245, 19.0639231 ], [ 72.8774612, 19.0636167 ], [ 72.8769101, 19.063303 ], [ 72.8766376, 19.0631497 ], [ 72.87639, 19.0629816 ], [ 72.8761285, 19.0627912 ], [ 72.87598, 19.062683 ], [ 72.8753195, 19.0621756 ], [ 72.8747619, 19.0617178 ], [ 72.8742592, 19.0612664 ], [ 72.873803, 19.0608317 ], [ 72.8734244, 19.0604418 ], [ 72.8729925, 19.0599762 ], [ 72.8727208, 19.0596554 ], [ 72.8721719, 19.0589731 ], [ 72.8717332, 19.0583803 ], [ 72.8705918, 19.0567419 ], [ 72.8703469, 19.0563433 ], [ 72.8700403, 19.0557839 ], [ 72.8698404, 19.0554099 ], [ 72.8695069, 19.0546008 ], [ 72.8692773, 19.0538962 ], [ 72.869185, 19.0535056 ], [ 72.8691173, 19.053112 ], [ 72.8690985, 19.0529785 ], [ 72.8690636, 19.0526134 ], [ 72.8690287, 19.0519872 ], [ 72.8690233, 19.0518338 ], [ 72.869018, 19.0516804 ], [ 72.8690395, 19.0512089 ], [ 72.8693372, 19.048955 ], [ 72.8694203, 19.048491 ], [ 72.8694391, 19.0474971 ], [ 72.8693989, 19.0463993 ], [ 72.8692782, 19.0457553 ], [ 72.8691334, 19.0451418 ], [ 72.8689, 19.0443736 ], [ 72.8686999, 19.0438398 ], [ 72.8684447, 19.0432121 ], [ 72.8678439, 19.0421777 ], [ 72.8671455, 19.0412046 ], [ 72.8659597, 19.0397897 ], [ 72.8651412, 19.0387683 ], [ 72.8644195, 19.0379507 ], [ 72.8634251, 19.0368241 ], [ 72.8630116, 19.0363641 ], [ 72.8626062, 19.0359002 ], [ 72.8621462, 19.0353118 ], [ 72.8617278, 19.034683 ], [ 72.8612825, 19.0337854 ], [ 72.8609046, 19.0327891 ] ] } },
{ "type": "Feature", "properties": { "electrified": null, "frequency": null, "gauge": null, "railway": "platform", "service": null, "voltage": null, "osm_id": 656434505, "osm_type": "way", "name": null, "oneway": null, "passenger_lines": null, "usage": null, "area": "yes", "bench": "yes", "bin": "yes", "check_date:shelter": null, "lit": "yes", "public_transport": "platform", "ref": "2", "shelter": "yes", "train": "yes", "wheelchair": null, "addr:city": null, "building": null, "construction": null, "internet_access": null, "layer": null, "source": null, "wikidata": null, "wikipedia": null, "railway:signal:direction": null, "bridge": null, "check_date": null, "construction:electrified": null, "construction:frequency": null, "construction:railway": null, "construction:voltage": null, "highspeed": null, "maxspeed": null, "name:de": null, "name:en": null, "name:zh": null, "name:zh-Hant": null, "start_date": null, "tunnel": null, "opening_date": null, "bridge:structure": null }, "geometry": { "type": "Polygon", "coordinates": [ [ [ 72.8914962, 19.06532 ], [ 72.8913469, 19.0653558 ], [ 72.8894284, 19.0658159 ], [ 72.8894175, 19.0658185 ], [ 72.8894067, 19.0658211 ], [ 72.888962, 19.0659277 ], [ 72.8889829, 19.0660056 ], [ 72.8894379, 19.0658928 ], [ 72.8915172, 19.065398 ], [ 72.8914962, 19.06532 ] ] ] } },
{ "type": "Feature", "properties": { "electrified": "contact_line", "frequency": "50", "gauge": "1676", "railway": "rail", "service": null, "voltage": "25000", "osm_id": 816146627, "osm_type": "way", "name": "Mumbai-Pune Railway", "oneway": "yes", "passenger_lines": "6", "usage": "main", "area": null, "bench": null, "bin": null, "check_date:shelter": null, "lit": null, "public_transport": null, "ref": null, "shelter": null, "train": null, "wheelchair": null, "addr:city": null, "building": null, "construction": null, "internet_access": null, "layer": null, "source": null, "wikidata": null, "wikipedia": null, "railway:signal:direction": null, "bridge": null, "check_date": null, "construction:electrified": null, "construction:frequency": null, "construction:railway": null, "construction:voltage": null, "highspeed": null, "maxspeed": null, "name:de": null, "name:en": null, "name:zh": null, "name:zh-Hant": null, "start_date": null, "tunnel": null, "opening_date": null, "bridge:structure": null }, "geometry": { "type": "LineString", "coordinates": [ [ 72.9009065, 19.0817936 ], [ 72.9005139, 19.0815612 ], [ 72.8996358, 19.0809985 ], [ 72.8989562, 19.0805421 ], [ 72.8983852, 19.0801273 ], [ 72.8976299, 19.0795613 ], [ 72.8973694, 19.0793657 ], [ 72.8960416, 19.0783292 ], [ 72.8949703, 19.077481 ], [ 72.8924899, 19.0755649 ], [ 72.8847832, 19.0696112 ], [ 72.8838433, 19.0688402 ], [ 72.8831564, 19.0682547 ], [ 72.8828143, 19.067933 ], [ 72.8819747, 19.0671637 ], [ 72.8815592, 19.0668059 ], [ 72.8804353, 19.0659134 ], [ 72.8791914, 19.0649607 ] ] } },
{ "type": "Feature", "properties": { "electrified": null, "frequency": null, "gauge": null, "railway": "rail", "service": "siding", "voltage": null, "osm_id": 816845939, "osm_type": "way", "name": null, "oneway": null, "passenger_lines": null, "usage": null, "area": null, "bench": null, "bin": null, "check_date:shelter": null, "lit": null, "public_transport": null, "ref": null, "shelter": null, "train": null, "wheelchair": null, "addr:city": null, "building": null, "construction": null, "internet_access": null, "layer": null, "source": null, "wikidata": null, "wikipedia": null, "railway:signal:direction": null, "bridge": null, "check_date": null, "construction:electrified": null, "construction:frequency": null, "construction:railway": null, "construction:voltage": null, "highspeed": null, "maxspeed": null, "name:de": null, "name:en": null, "name:zh": null, "name:zh-Hant": null, "start_date": null, "tunnel": null, "opening_date": null, "bridge:structure": null }, "geometry": { "type": "LineString", "coordinates": [ [ 72.8918067, 19.0766463 ], [ 72.8913893, 19.0765577 ], [ 72.8913474, 19.0765498 ], [ 72.8909256, 19.0764249 ], [ 72.8907265, 19.0763375 ], [ 72.8906507, 19.0763001 ], [ 72.8901874, 19.0759857 ], [ 72.8894726, 19.0754382 ], [ 72.888678, 19.0748271 ], [ 72.8884931, 19.0746613 ], [ 72.8883319, 19.0744829 ], [ 72.8882447, 19.0743574 ], [ 72.8881385, 19.0741872 ], [ 72.8880654, 19.0740223 ], [ 72.8879687, 19.0737597 ], [ 72.8878824, 19.0735419 ], [ 72.8878436, 19.0733205 ] ] } },
{ "type": "Feature", "properties": { "electrified": null, "frequency": null, "gauge": "1676", "railway": "rail", "service": "yard", "voltage": null, "osm_id": 827666240, "osm_type": "way", "name": null, "oneway": null, "passenger_lines": null, "usage": null, "area": null, "bench": null, "bin": null, "check_date:shelter": null, "lit": null, "public_transport": null, "ref": null, "shelter": null, "train": null, "wheelchair": null, "addr:city": null, "building": null, "construction": null, "internet_access": null, "layer": null, "source": null, "wikidata": null, "wikipedia": null, "railway:signal:direction": null, "bridge": null, "check_date": null, "construction:electrified": null, "construction:frequency": null, "construction:railway": null, "construction:voltage": null, "highspeed": null, "maxspeed": null, "name:de": null, "name:en": null, "name:zh": null, "name:zh-Hant": null, "start_date": null, "tunnel": null, "opening_date": null, "bridge:structure": null }, "geometry": { "type": "LineString", "coordinates": [ [ 72.8940578, 19.0735249 ], [ 72.8938583, 19.073409 ], [ 72.8936139, 19.073305 ], [ 72.8932343, 19.0732011 ], [ 72.8927985, 19.073087 ], [ 72.8924941, 19.0729717 ], [ 72.892148, 19.0727803 ], [ 72.8918523, 19.0725315 ], [ 72.8900944, 19.0710069 ], [ 72.8896334, 19.0706071 ], [ 72.8892988, 19.0702752 ], [ 72.8890717, 19.0699728 ], [ 72.8885044, 19.0691571 ] ] } },
{ "type": "Feature", "properties": { "electrified": null, "frequency": null, "gauge": "1676", "railway": "rail", "service": "yard", "voltage": null, "osm_id": 835880586, "osm_type": "way", "name": null, "oneway": null, "passenger_lines": null, "usage": null, "area": null, "bench": null, "bin": null, "check_date:shelter": null, "lit": null, "public_transport": null, "ref": null, "shelter": null, "train": null, "wheelchair": null, "addr:city": null, "building": null, "construction": null, "internet_access": null, "layer": null, "source": null, "wikidata": null, "wikipedia": null, "railway:signal:direction": null, "bridge": null, "check_date": null, "construction:electrified": null, "construction:frequency": null, "construction:railway": null, "construction:voltage": null, "highspeed": null, "maxspeed": null, "name:de": null, "name:en": null, "name:zh": null, "name:zh-Hant": null, "start_date": null, "tunnel": null, "opening_date": null, "bridge:structure": null }, "geometry": { "type": "LineString", "coordinates": [ [ 72.8932343, 19.0732011 ], [ 72.8929232, 19.0730845 ], [ 72.8926912, 19.072997 ], [ 72.8924377, 19.0728817 ], [ 72.8921641, 19.0727283 ], [ 72.8918843, 19.0724986 ], [ 72.8901264, 19.0709739 ], [ 72.8896666, 19.0705752 ], [ 72.8893354, 19.0702467 ], [ 72.8891108, 19.0699476 ], [ 72.8885439, 19.0691326 ] ] } },
{ "type": "Feature", "properties": { "electrified": "contact_line", "frequency": "50", "gauge": "1676", "railway": "rail", "service": null, "voltage": "25000", "osm_id": 837482207, "osm_type": "way", "name": "Central Railway (Slow)", "oneway": null, "passenger_lines": "4", "usage": "main", "area": null, "bench": null, "bin": null, "check_date:shelter": null, "lit": null, "public_transport": null, "ref": null, "shelter": null, "train": null, "wheelchair": null, "addr:city": null, "building": null, "construction": null, "internet_access": null, "layer": null, "source": null, "wikidata": null, "wikipedia": null, "railway:signal:direction": "forward", "bridge": null, "check_date": null, "construction:electrified": null, "construction:frequency": null, "construction:railway": null, "construction:voltage": null, "highspeed": null, "maxspeed": null, "name:de": null, "name:en": null, "name:zh": null, "name:zh-Hant": null, "start_date": null, "tunnel": null, "opening_date": null, "bridge:structure": null }, "geometry": { "type": "LineString", "coordinates": [ [ 72.8790797, 19.0650734 ], [ 72.8782921, 19.0644894 ], [ 72.8772895, 19.0638446 ], [ 72.8769666, 19.0636218 ], [ 72.8765773, 19.0633537 ], [ 72.8763194, 19.063165 ], [ 72.8758494, 19.062813 ], [ 72.8751831, 19.06228 ], [ 72.8746329, 19.0618352 ], [ 72.8741352, 19.061393 ], [ 72.8736437, 19.0609181 ], [ 72.8731989, 19.0604514 ], [ 72.8726035, 19.0597874 ], [ 72.8720179, 19.0590584 ], [ 72.8715832, 19.0584748 ], [ 72.8687945, 19.0544564 ], [ 72.8667955, 19.0515887 ], [ 72.8654204, 19.0497442 ], [ 72.8646602, 19.0486205 ], [ 72.8638738, 19.0474971 ], [ 72.8632937, 19.0466683 ], [ 72.8628824, 19.0460757 ], [ 72.8614377, 19.0438541 ], [ 72.8592148, 19.0406431 ], [ 72.8565495, 19.0368429 ], [ 72.8551007, 19.0346588 ], [ 72.8541974, 19.0332858 ], [ 72.8530914, 19.0316739 ], [ 72.8523866, 19.0306522 ], [ 72.8510178, 19.0285875 ], [ 72.8502109, 19.0274245 ], [ 72.8496544, 19.0266222 ], [ 72.8484536, 19.0249706 ], [ 72.8477789, 19.0240439 ], [ 72.8455188, 19.0208024 ], [ 72.8451638, 19.0203324 ], [ 72.8443954, 19.0193901 ], [ 72.8436079, 19.0183826 ], [ 72.8428869, 19.0173566 ], [ 72.8423756, 19.0165452 ], [ 72.8417534, 19.0155309 ], [ 72.8414288, 19.015044 ], [ 72.8399821, 19.0130436 ], [ 72.8395365, 19.012371 ], [ 72.839404, 19.0121732 ], [ 72.8390301, 19.0116151 ], [ 72.8389169, 19.0114175 ] ] } },
{ "type": "Feature", "properties": { "electrified": null, "frequency": null, "gauge": null, "railway": "rail", "service": "yard", "voltage": null, "osm_id": 841669786, "osm_type": "way", "name": null, "oneway": null, "passenger_lines": null, "usage": null, "area": null, "bench": null, "bin": null, "check_date:shelter": null, "lit": null, "public_transport": null, "ref": null, "shelter": null, "train": null, "wheelchair": null, "addr:city": null, "building": null, "construction": null, "internet_access": null, "layer": null, "source": null, "wikidata": null, "wikipedia": null, "railway:signal:direction": null, "bridge": null, "check_date": null, "construction:electrified": null, "construction:frequency": null, "construction:railway": null, "construction:voltage": null, "highspeed": null, "maxspeed": null, "name:de": null, "name:en": null, "name:zh": null, "name:zh-Hant": null, "start_date": null, "tunnel": null, "opening_date": null, "bridge:structure": null }, "geometry": { "type": "LineString", "coordinates": [ [ 72.8887029, 19.0732259 ], [ 72.8891617, 19.07361 ], [ 72.8894596, 19.0738856 ], [ 72.8895032, 19.0739277 ] ] } },
{ "type": "Feature", "properties": { "electrified": null, "frequency": null, "gauge": null, "railway": "rail", "service": "yard", "voltage": null, "osm_id": 841669787, "osm_type": "way", "name": null, "oneway": null, "passenger_lines": null, "usage": null, "area": null, "bench": null, "bin": null, "check_date:shelter": null, "lit": null, "public_transport": null, "ref": null, "shelter": null, "train": null, "wheelchair": null, "addr:city": null, "building": null, "construction": null, "internet_access": null, "layer": null, "source": null, "wikidata": null, "wikipedia": null, "railway:signal:direction": null, "bridge": null, "check_date": null, "construction:electrified": null, "construction:frequency": null, "construction:railway": null, "construction:voltage": null, "highspeed": null, "maxspeed": null, "name:de": null, "name:en": null, "name:zh": null, "name:zh-Hant": null, "start_date": null, "tunnel": null, "opening_date": null, "bridge:structure": null }, "geometry": { "type": "LineString", "coordinates": [ [ 72.8903483, 19.0758679 ], [ 72.8888208, 19.0747069 ], [ 72.8887734, 19.0746644 ], [ 72.8886259, 19.0745322 ], [ 72.8884315, 19.0743404 ], [ 72.8882333, 19.074102 ], [ 72.8880063, 19.0737365 ] ] } },
{ "type": "Feature", "properties": { "electrified": null, "frequency": null, "gauge": null, "railway": "rail", "service": "yard", "voltage": null, "osm_id": 841669788, "osm_type": "way", "name": null, "oneway": null, "passenger_lines": null, "usage": null, "area": null, "bench": null, "bin": null, "check_date:shelter": null, "lit": null, "public_transport": null, "ref": null, "shelter": null, "train": null, "wheelchair": null, "addr:city": null, "building": null, "construction": null, "internet_access": null, "layer": null, "source": null, "wikidata": null, "wikipedia": null, "railway:signal:direction": null, "bridge": null, "check_date": null, "construction:electrified": null, "construction:frequency": null, "construction:railway": null, "construction:voltage": null, "highspeed": null, "maxspeed": null, "name:de": null, "name:en": null, "name:zh": null, "name:zh-Hant": null, "start_date": null, "tunnel": null, "opening_date": null, "bridge:structure": null }, "geometry": { "type": "LineString", "coordinates": [ [ 72.8882333, 19.074102 ], [ 72.8882817, 19.0741863 ], [ 72.888404, 19.0743476 ], [ 72.8885619, 19.0745358 ], [ 72.8887409, 19.0747013 ], [ 72.8887551, 19.0747145 ], [ 72.8903114, 19.0759027 ] ] } },
{ "type": "Feature", "properties": { "electrified": null, "frequency": null, "gauge": null, "railway": "rail", "service": "yard", "voltage": null, "osm_id": 841669789, "osm_type": "way", "name": null, "oneway": null, "passenger_lines": null, "usage": null, "area": null, "bench": null, "bin": null, "check_date:shelter": null, "lit": null, "public_transport": null, "ref": null, "shelter": null, "train": null, "wheelchair": null, "addr:city": null, "building": null, "construction": null, "internet_access": null, "layer": null, "source": null, "wikidata": null, "wikipedia": null, "railway:signal:direction": null, "bridge": null, "check_date": null, "construction:electrified": null, "construction:frequency": null, "construction:railway": null, "construction:voltage": null, "highspeed": null, "maxspeed": null, "name:de": null, "name:en": null, "name:zh": null, "name:zh-Hant": null, "start_date": null, "tunnel": null, "opening_date": null, "bridge:structure": null }, "geometry": { "type": "LineString", "coordinates": [ [ 72.8880748, 19.0739377 ], [ 72.888165, 19.0740563 ], [ 72.8882532, 19.0742051 ], [ 72.8883793, 19.0743897 ], [ 72.8885391, 19.0745827 ], [ 72.8887137, 19.0747321 ], [ 72.888739, 19.0747538 ], [ 72.8901753, 19.0758647 ] ] } },
{ "type": "Feature", "properties": { "electrified": null, "frequency": null, "gauge": null, "railway": "rail", "service": "yard", "voltage": null, "osm_id": 841669790, "osm_type": "way", "name": null, "oneway": null, "passenger_lines": null, "usage": null, "area": null, "bench": null, "bin": null, "check_date:shelter": null, "lit": null, "public_transport": null, "ref": null, "shelter": null, "train": null, "wheelchair": null, "addr:city": null, "building": null, "construction": null, "internet_access": null, "layer": null, "source": null, "wikidata": null, "wikipedia": null, "railway:signal:direction": null, "bridge": null, "check_date": null, "construction:electrified": null, "construction:frequency": null, "construction:railway": null, "construction:voltage": null, "highspeed": null, "maxspeed": null, "name:de": null, "name:en": null, "name:zh": null, "name:zh-Hant": null, "start_date": null, "tunnel": null, "opening_date": null, "bridge:structure": null }, "geometry": { "type": "LineString", "coordinates": [ [ 72.8891908, 19.0742685 ], [ 72.8891509, 19.074236 ], [ 72.8887634, 19.073921 ], [ 72.8885254, 19.0737355 ], [ 72.8884277, 19.0736521 ], [ 72.8882352, 19.0735069 ] ] } },
{ "type": "Feature", "properties": { "electrified": null, "frequency": null, "gauge": null, "railway": "rail", "service": "yard", "voltage": null, "osm_id": 841669791, "osm_type": "way", "name": null, "oneway": null, "passenger_lines": null, "usage": null, "area": null, "bench": null, "bin": null, "check_date:shelter": null, "lit": null, "public_transport": null, "ref": null, "shelter": null, "train": null, "wheelchair": null, "addr:city": null, "building": null, "construction": null, "internet_access": null, "layer": null, "source": null, "wikidata": null, "wikipedia": null, "railway:signal:direction": null, "bridge": null, "check_date": null, "construction:electrified": null, "construction:frequency": null, "construction:railway": null, "construction:voltage": null, "highspeed": null, "maxspeed": null, "name:de": null, "name:en": null, "name:zh": null, "name:zh-Hant": null, "start_date": null, "tunnel": null, "opening_date": null, "bridge:structure": null }, "geometry": { "type": "LineString", "coordinates": [ [ 72.8891559, 19.0743072 ], [ 72.889117, 19.0742745 ], [ 72.8887425, 19.0739604 ], [ 72.8884877, 19.0737495 ], [ 72.8883926, 19.073662 ], [ 72.8882352, 19.0735069 ], [ 72.8880546, 19.0733231 ] ] } },
{ "type": "Feature", "properties": { "electrified": null, "frequency": null, "gauge": null, "railway": "rail", "service": "yard", "voltage": null, "osm_id": 841669792, "osm_type": "way", "name": null, "oneway": null, "passenger_lines": null, "usage": null, "area": null, "bench": null, "bin": null, "check_date:shelter": null, "lit": null, "public_transport": null, "ref": null, "shelter": null, "train": null, "wheelchair": null, "addr:city": null, "building": null, "construction": null, "internet_access": null, "layer": null, "source": null, "wikidata": null, "wikipedia": null, "railway:signal:direction": null, "bridge": null, "check_date": null, "construction:electrified": null, "construction:frequency": null, "construction:railway": null, "construction:voltage": null, "highspeed": null, "maxspeed": null, "name:de": null, "name:en": null, "name:zh": null, "name:zh-Hant": null, "start_date": null, "tunnel": null, "opening_date": null, "bridge:structure": null }, "geometry": { "type": "LineString", "coordinates": [ [ 72.8891211, 19.0743459 ], [ 72.8890833, 19.0743126 ], [ 72.8889218, 19.0741701 ], [ 72.8887899, 19.0740464 ], [ 72.8887112, 19.0739649 ], [ 72.8884877, 19.0737495 ] ] } },
{ "type": "Feature", "properties": { "electrified": null, "frequency": null, "gauge": null, "railway": "rail", "service": "yard", "voltage": null, "osm_id": 841669793, "osm_type": "way", "name": null, "oneway": null, "passenger_lines": null, "usage": null, "area": null, "bench": null, "bin": null, "check_date:shelter": null, "lit": null, "public_transport": null, "ref": null, "shelter": null, "train": null, "wheelchair": null, "addr:city": null, "building": null, "construction": null, "internet_access": null, "layer": null, "source": null, "wikidata": null, "wikipedia": null, "railway:signal:direction": null, "bridge": null, "check_date": null, "construction:electrified": null, "construction:frequency": null, "construction:railway": null, "construction:voltage": null, "highspeed": null, "maxspeed": null, "name:de": null, "name:en": null, "name:zh": null, "name:zh-Hant": null, "start_date": null, "tunnel": null, "opening_date": null, "bridge:structure": null }, "geometry": { "type": "LineString", "coordinates": [ [ 72.8890862, 19.0743846 ], [ 72.8890482, 19.0743526 ], [ 72.8888307, 19.0741692 ], [ 72.8885614, 19.0739344 ], [ 72.8883329, 19.0737166 ] ] } },
{ "type": "Feature", "properties": { "electrified": null, "frequency": null, "gauge": null, "railway": "rail", "service": "yard", "voltage": null, "osm_id": 841669794, "osm_type": "way", "name": null, "oneway": null, "passenger_lines": null, "usage": null, "area": null, "bench": null, "bin": null, "check_date:shelter": null, "lit": null, "public_transport": null, "ref": null, "shelter": null, "train": null, "wheelchair": null, "addr:city": null, "building": null, "construction": null, "internet_access": null, "layer": null, "source": null, "wikidata": null, "wikipedia": null, "railway:signal:direction": null, "bridge": null, "check_date": null, "construction:electrified": null, "construction:frequency": null, "construction:railway": null, "construction:voltage": null, "highspeed": null, "maxspeed": null, "name:de": null, "name:en": null, "name:zh": null, "name:zh-Hant": null, "start_date": null, "tunnel": null, "opening_date": null, "bridge:structure": null }, "geometry": { "type": "LineString", "coordinates": [ [ 72.8890514, 19.0744234 ], [ 72.8890134, 19.074392 ], [ 72.8886999, 19.0741334 ], [ 72.8884874, 19.0739102 ], [ 72.8883329, 19.0737166 ], [ 72.8882077, 19.0735463 ], [ 72.8881005, 19.0733895 ], [ 72.8880546, 19.0733231 ], [ 72.8880019, 19.073247 ], [ 72.8878815, 19.0730731 ], [ 72.8877567, 19.0728345 ] ] } },
{ "type": "Feature", "properties": { "electrified": null, "frequency": null, "gauge": null, "railway": "rail", "service": "yard", "voltage": null, "osm_id": 841669795, "osm_type": "way", "name": null, "oneway": null, "passenger_lines": null, "usage": null, "area": null, "bench": null, "bin": null, "check_date:shelter": null, "lit": null, "public_transport": null, "ref": null, "shelter": null, "train": null, "wheelchair": null, "addr:city": null, "building": null, "construction": null, "internet_access": null, "layer": null, "source": null, "wikidata": null, "wikipedia": null, "railway:signal:direction": null, "bridge": null, "check_date": null, "construction:electrified": null, "construction:frequency": null, "construction:railway": null, "construction:voltage": null, "highspeed": null, "maxspeed": null, "name:de": null, "name:en": null, "name:zh": null, "name:zh-Hant": null, "start_date": null, "tunnel": null, "opening_date": null, "bridge:structure": null }, "geometry": { "type": "LineString", "coordinates": [ [ 72.8890165, 19.0744621 ], [ 72.8889789, 19.0744311 ], [ 72.8886913, 19.0741943 ], [ 72.8885178, 19.0740276 ], [ 72.8883575, 19.0738457 ], [ 72.888238, 19.0737095 ], [ 72.8881383, 19.0735947 ] ] } },
{ "type": "Feature", "properties": { "electrified": null, "frequency": null, "gauge": null, "railway": "rail", "service": "yard", "voltage": null, "osm_id": 841669796, "osm_type": "way", "name": null, "oneway": null, "passenger_lines": null, "usage": null, "area": null, "bench": null, "bin": null, "check_date:shelter": null, "lit": null, "public_transport": null, "ref": null, "shelter": null, "train": null, "wheelchair": null, "addr:city": null, "building": null, "construction": null, "internet_access": null, "layer": null, "source": null, "wikidata": null, "wikipedia": null, "railway:signal:direction": null, "bridge": null, "check_date": null, "construction:electrified": null, "construction:frequency": null, "construction:railway": null, "construction:voltage": null, "highspeed": null, "maxspeed": null, "name:de": null, "name:en": null, "name:zh": null, "name:zh-Hant": null, "start_date": null, "tunnel": null, "opening_date": null, "bridge:structure": null }, "geometry": { "type": "LineString", "coordinates": [ [ 72.8889817, 19.0745008 ], [ 72.8889468, 19.0744677 ], [ 72.8888479, 19.0743738 ], [ 72.8886667, 19.0742356 ], [ 72.8885595, 19.0741244 ], [ 72.8883784, 19.0739228 ] ] } },
{ "type": "Feature", "properties": { "electrified": null, "frequency": null, "gauge": null, "railway": "rail", "service": "yard", "voltage": null, "osm_id": 841669797, "osm_type": "way", "name": null, "oneway": null, "passenger_lines": null, "usage": null, "area": null, "bench": null, "bin": null, "check_date:shelter": null, "lit": null, "public_transport": null, "ref": null, "shelter": null, "train": null, "wheelchair": null, "addr:city": null, "building": null, "construction": null, "internet_access": null, "layer": null, "source": null, "wikidata": null, "wikipedia": null, "railway:signal:direction": null, "bridge": null, "check_date": null, "construction:electrified": null, "construction:frequency": null, "construction:railway": null, "construction:voltage": null, "highspeed": null, "maxspeed": null, "name:de": null, "name:en": null, "name:zh": null, "name:zh-Hant": null, "start_date": null, "tunnel": null, "opening_date": null, "bridge:structure": null }, "geometry": { "type": "LineString", "coordinates": [ [ 72.888912, 19.0745782 ], [ 72.8888765, 19.0745474 ], [ 72.8887378, 19.0744273 ], [ 72.888514, 19.0741943 ], [ 72.8883234, 19.0739416 ], [ 72.8881394, 19.0736933 ] ] } },
{ "type": "Feature", "properties": { "electrified": null, "frequency": null, "gauge": null, "railway": "rail", "service": "yard", "voltage": null, "osm_id": 841669798, "osm_type": "way", "name": null, "oneway": null, "passenger_lines": null, "usage": null, "area": null, "bench": null, "bin": null, "check_date:shelter": null, "lit": null, "public_transport": null, "ref": null, "shelter": null, "train": null, "wheelchair": null, "addr:city": null, "building": null, "construction": null, "internet_access": null, "layer": null, "source": null, "wikidata": null, "wikipedia": null, "railway:signal:direction": null, "bridge": null, "check_date": null, "construction:electrified": null, "construction:frequency": null, "construction:railway": null, "construction:voltage": null, "highspeed": null, "maxspeed": null, "name:de": null, "name:en": null, "name:zh": null, "name:zh-Hant": null, "start_date": null, "tunnel": null, "opening_date": null, "bridge:structure": null }, "geometry": { "type": "LineString", "coordinates": [ [ 72.8878971, 19.0731979 ], [ 72.8880778, 19.0735006 ], [ 72.8881383, 19.0735947 ], [ 72.8882105, 19.0737068 ], [ 72.8883784, 19.0739228 ], [ 72.888496, 19.0740984 ], [ 72.8886515, 19.0742741 ], [ 72.8887899, 19.0743978 ], [ 72.8889115, 19.0745076 ], [ 72.8889468, 19.0745395 ] ] } },
{ "type": "Feature", "properties": { "electrified": null, "frequency": null, "gauge": null, "railway": "rail", "service": "yard", "voltage": null, "osm_id": 841669799, "osm_type": "way", "name": null, "oneway": null, "passenger_lines": null, "usage": null, "area": null, "bench": null, "bin": null, "check_date:shelter": null, "lit": null, "public_transport": null, "ref": null, "shelter": null, "train": null, "wheelchair": null, "addr:city": null, "building": null, "construction": null, "internet_access": null, "layer": null, "source": null, "wikidata": null, "wikipedia": null, "railway:signal:direction": null, "bridge": null, "check_date": null, "construction:electrified": null, "construction:frequency": null, "construction:railway": null, "construction:voltage": null, "highspeed": null, "maxspeed": null, "name:de": null, "name:en": null, "name:zh": null, "name:zh-Hant": null, "start_date": null, "tunnel": null, "opening_date": null, "bridge:structure": null }, "geometry": { "type": "LineString", "coordinates": [ [ 72.8888771, 19.0746169 ], [ 72.8888415, 19.0745871 ], [ 72.888745, 19.074506 ], [ 72.8886354, 19.0744032 ], [ 72.8884827, 19.0742373 ], [ 72.8883442, 19.0740456 ], [ 72.8882143, 19.0738376 ], [ 72.8881394, 19.0736933 ], [ 72.8881157, 19.0736476 ], [ 72.8879893, 19.0734432 ], [ 72.8878971, 19.0731979 ], [ 72.8877567, 19.0728345 ], [ 72.8876785, 19.0726278 ], [ 72.8875917, 19.0723986 ] ] } },
{ "type": "Feature", "properties": { "electrified": "contact_line", "frequency": "50", "gauge": "1676", "railway": "rail", "service": "yard", "voltage": "25000", "osm_id": 911710172, "osm_type": "way", "name": null, "oneway": null, "passenger_lines": null, "usage": null, "area": null, "bench": null, "bin": null, "check_date:shelter": null, "lit": null, "public_transport": null, "ref": null, "shelter": null, "train": null, "wheelchair": null, "addr:city": null, "building": null, "construction": null, "internet_access": null, "layer": null, "source": null, "wikidata": null, "wikipedia": null, "railway:signal:direction": null, "bridge": null, "check_date": null, "construction:electrified": null, "construction:frequency": null, "construction:railway": null, "construction:voltage": null, "highspeed": null, "maxspeed": null, "name:de": null, "name:en": null, "name:zh": null, "name:zh-Hant": null, "start_date": null, "tunnel": null, "opening_date": null, "bridge:structure": null }, "geometry": { "type": "LineString", "coordinates": [ [ 72.8872932, 19.0719826 ], [ 72.8871475, 19.0718029 ], [ 72.886905, 19.0715948 ], [ 72.8861039, 19.0709523 ], [ 72.8858662, 19.0707531 ], [ 72.8851775, 19.0702412 ], [ 72.8846245, 19.0698375 ], [ 72.8835645, 19.0690296 ], [ 72.8833182, 19.0687971 ], [ 72.8830828, 19.0686213 ], [ 72.8829203, 19.0684862 ], [ 72.8827939, 19.0683555 ], [ 72.8826507, 19.068211 ] ] } },
{ "type": "Feature", "properties": { "electrified": "contact_line", "frequency": "50", "gauge": "1676", "railway": "rail", "service": null, "voltage": "25000", "osm_id": 915942605, "osm_type": "way", "name": "Central Railway (Harbour Line)", "oneway": "yes", "passenger_lines": "2", "usage": "main", "area": null, "bench": null, "bin": null, "check_date:shelter": null, "lit": null, "public_transport": null, "ref": null, "shelter": null, "train": null, "wheelchair": null, "addr:city": null, "building": null, "construction": null, "internet_access": null, "layer": null, "source": null, "wikidata": null, "wikipedia": null, "railway:signal:direction": null, "bridge": null, "check_date": null, "construction:electrified": null, "construction:frequency": null, "construction:railway": null, "construction:voltage": null, "highspeed": null, "maxspeed": null, "name:de": null, "name:en": null, "name:zh": null, "name:zh-Hant": null, "start_date": null, "tunnel": null, "opening_date": null, "bridge:structure": null }, "geometry": { "type": "LineString", "coordinates": [ [ 72.8885787, 19.0661805 ], [ 72.889, 19.0660762 ], [ 72.8904873, 19.0657151 ], [ 72.891533, 19.0654612 ], [ 72.8923995, 19.0652425 ], [ 72.895214, 19.0645533 ], [ 72.8966506, 19.064203 ], [ 72.898427, 19.0637619 ], [ 72.8991451, 19.0635574 ], [ 72.8995839, 19.06341 ], [ 72.9001006, 19.0631972 ], [ 72.9013796, 19.0626076 ], [ 72.9023733, 19.0621425 ], [ 72.9032898, 19.0617081 ], [ 72.9034823, 19.0616083 ], [ 72.9044817, 19.0611409 ], [ 72.9075602, 19.0597595 ] ] } },
{ "type": "Feature", "properties": { "electrified": "contact_line", "frequency": "50", "gauge": "1676", "railway": "rail", "service": null, "voltage": "25000", "osm_id": 915942606, "osm_type": "way", "name": "Central Railway (Harbour Line)", "oneway": "yes", "passenger_lines": "2", "usage": "main", "area": null, "bench": null, "bin": null, "check_date:shelter": null, "lit": null, "public_transport": null, "ref": null, "shelter": null, "train": null, "wheelchair": null, "addr:city": null, "building": null, "construction": null, "internet_access": null, "layer": "1", "source": null, "wikidata": null, "wikipedia": null, "railway:signal:direction": null, "bridge": "yes", "check_date": null, "construction:electrified": null, "construction:frequency": null, "construction:railway": null, "construction:voltage": null, "highspeed": null, "maxspeed": null, "name:de": null, "name:en": null, "name:zh": null, "name:zh-Hant": null, "start_date": null, "tunnel": null, "opening_date": null, "bridge:structure": null }, "geometry": { "type": "LineString", "coordinates": [ [ 72.8828865, 19.0672851 ], [ 72.8829464, 19.0673006 ] ] } },
{ "type": "Feature", "properties": { "electrified": null, "frequency": null, "gauge": "1435", "railway": "construction", "service": null, "voltage": null, "osm_id": 916108434, "osm_type": "way", "name": "Mumbai–Ahmedabad high-speed rail (under construction)", "oneway": null, "passenger_lines": "2", "usage": "main", "area": null, "bench": null, "bin": null, "check_date:shelter": null, "lit": null, "public_transport": null, "ref": null, "shelter": null, "train": null, "wheelchair": null, "addr:city": null, "building": null, "construction": "rail", "internet_access": null, "layer": "1", "source": null, "wikidata": null, "wikipedia": "en:Mumbai–Ahmedabad high-speed rail corridor", "railway:signal:direction": null, "bridge": null, "check_date": "2023-04-12", "construction:electrified": "contact_line", "construction:frequency": "50", "construction:railway": "rail", "construction:voltage": "25000", "highspeed": "yes", "maxspeed": "320", "name:de": "Schnellfahrstrecke Mumbai–Ahmedabad", "name:en": "Mumbai–Ahmedabad High-speed Rail", "name:zh": "孟买–艾哈迈达巴德高铁", "name:zh-Hant": "孟買–亞美達巴德高鐵", "start_date": "2027", "tunnel": "yes", "opening_date": null, "bridge:structure": null }, "geometry": { "type": "LineString", "coordinates": [ [ 73.0429386, 19.1391732 ], [ 73.0379272, 19.1323804 ], [ 73.0361704, 19.1302465 ], [ 73.0341754, 19.1280654 ], [ 73.0321965, 19.1261151 ], [ 73.0299756, 19.1241411 ], [ 73.0276472, 19.1222825 ], [ 73.0253725, 19.1206495 ], [ 73.0228549, 19.119029 ], [ 73.0204153, 19.1176276 ], [ 73.0173951, 19.1161015 ], [ 73.0142841, 19.1147503 ], [ 73.0110935, 19.1135787 ], [ 73.0076529, 19.1125387 ], [ 72.9758501, 19.104295 ], [ 72.9221627, 19.0903775 ], [ 72.8961887, 19.0836438 ], [ 72.8941785, 19.0831001 ], [ 72.8923686, 19.0825507 ], [ 72.8896924, 19.0816197 ], [ 72.8870686, 19.0805628 ], [ 72.8846726, 19.0794649 ], [ 72.8821684, 19.078172 ], [ 72.8794156, 19.0765664 ], [ 72.8792685, 19.0764714 ], [ 72.8788797, 19.0762201 ], [ 72.878834, 19.0761917 ], [ 72.8684641, 19.0698493 ], [ 72.8667096, 19.0687731 ], [ 72.8631009, 19.0665597 ] ] } },
{ "type": "Feature", "properties": { "electrified": null, "frequency": null, "gauge": "1435", "railway": "construction", "service": null, "voltage": null, "osm_id": 916108435, "osm_type": "way", "name": "Mumbai–Ahmedabad high-speed rail (under construction)", "oneway": null, "passenger_lines": "2", "usage": "main", "area": null, "bench": null, "bin": null, "check_date:shelter": null, "lit": null, "public_transport": null, "ref": null, "shelter": null, "train": null, "wheelchair": null, "addr:city": null, "building": null, "construction": "rail", "internet_access": null, "layer": "1", "source": "bing", "wikidata": null, "wikipedia": "en:Mumbai–Ahmedabad high-speed rail corridor", "railway:signal:direction": null, "bridge": null, "check_date": "2023-04-12", "construction:electrified": "contact_line", "construction:frequency": "50", "construction:railway": "rail", "construction:voltage": "25000", "highspeed": "yes", "maxspeed": "320", "name:de": "Schnellfahrstrecke Mumbai–Ahmedabad", "name:en": "Mumbai–Ahmedabad High-speed Rail", "name:zh": "孟买–艾哈迈达巴德高铁", "name:zh-Hant": "孟買–亞美達巴德高鐵", "start_date": "2027", "tunnel": "yes", "opening_date": null, "bridge:structure": null }, "geometry": { "type": "LineString", "coordinates": [ [ 72.8630741, 19.0665982 ], [ 72.8666822, 19.0688113 ], [ 72.8684247, 19.069879 ], [ 72.8790362, 19.0763633 ], [ 72.8793895, 19.0766053 ], [ 72.8821439, 19.0782119 ], [ 72.8846503, 19.0795058 ], [ 72.885967, 19.0801092 ], [ 72.8870484, 19.0806047 ], [ 72.8896745, 19.0816626 ], [ 72.8923527, 19.0825942 ], [ 72.8941643, 19.0831442 ], [ 72.8961755, 19.0836881 ], [ 72.9221547, 19.0904232 ], [ 73.0076391, 19.1125829 ], [ 73.0110772, 19.1136222 ], [ 73.0142651, 19.1147927 ], [ 73.0173734, 19.1161428 ], [ 73.0203911, 19.1176676 ], [ 73.0228285, 19.1190677 ], [ 73.025344, 19.1206869 ], [ 73.0276167, 19.1223184 ], [ 73.0299432, 19.1241755 ], [ 73.0321622, 19.1261478 ], [ 73.0341394, 19.1280964 ], [ 73.0361327, 19.1302757 ], [ 73.0378879, 19.1324076 ], [ 73.0428983, 19.1391991 ] ] } },
{ "type": "Feature", "properties": { "electrified": null, "frequency": null, "gauge": null, "railway": "rail", "service": "yard", "voltage": null, "osm_id": 917618758, "osm_type": "way", "name": null, "oneway": null, "passenger_lines": null, "usage": null, "area": null, "bench": null, "bin": null, "check_date:shelter": null, "lit": null, "public_transport": null, "ref": null, "shelter": null, "train": null, "wheelchair": null, "addr:city": null, "building": null, "construction": null, "internet_access": null, "layer": null, "source": null, "wikidata": null, "wikipedia": null, "railway:signal:direction": null, "bridge": null, "check_date": null, "construction:electrified": null, "construction:frequency": null, "construction:railway": null, "construction:voltage": null, "highspeed": null, "maxspeed": null, "name:de": null, "name:en": null, "name:zh": null, "name:zh-Hant": null, "start_date": null, "tunnel": null, "opening_date": null, "bridge:structure": null }, "geometry": { "type": "LineString", "coordinates": [ [ 72.8888447, 19.0746465 ], [ 72.8888076, 19.0746256 ], [ 72.8886591, 19.0745008 ], [ 72.8884713, 19.0743082 ], [ 72.8882883, 19.0740536 ], [ 72.8881423, 19.0737928 ], [ 72.8880484, 19.0735947 ], [ 72.8879893, 19.0734432 ] ] } },
{ "type": "Feature", "properties": { "electrified": "contact_line", "frequency": "50", "gauge": "1435", "railway": "construction", "service": null, "voltage": "25000", "osm_id": 990567493, "osm_type": "way", "name": "Dahisar (W) to Mandale Metro (Line-2)", "oneway": null, "passenger_lines": null, "usage": "main", "area": null, "bench": null, "bin": null, "check_date:shelter": null, "lit": null, "public_transport": null, "ref": null, "shelter": null, "train": null, "wheelchair": null, "addr:city": null, "building": null, "construction": "subway", "internet_access": null, "layer": "2", "source": null, "wikidata": null, "wikipedia": null, "railway:signal:direction": null, "bridge": "viaduct", "check_date": null, "construction:electrified": null, "construction:frequency": null, "construction:railway": "subway", "construction:voltage": null, "highspeed": null, "maxspeed": null, "name:de": null, "name:en": null, "name:zh": null, "name:zh-Hant": null, "start_date": null, "tunnel": null, "opening_date": "2027-12", "bridge:structure": null }, "geometry": { "type": "LineString", "coordinates": [ [ 72.8919136, 19.0541203 ], [ 72.8898215, 19.0540627 ], [ 72.8895714, 19.0540921 ], [ 72.8893031, 19.0542079 ], [ 72.8890803, 19.0543985 ], [ 72.8886955, 19.0549359 ], [ 72.8883311, 19.0555236 ], [ 72.8878253, 19.0562024 ], [ 72.8875185, 19.056617 ], [ 72.8870599, 19.0572366 ], [ 72.8861305, 19.0584759 ], [ 72.8857113, 19.0591228 ], [ 72.8847455, 19.0604714 ], [ 72.8843537, 19.0609817 ], [ 72.8842434, 19.0610982 ], [ 72.883841, 19.0615559 ], [ 72.8837842, 19.0616195 ], [ 72.8836201, 19.0618382 ], [ 72.8835883, 19.0619749 ], [ 72.8836247, 19.0620933 ], [ 72.8837432, 19.0622209 ], [ 72.8839573, 19.0623621 ], [ 72.8841536, 19.0625265 ], [ 72.8847136, 19.0629954 ], [ 72.8848151, 19.0630764 ], [ 72.8855245, 19.0636424 ], [ 72.8861806, 19.0642438 ], [ 72.8866089, 19.0647632 ], [ 72.886946, 19.0653919 ], [ 72.8871283, 19.065729 ], [ 72.8873561, 19.0661026 ], [ 72.8880941, 19.0669045 ], [ 72.8883037, 19.0671414 ], [ 72.8883766, 19.067433 ], [ 72.8882764, 19.0677337 ], [ 72.8881761, 19.0679433 ], [ 72.8879666, 19.0682166 ], [ 72.8870827, 19.0692918 ], [ 72.8859255, 19.0706951 ], [ 72.8850871, 19.071817 ], [ 72.8839284, 19.0728868 ], [ 72.883611, 19.073128 ], [ 72.883119, 19.0734105 ], [ 72.8824903, 19.073538 ], [ 72.8818631, 19.0735763 ], [ 72.8814983, 19.0736244 ], [ 72.8812194, 19.0737284 ], [ 72.880919, 19.0738703 ], [ 72.8800804, 19.0743615 ], [ 72.8791851, 19.0747888 ], [ 72.8784514, 19.0751345 ], [ 72.8774073, 19.0758037 ], [ 72.8768354, 19.0761636 ], [ 72.876602, 19.0762854 ], [ 72.8762316, 19.0763667 ], [ 72.8759354, 19.0763875 ], [ 72.8756919, 19.0763606 ], [ 72.8746466, 19.0759883 ], [ 72.8732547, 19.0753545 ], [ 72.872265, 19.0748432 ], [ 72.8720784, 19.0746992 ], [ 72.8718719, 19.0744737 ], [ 72.8716439, 19.073921 ], [ 72.8715929, 19.0737512 ], [ 72.8714991, 19.0733076 ], [ 72.8714991, 19.0730363 ], [ 72.871558, 19.0727905 ], [ 72.8717163, 19.0721009 ], [ 72.8717271, 19.0718449 ], [ 72.871652, 19.0715153 ], [ 72.8715313, 19.0712314 ], [ 72.8713703, 19.0709957 ], [ 72.8706291, 19.0704862 ], [ 72.8697389, 19.0699272 ], [ 72.867091, 19.0682713 ], [ 72.8631637, 19.0658202 ], [ 72.8605485, 19.0641618 ], [ 72.8600383, 19.0636424 ], [ 72.8597011, 19.0629954 ], [ 72.859577, 19.0624907 ], [ 72.8591761, 19.0611743 ], [ 72.8589205, 19.0609521 ], [ 72.8586223, 19.0608205 ], [ 72.857692, 19.0606407 ], [ 72.8565534, 19.0604029 ], [ 72.8559073, 19.0600895 ], [ 72.85544, 19.0598107 ], [ 72.8549803, 19.0594036 ], [ 72.8523509, 19.057058 ], [ 72.8515627, 19.0563721 ], [ 72.8514895, 19.0563015 ], [ 72.8513428, 19.056157 ], [ 72.8512473, 19.0560311 ], [ 72.8511712, 19.0559291 ], [ 72.8511064, 19.0558285 ], [ 72.8509884, 19.0556973 ], [ 72.850852, 19.0555595 ], [ 72.8502076, 19.0549262 ], [ 72.8493908, 19.0540112 ], [ 72.84884, 19.0534037 ], [ 72.8484368, 19.0530998 ], [ 72.848026, 19.0528851 ], [ 72.8477425, 19.0528019 ], [ 72.8475164, 19.0527763 ], [ 72.847083, 19.0527453 ] ] } },
{ "type": "Feature", "properties": { "electrified": "contact_line", "frequency": "50", "gauge": "1435", "railway": "construction", "service": null, "voltage": "25000", "osm_id": 990567494, "osm_type": "way", "name": "Dahisar (W) to Mandale Metro (Line-2)", "oneway": null, "passenger_lines": null, "usage": "main", "area": null, "bench": null, "bin": null, "check_date:shelter": null, "lit": null, "public_transport": null, "ref": null, "shelter": null, "train": null, "wheelchair": null, "addr:city": null, "building": null, "construction": "subway", "internet_access": null, "layer": "2", "source": null, "wikidata": null, "wikipedia": null, "railway:signal:direction": null, "bridge": "viaduct", "check_date": null, "construction:electrified": null, "construction:frequency": null, "construction:railway": "subway", "construction:voltage": null, "highspeed": null, "maxspeed": null, "name:de": null, "name:en": null, "name:zh": null, "name:zh-Hant": null, "start_date": null, "tunnel": null, "opening_date": "2027-12", "bridge:structure": null }, "geometry": { "type": "LineString", "coordinates": [ [ 72.8469454, 19.0527748 ], [ 72.8478338, 19.0528708 ], [ 72.8482144, 19.0530247 ], [ 72.8488017, 19.0534345 ], [ 72.849352, 19.0540414 ], [ 72.8501719, 19.0549597 ], [ 72.850818, 19.0555945 ], [ 72.8509524, 19.0557305 ], [ 72.8510691, 19.0558603 ], [ 72.851133, 19.0559601 ], [ 72.8512091, 19.0560621 ], [ 72.8513062, 19.0561895 ], [ 72.8514552, 19.0563363 ], [ 72.8515284, 19.0564069 ], [ 72.8523162, 19.0570924 ], [ 72.8544156, 19.0589679 ], [ 72.8549482, 19.0594406 ], [ 72.8554003, 19.059851 ], [ 72.8555392, 19.0599298 ], [ 72.8559134, 19.0601514 ], [ 72.8565435, 19.0604422 ], [ 72.8573759, 19.0606231 ], [ 72.8579442, 19.0607302 ], [ 72.8586018, 19.0608694 ], [ 72.8588833, 19.0609801 ], [ 72.8590743, 19.0612363 ], [ 72.8596534, 19.0630115 ], [ 72.8599964, 19.0636696 ], [ 72.8605156, 19.0641982 ], [ 72.8631358, 19.0658598 ], [ 72.8670634, 19.0683111 ], [ 72.8697095, 19.069961 ], [ 72.8705944, 19.0705119 ], [ 72.8713301, 19.0710159 ], [ 72.8715018, 19.0712593 ], [ 72.8716091, 19.071528 ], [ 72.8716708, 19.0718576 ], [ 72.8716519, 19.0721009 ], [ 72.871499, 19.0727828 ], [ 72.8714454, 19.0730262 ], [ 72.8714481, 19.073305 ], [ 72.8715527, 19.0737715 ], [ 72.8716063, 19.0739869 ], [ 72.8718343, 19.0745197 ], [ 72.8722399, 19.0748847 ], [ 72.8732325, 19.0753863 ], [ 72.8746252, 19.07602 ], [ 72.8756839, 19.0763978 ], [ 72.8759247, 19.076423 ], [ 72.8762365, 19.0764011 ], [ 72.8766157, 19.076324 ], [ 72.8768544, 19.0762079 ], [ 72.8774352, 19.0758433 ], [ 72.8784766, 19.0751757 ], [ 72.8792095, 19.0748304 ], [ 72.8801083, 19.0744011 ], [ 72.8809453, 19.073911 ], [ 72.8812399, 19.0737718 ], [ 72.8815112, 19.0736707 ], [ 72.8818682, 19.0736236 ], [ 72.8824972, 19.0735852 ], [ 72.8831379, 19.0734553 ], [ 72.8836399, 19.073167 ], [ 72.8839618, 19.0729224 ], [ 72.8851255, 19.071848 ], [ 72.8859659, 19.0707234 ], [ 72.8871224, 19.069321 ], [ 72.8880068, 19.0682451 ], [ 72.8882198, 19.0679673 ], [ 72.8883235, 19.0677507 ], [ 72.8884287, 19.0674348 ], [ 72.8883499, 19.0671195 ], [ 72.8881324, 19.0668737 ], [ 72.8873972, 19.0660749 ], [ 72.8871725, 19.0657063 ], [ 72.8869908, 19.0653703 ], [ 72.8866516, 19.0647376 ], [ 72.8862181, 19.064212 ], [ 72.8855583, 19.0636071 ], [ 72.8847465, 19.0629594 ], [ 72.8841858, 19.0624899 ], [ 72.8839885, 19.0623247 ], [ 72.883777, 19.0621852 ], [ 72.8836699, 19.0620699 ], [ 72.8836402, 19.0619733 ], [ 72.883667, 19.0618578 ], [ 72.883824, 19.0616486 ], [ 72.8838797, 19.0615862 ], [ 72.8842909, 19.0611214 ], [ 72.8843933, 19.061011 ], [ 72.8847867, 19.0604987 ], [ 72.8857536, 19.0591485 ], [ 72.8861725, 19.0585021 ], [ 72.887101, 19.057264 ], [ 72.8878665, 19.0562297 ], [ 72.8883734, 19.0555493 ], [ 72.8887381, 19.0549611 ], [ 72.8891193, 19.0544289 ], [ 72.8893356, 19.0542494 ], [ 72.8895892, 19.0541386 ], [ 72.8898248, 19.0541091 ], [ 72.8919141, 19.0541653 ] ] } },
{ "type": "Feature", "properties": { "electrified": null, "frequency": null, "gauge": "1676", "railway": "rail", "service": "yard", "voltage": null, "osm_id": 1126374798, "osm_type": "way", "name": null, "oneway": null, "passenger_lines": null, "usage": null, "area": null, "bench": null, "bin": null, "check_date:shelter": null, "lit": null, "public_transport": null, "ref": null, "shelter": null, "train": null, "wheelchair": null, "addr:city": null, "building": null, "construction": null, "internet_access": null, "layer": null, "source": null, "wikidata": null, "wikipedia": null, "railway:signal:direction": null, "bridge": null, "check_date": null, "construction:electrified": null, "construction:frequency": null, "construction:railway": null, "construction:voltage": null, "highspeed": null, "maxspeed": null, "name:de": null, "name:en": null, "name:zh": null, "name:zh-Hant": null, "start_date": null, "tunnel": null, "opening_date": null, "bridge:structure": null }, "geometry": { "type": "LineString", "coordinates": [ [ 72.8950254, 19.0744521 ], [ 72.8947833, 19.0741302 ], [ 72.8946029, 19.0739293 ], [ 72.8944788, 19.0738136 ], [ 72.8942593, 19.0736438 ], [ 72.8940578, 19.0735249 ], [ 72.8938692, 19.0733947 ], [ 72.8935368, 19.073203 ], [ 72.893294, 19.0730915 ], [ 72.8928193, 19.0729039 ], [ 72.8925484, 19.0727974 ], [ 72.8922406, 19.0726478 ], [ 72.8919455, 19.0724355 ], [ 72.8901875, 19.0709108 ], [ 72.88973, 19.070514 ], [ 72.8894055, 19.0701921 ], [ 72.8891855, 19.0698993 ], [ 72.8886196, 19.0690855 ] ] } },
{ "type": "Feature", "properties": { "electrified": null, "frequency": null, "gauge": "1676", "railway": "rail", "service": "yard", "voltage": null, "osm_id": 1126374805, "osm_type": "way", "name": null, "oneway": null, "passenger_lines": null, "usage": null, "area": null, "bench": null, "bin": null, "check_date:shelter": null, "lit": null, "public_transport": null, "ref": null, "shelter": null, "train": null, "wheelchair": null, "addr:city": null, "building": null, "construction": null, "internet_access": null, "layer": null, "source": null, "wikidata": null, "wikipedia": null, "railway:signal:direction": null, "bridge": null, "check_date": null, "construction:electrified": null, "construction:frequency": null, "construction:railway": null, "construction:voltage": null, "highspeed": null, "maxspeed": null, "name:de": null, "name:en": null, "name:zh": null, "name:zh-Hant": null, "start_date": null, "tunnel": null, "opening_date": null, "bridge:structure": null }, "geometry": { "type": "LineString", "coordinates": [ [ 72.893294, 19.0730915 ], [ 72.8930412, 19.0730224 ], [ 72.8927006, 19.0729324 ], [ 72.8923412, 19.072774 ], [ 72.8921615, 19.0726599 ], [ 72.8919616, 19.0725039 ], [ 72.8901592, 19.07094 ], [ 72.8897008, 19.0705422 ], [ 72.8893732, 19.0702172 ], [ 72.8891511, 19.0699216 ], [ 72.8885847, 19.0691072 ] ] } },
{ "type": "Feature", "properties": { "electrified": null, "frequency": null, "gauge": null, "railway": "rail", "service": "crossover", "voltage": null, "osm_id": 1131291626, "osm_type": "way", "name": null, "oneway": null, "passenger_lines": null, "usage": null, "area": null, "bench": null, "bin": null, "check_date:shelter": null, "lit": null, "public_transport": null, "ref": null, "shelter": null, "train": null, "wheelchair": null, "addr:city": null, "building": null, "construction": null, "internet_access": null, "layer": null, "source": null, "wikidata": null, "wikipedia": null, "railway:signal:direction": null, "bridge": null, "check_date": null, "construction:electrified": null, "construction:frequency": null, "construction:railway": null, "construction:voltage": null, "highspeed": null, "maxspeed": null, "name:de": null, "name:en": null, "name:zh": null, "name:zh-Hant": null, "start_date": null, "tunnel": null, "opening_date": null, "bridge:structure": null }, "geometry": { "type": "LineString", "coordinates": [ [ 72.8872513, 19.0709612 ], [ 72.8868025, 19.0706767 ] ] } },
{ "type": "Feature", "properties": { "electrified": "contact_line", "frequency": "50", "gauge": "1676", "railway": "rail", "service": null, "voltage": "25000", "osm_id": 1152890619, "osm_type": "way", "name": "Central Railway (Harbour Line)", "oneway": "yes", "passenger_lines": "2", "usage": "main", "area": null, "bench": null, "bin": null, "check_date:shelter": null, "lit": null, "public_transport": null, "ref": null, "shelter": null, "train": null, "wheelchair": null, "addr:city": null, "building": null, "construction": null, "internet_access": null, "layer": null, "source": null, "wikidata": null, "wikipedia": null, "railway:signal:direction": null, "bridge": null, "check_date": null, "construction:electrified": null, "construction:frequency": null, "construction:railway": null, "construction:voltage": null, "highspeed": null, "maxspeed": null, "name:de": null, "name:en": null, "name:zh": null, "name:zh-Hant": null, "start_date": null, "tunnel": null, "opening_date": null, "bridge:structure": null }, "geometry": { "type": "LineString", "coordinates": [ [ 72.8827406, 19.0672435 ], [ 72.8828585, 19.0672778 ], [ 72.8828865, 19.0672851 ] ] } },
{ "type": "Feature", "properties": { "electrified": "contact_line", "frequency": "50", "gauge": "1676", "railway": "rail", "service": null, "voltage": "25000", "osm_id": 1152890621, "osm_type": "way", "name": "Central Railway (Harbour Line)", "oneway": "yes", "passenger_lines": "2", "usage": "main", "area": null, "bench": null, "bin": null, "check_date:shelter": null, "lit": null, "public_transport": null, "ref": null, "shelter": null, "train": null, "wheelchair": null, "addr:city": null, "building": null, "construction": null, "internet_access": null, "layer": null, "source": null, "wikidata": null, "wikipedia": null, "railway:signal:direction": null, "bridge": null, "check_date": null, "construction:electrified": null, "construction:frequency": null, "construction:railway": null, "construction:voltage": null, "highspeed": null, "maxspeed": null, "name:de": null, "name:en": null, "name:zh": null, "name:zh-Hant": null, "start_date": null, "tunnel": null, "opening_date": null, "bridge:structure": null }, "geometry": { "type": "LineString", "coordinates": [ [ 72.8827111, 19.0671813 ], [ 72.8825446, 19.0671097 ], [ 72.8822499, 19.06696 ], [ 72.8819561, 19.0667784 ], [ 72.8812306, 19.0662986 ], [ 72.8807948, 19.0659824 ], [ 72.8804586, 19.0657153 ] ] } },
{ "type": "Feature", "properties": { "electrified": "contact_line", "frequency": "50", "gauge": "1676", "railway": "rail", "service": null, "voltage": "25000", "osm_id": 1153117118, "osm_type": "way", "name": "Central Railway (Harbour Line)", "oneway": "yes", "passenger_lines": "2", "usage": "main", "area": null, "bench": null, "bin": null, "check_date:shelter": null, "lit": null, "public_transport": null, "ref": null, "shelter": null, "train": null, "wheelchair": null, "addr:city": null, "building": null, "construction": null, "internet_access": null, "layer": null, "source": null, "wikidata": null, "wikipedia": null, "railway:signal:direction": null, "bridge": null, "check_date": null, "construction:electrified": null, "construction:frequency": null, "construction:railway": null, "construction:voltage": null, "highspeed": null, "maxspeed": null, "name:de": null, "name:en": null, "name:zh": null, "name:zh-Hant": null, "start_date": null, "tunnel": null, "opening_date": null, "bridge:structure": null }, "geometry": { "type": "LineString", "coordinates": [ [ 72.8829046, 19.0672392 ], [ 72.8828715, 19.0672308 ], [ 72.8827111, 19.0671813 ] ] } },
{ "type": "Feature", "properties": { "electrified": "contact_line", "frequency": "50", "gauge": "1676", "railway": "rail", "service": null, "voltage": "25000", "osm_id": 1153117119, "osm_type": "way", "name": "Central Railway (Harbour Line)", "oneway": "yes", "passenger_lines": "2", "usage": "main", "area": null, "bench": null, "bin": null, "check_date:shelter": null, "lit": null, "public_transport": null, "ref": null, "shelter": null, "train": null, "wheelchair": null, "addr:city": null, "building": null, "construction": null, "internet_access": null, "layer": "1", "source": null, "wikidata": null, "wikipedia": null, "railway:signal:direction": null, "bridge": "yes", "check_date": null, "construction:electrified": null, "construction:frequency": null, "construction:railway": null, "construction:voltage": null, "highspeed": null, "maxspeed": null, "name:de": null, "name:en": null, "name:zh": null, "name:zh-Hant": null, "start_date": null, "tunnel": null, "opening_date": null, "bridge:structure": null }, "geometry": { "type": "LineString", "coordinates": [ [ 72.8829646, 19.0672543 ], [ 72.8829046, 19.0672392 ] ] } },
{ "type": "Feature", "properties": { "electrified": "contact_line", "frequency": "50", "gauge": "1676", "railway": "rail", "service": null, "voltage": "25000", "osm_id": 1153117120, "osm_type": "way", "name": "Central Railway (Harbour Line)", "oneway": "yes", "passenger_lines": "2", "usage": "main", "area": null, "bench": null, "bin": null, "check_date:shelter": null, "lit": null, "public_transport": null, "ref": null, "shelter": null, "train": null, "wheelchair": null, "addr:city": null, "building": null, "construction": null, "internet_access": null, "layer": null, "source": null, "wikidata": null, "wikipedia": null, "railway:signal:direction": null, "bridge": null, "check_date": null, "construction:electrified": null, "construction:frequency": null, "construction:railway": null, "construction:voltage": null, "highspeed": null, "maxspeed": null, "name:de": null, "name:en": null, "name:zh": null, "name:zh-Hant": null, "start_date": null, "tunnel": null, "opening_date": null, "bridge:structure": null }, "geometry": { "type": "LineString", "coordinates": [ [ 72.8884677, 19.0661596 ], [ 72.8849132, 19.0670444 ], [ 72.8840642, 19.0672456 ], [ 72.8838445, 19.0672901 ], [ 72.8835804, 19.0673173 ], [ 72.8833319, 19.0673223 ], [ 72.8830965, 19.0672876 ], [ 72.8829646, 19.0672543 ] ] } },
{ "type": "Feature", "properties": { "electrified": "contact_line", "frequency": "50", "gauge": "1676", "railway": "rail", "service": null, "voltage": "25000", "osm_id": 1153117121, "osm_type": "way", "name": "Central Railway (Harbour Line)", "oneway": "yes", "passenger_lines": "2", "usage": "main", "area": null, "bench": null, "bin": null, "check_date:shelter": null, "lit": null, "public_transport": null, "ref": null, "shelter": null, "train": null, "wheelchair": null, "addr:city": null, "building": null, "construction": null, "internet_access": null, "layer": "1", "source": null, "wikidata": null, "wikipedia": null, "railway:signal:direction": null, "bridge": "yes", "check_date": null, "construction:electrified": null, "construction:frequency": null, "construction:railway": null, "construction:voltage": null, "highspeed": null, "maxspeed": null, "name:de": null, "name:en": null, "name:zh": null, "name:zh-Hant": null, "start_date": null, "tunnel": null, "opening_date": null, "bridge:structure": "beam" }, "geometry": { "type": "LineString", "coordinates": [ [ 72.8885727, 19.0661346 ], [ 72.8884677, 19.0661596 ] ] } },
{ "type": "Feature", "properties": { "electrified": "contact_line", "frequency": "50", "gauge": "1676", "railway": "rail", "service": null, "voltage": "25000", "osm_id": 1209258132, "osm_type": "way", "name": "Central Railways Slow Line", "oneway": "yes", "passenger_lines": "6", "usage": "main", "area": null, "bench": null, "bin": null, "check_date:shelter": null, "lit": null, "public_transport": null, "ref": null, "shelter": null, "train": null, "wheelchair": null, "addr:city": null, "building": null, "construction": null, "internet_access": null, "layer": null, "source": null, "wikidata": null, "wikipedia": null, "railway:signal:direction": null, "bridge": null, "check_date": null, "construction:electrified": null, "construction:frequency": null, "construction:railway": null, "construction:voltage": null, "highspeed": null, "maxspeed": null, "name:de": null, "name:en": null, "name:zh": null, "name:zh-Hant": null, "start_date": null, "tunnel": null, "opening_date": null, "bridge:structure": null }, "geometry": { "type": "LineString", "coordinates": [ [ 72.9801352, 19.1875986 ], [ 72.9798709, 19.1875082 ], [ 72.9797138, 19.1874507 ], [ 72.9794453, 19.1873616 ], [ 72.9787237, 19.1870576 ], [ 72.9782385, 19.1868596 ], [ 72.9775831, 19.1866561 ], [ 72.9759502, 19.1861975 ], [ 72.9748663, 19.1859118 ], [ 72.9746787, 19.1858652 ], [ 72.9739262, 19.1856785 ], [ 72.9738223, 19.1856496 ], [ 72.9733529, 19.1855259 ], [ 72.9716426, 19.1849806 ], [ 72.971171, 19.1848004 ], [ 72.9703822, 19.1844644 ], [ 72.969767, 19.1841769 ], [ 72.9694015, 19.1839722 ], [ 72.9685891, 19.1834459 ], [ 72.9679718, 19.1830127 ], [ 72.96729, 19.1824803 ], [ 72.9669503, 19.1821758 ], [ 72.966617, 19.181858 ], [ 72.9654263, 19.1806977 ], [ 72.9599756, 19.1753451 ], [ 72.9595236, 19.1749002 ], [ 72.9588115, 19.1742113 ], [ 72.958368, 19.1738821 ], [ 72.9578174, 19.1733252 ], [ 72.9575835, 19.1731091 ], [ 72.9569688, 19.1724905 ], [ 72.9561697, 19.1717198 ], [ 72.9557931, 19.1712956 ], [ 72.9546048, 19.1699061 ], [ 72.9536722, 19.1687556 ], [ 72.9531325, 19.1680057 ], [ 72.9525865, 19.1672092 ], [ 72.9521405, 19.1665008 ], [ 72.9514229, 19.1652749 ], [ 72.9510643, 19.1646338 ], [ 72.9509981, 19.1645031 ], [ 72.9506569, 19.1638286 ], [ 72.9503418, 19.1631511 ], [ 72.9499935, 19.1623574 ], [ 72.9496835, 19.1615788 ], [ 72.9494924, 19.1610408 ], [ 72.9489255, 19.1593362 ], [ 72.9486775, 19.1586661 ], [ 72.9482247, 19.1575627 ], [ 72.9480457, 19.1571662 ], [ 72.9478039, 19.1566831 ], [ 72.9475417, 19.1561125 ], [ 72.9474221, 19.1558706 ], [ 72.9470787, 19.1552043 ], [ 72.9467413, 19.1546134 ], [ 72.9460702, 19.1535489 ], [ 72.9454148, 19.1525666 ], [ 72.9447708, 19.1517124 ], [ 72.9442256, 19.1510037 ], [ 72.9430473, 19.1495551 ], [ 72.9426968, 19.1491026 ], [ 72.940234, 19.145916 ], [ 72.9397164, 19.1452522 ], [ 72.9391184, 19.1445136 ], [ 72.9390736, 19.1444611 ], [ 72.9388138, 19.1441384 ], [ 72.9385579, 19.1438122 ], [ 72.9379283, 19.1429554 ], [ 72.9368971, 19.1416075 ], [ 72.9367803, 19.1414614 ], [ 72.9364986, 19.1410759 ], [ 72.9360069, 19.1403975 ], [ 72.9355897, 19.1398427 ], [ 72.9308229, 19.1336873 ], [ 72.9305245, 19.1332905 ], [ 72.9302604, 19.1329246 ], [ 72.9298235, 19.1322904 ], [ 72.9294883, 19.1317059 ], [ 72.9291687, 19.1310921 ], [ 72.9289604, 19.1306815 ], [ 72.9287927, 19.1302943 ], [ 72.9286623, 19.1299338 ], [ 72.9285087, 19.1295293 ], [ 72.9283542, 19.1290662 ], [ 72.9282208, 19.1285976 ], [ 72.9280807, 19.1280697 ], [ 72.9279776, 19.1275719 ], [ 72.9278796, 19.1270345 ], [ 72.9278276, 19.1266776 ], [ 72.9277629, 19.1259743 ], [ 72.9277285, 19.1254102 ], [ 72.9277179, 19.1248392 ], [ 72.927963, 19.1190724 ], [ 72.9281043, 19.1157045 ], [ 72.9281431, 19.1145812 ], [ 72.928212, 19.1131058 ], [ 72.928205, 19.112525 ], [ 72.9281555, 19.1117773 ], [ 72.928053, 19.1106941 ], [ 72.9279736, 19.1101884 ], [ 72.9278146, 19.109197 ], [ 72.9273659, 19.1073627 ], [ 72.9269208, 19.1059607 ], [ 72.9263609, 19.1045903 ], [ 72.9259102, 19.103631 ], [ 72.9249748, 19.1020033 ], [ 72.9244112, 19.1011837 ], [ 72.923794, 19.1003939 ], [ 72.9229583, 19.0994526 ], [ 72.9189201, 19.0952583 ], [ 72.9146331, 19.090812 ], [ 72.9135645, 19.0897746 ], [ 72.9124958, 19.0887954 ], [ 72.9115709, 19.0880489 ], [ 72.9105165, 19.0872614 ], [ 72.9100208, 19.0869284 ], [ 72.9093917, 19.086545 ], [ 72.9079856, 19.0856782 ], [ 72.9062135, 19.0845857 ], [ 72.9054824, 19.0841732 ], [ 72.9048094, 19.0838518 ], [ 72.9036861, 19.0833417 ], [ 72.9031276, 19.0830801 ], [ 72.9023619, 19.0826973 ], [ 72.9019237, 19.0824626 ], [ 72.9014693, 19.0822177 ], [ 72.9004876, 19.0816608 ], [ 72.8993783, 19.08095 ], [ 72.8988825, 19.0806117 ], [ 72.8973128, 19.0794239 ], [ 72.8959897, 19.078396 ], [ 72.8949113, 19.0775479 ], [ 72.8847157, 19.0697172 ] ] } },
{ "type": "Feature", "properties": { "electrified": "contact_line", "frequency": "50", "gauge": "1676", "railway": "rail", "service": null, "voltage": "25000", "osm_id": 1209258142, "osm_type": "way", "name": "Central Railways Fast Line", "oneway": "yes", "passenger_lines": "6", "usage": "main", "area": null, "bench": null, "bin": null, "check_date:shelter": null, "lit": null, "public_transport": null, "ref": null, "shelter": null, "train": null, "wheelchair": null, "addr:city": null, "building": null, "construction": null, "internet_access": null, "layer": null, "source": null, "wikidata": null, "wikipedia": null, "railway:signal:direction": null, "bridge": null, "check_date": null, "construction:electrified": null, "construction:frequency": null, "construction:railway": null, "construction:voltage": null, "highspeed": null, "maxspeed": null, "name:de": null, "name:en": null, "name:zh": null, "name:zh-Hant": null, "start_date": null, "tunnel": null, "opening_date": null, "bridge:structure": null }, "geometry": { "type": "LineString", "coordinates": [ [ 72.8668771, 19.0515978 ], [ 72.8688416, 19.0544393 ], [ 72.8716166, 19.0584482 ], [ 72.8720646, 19.0590526 ], [ 72.8726281, 19.0597606 ], [ 72.8732273, 19.0604098 ], [ 72.8736815, 19.0608913 ], [ 72.874168, 19.0613608 ], [ 72.8746739, 19.0618173 ], [ 72.8752063, 19.0622511 ], [ 72.8758817, 19.0627874 ], [ 72.8763572, 19.0631356 ], [ 72.8767705, 19.0634354 ], [ 72.8771694, 19.0637098 ], [ 72.8777912, 19.0641049 ], [ 72.8783194, 19.0644557 ], [ 72.8791094, 19.065041 ], [ 72.8808989, 19.066444 ], [ 72.8814864, 19.0669024 ], [ 72.8819053, 19.0672402 ], [ 72.8823014, 19.0675673 ], [ 72.8831074, 19.0683119 ], [ 72.8838129, 19.0688861 ], [ 72.8847604, 19.0696413 ], [ 72.8949465, 19.077508 ], [ 72.8960109, 19.0783604 ], [ 72.8973416, 19.0793943 ], [ 72.8989179, 19.0805727 ], [ 72.8994037, 19.0809104 ], [ 72.9005128, 19.0816262 ], [ 72.9015008, 19.0821775 ], [ 72.9019396, 19.0824193 ], [ 72.9023667, 19.0826495 ], [ 72.9031213, 19.0830248 ], [ 72.903694, 19.0833013 ], [ 72.9048337, 19.0838081 ], [ 72.9056476, 19.084187 ], [ 72.9062575, 19.0845003 ], [ 72.9071855, 19.0850342 ], [ 72.9080613, 19.0855813 ], [ 72.9094565, 19.086453 ], [ 72.9105553, 19.0872292 ], [ 72.9116049, 19.0880305 ], [ 72.9125259, 19.0887669 ], [ 72.9136141, 19.089744 ], [ 72.9146674, 19.0907844 ], [ 72.9189554, 19.0952287 ], [ 72.9229923, 19.0994228 ], [ 72.9238281, 19.1003664 ], [ 72.9244476, 19.1011607 ], [ 72.9250113, 19.101978 ], [ 72.9259442, 19.1036103 ], [ 72.9264103, 19.1045686 ], [ 72.9269579, 19.1059473 ], [ 72.9274066, 19.1073493 ], [ 72.9278711, 19.1091836 ], [ 72.9280707, 19.11013 ], [ 72.9281714, 19.1106707 ], [ 72.9282893, 19.1117613 ], [ 72.9283357, 19.1125217 ], [ 72.9283304, 19.1131259 ], [ 72.928242, 19.1145762 ], [ 72.9281602, 19.1157062 ], [ 72.9281184, 19.1166908 ], [ 72.9280001, 19.1190741 ], [ 72.9277559, 19.1248356 ], [ 72.9277739, 19.1254037 ], [ 72.9278042, 19.1259704 ], [ 72.9278741, 19.1266809 ], [ 72.9279267, 19.1270272 ], [ 72.9280271, 19.1275615 ], [ 72.9281317, 19.1280476 ], [ 72.9282681, 19.1285712 ], [ 72.9283953, 19.1290556 ], [ 72.9285517, 19.1295116 ], [ 72.9287063, 19.1299392 ], [ 72.928831, 19.1302771 ], [ 72.9290129, 19.1306676 ], [ 72.9292177, 19.1310799 ], [ 72.9295322, 19.1316912 ], [ 72.9298673, 19.1322636 ], [ 72.9302975, 19.1328997 ], [ 72.9305611, 19.1332656 ], [ 72.9308554, 19.1336657 ], [ 72.9365673, 19.1410261 ], [ 72.938018, 19.1428831 ], [ 72.938581, 19.1435987 ], [ 72.9387177, 19.1438438 ], [ 72.9388633, 19.1440557 ], [ 72.9397548, 19.1452234 ], [ 72.9402722, 19.1458884 ], [ 72.9427351, 19.1490749 ], [ 72.9431227, 19.1495012 ] ] } },
{ "type": "Feature", "properties": { "electrified": "contact_line", "frequency": "50", "gauge": "1676", "railway": "rail", "service": null, "voltage": "25000", "osm_id": 1317052381, "osm_type": "way", "name": "Central Railway (Harbour Line)", "oneway": "yes", "passenger_lines": "2", "usage": "main", "area": null, "bench": null, "bin": null, "check_date:shelter": null, "lit": null, "public_transport": null, "ref": null, "shelter": null, "train": null, "wheelchair": null, "addr:city": null, "building": null, "construction": null, "internet_access": null, "layer": "1", "source": null, "wikidata": null, "wikipedia": null, "railway:signal:direction": null, "bridge": "yes", "check_date": null, "construction:electrified": null, "construction:frequency": null, "construction:railway": null, "construction:voltage": null, "highspeed": null, "maxspeed": null, "name:de": null, "name:en": null, "name:zh": null, "name:zh-Hant": null, "start_date": null, "tunnel": null, "opening_date": null, "bridge:structure": "beam" }, "geometry": { "type": "LineString", "coordinates": [ [ 72.8884722, 19.0662069 ], [ 72.8885787, 19.0661805 ] ] } },
{ "type": "Feature", "properties": { "electrified": "contact_line", "frequency": "50", "gauge": "1676", "railway": "rail", "service": null, "voltage": "25000", "osm_id": 1317052382, "osm_type": "way", "name": "Central Railway (Harbour Line)", "oneway": "yes", "passenger_lines": "2", "usage": "main", "area": null, "bench": null, "bin": null, "check_date:shelter": null, "lit": null, "public_transport": null, "ref": null, "shelter": null, "train": null, "wheelchair": null, "addr:city": null, "building": null, "construction": null, "internet_access": null, "layer": null, "source": null, "wikidata": null, "wikipedia": null, "railway:signal:direction": null, "bridge": null, "check_date": null, "construction:electrified": null, "construction:frequency": null, "construction:railway": null, "construction:voltage": null, "highspeed": null, "maxspeed": null, "name:de": null, "name:en": null, "name:zh": null, "name:zh-Hant": null, "start_date": null, "tunnel": null, "opening_date": null, "bridge:structure": null }, "geometry": { "type": "LineString", "coordinates": [ [ 72.8829464, 19.0673006 ], [ 72.8830965, 19.0673396 ], [ 72.8833423, 19.0673692 ], [ 72.8835987, 19.0673717 ], [ 72.8838576, 19.067347 ], [ 72.8840747, 19.0672951 ], [ 72.8849395, 19.0670814 ], [ 72.8884722, 19.0662069 ] ] } },
{ "type": "Feature", "properties": { "electrified": null, "frequency": null, "gauge": null, "railway": "construction", "service": "siding", "voltage": null, "osm_id": 1322610142, "osm_type": "way", "name": null, "oneway": null, "passenger_lines": null, "usage": null, "area": null, "bench": null, "bin": null, "check_date:shelter": null, "lit": null, "public_transport": null, "ref": null, "shelter": null, "train": null, "wheelchair": null, "addr:city": null, "building": null, "construction": "rail", "internet_access": null, "layer": null, "source": null, "wikidata": null, "wikipedia": null, "railway:signal:direction": null, "bridge": null, "check_date": null, "construction:electrified": "contact_line", "construction:frequency": "50", "construction:railway": "rail", "construction:voltage": "25000", "highspeed": "yes", "maxspeed": null, "name:de": null, "name:en": null, "name:zh": null, "name:zh-Hant": null, "start_date": null, "tunnel": "yes", "opening_date": null, "bridge:structure": null }, "geometry": { "type": "LineString", "coordinates": [ [ 72.8684247, 19.069879 ], [ 72.8676247, 19.0695025 ], [ 72.8629885, 19.0667267 ] ] } },
{ "type": "Feature", "properties": { "electrified": null, "frequency": null, "gauge": null, "railway": "construction", "service": "siding", "voltage": null, "osm_id": 1322610146, "osm_type": "way", "name": null, "oneway": null, "passenger_lines": null, "usage": null, "area": null, "bench": null, "bin": null, "check_date:shelter": null, "lit": null, "public_transport": null, "ref": null, "shelter": null, "train": null, "wheelchair": null, "addr:city": null, "building": null, "construction": "rail", "internet_access": null, "layer": null, "source": null, "wikidata": null, "wikipedia": null, "railway:signal:direction": null, "bridge": null, "check_date": null, "construction:electrified": "contact_line", "construction:frequency": "50", "construction:railway": "rail", "construction:voltage": "25000", "highspeed": "yes", "maxspeed": null, "name:de": null, "name:en": null, "name:zh": null, "name:zh-Hant": null, "start_date": null, "tunnel": "yes", "opening_date": null, "bridge:structure": null }, "geometry": { "type": "LineString", "coordinates": [ [ 72.8631914, 19.0664256 ], [ 72.8677632, 19.0693089 ], [ 72.8684641, 19.0698493 ] ] } }
]
}
